run_id,timestamp,generation,duration_sec,training_mode,speed_multiplier,collectors_total,collectors_real,collectors_injected,collectors_alive,hunters_total,hunters_alive,batteries_collected,batteries_collected_real,kills,best_collector_fitness,avg_collector_fitness,best_hunter_fitness,avg_hunter_fitness,avg_fit_battery,avg_fit_proximity,avg_fit_survival,avg_fit_hunter_penalty,avg_fit_escape,avg_fit_approach,avg_fit_death,avg_fit_idle,collector_sees_hunter_frames,collector_danger_frames,collector_escape_events,collector_approach_events,collector_neutral_events,escape_ratio,approach_ratio,avg_nearest_hunter_dist
20260510_155730,2026-05-10 15:57:38,0,7.7581,1,500,50,50,0,3,10,10,153,153,29,2911.544365,-5412.127936,1873.252482,1473.462006,306.000000,49.471781,543.145619,-6.403531,192.085619,-409.757805,-5800.000000,-94.584000,2402,13405,6135,7126,0,0.462635,0.537365,138.098803
20260510_155730,2026-05-10 15:57:42,1,3.6403,1,500,51,50,1,2,10,10,134,132,18,3206.520688,-3158.852427,2089.515366,1494.631947,264.000000,54.243428,562.119341,-4.891758,165.089341,-334.911437,-3600.000000,-99.412000,3121,11241,4958,6147,0,0.446466,0.553534,139.510520
20260510_155730,2026-05-10 15:57:46,2,4.1892,1,500,52,50,2,1,10,10,211,204,22,2335.613323,-3661.886461,1863.147376,1496.141983,408.000000,62.450491,677.336775,-6.021999,237.646775,-496.315728,-4200.000000,-107.336000,3754,15072,7278,7579,0,0.489870,0.510130,141.377377
20260510_155730,2026-05-10 15:57:50,3,3.7659,1,500,53,50,3,1,10,10,195,194,26,2907.598744,-4295.947404,2857.570797,1547.801458,388.000000,55.007780,556.208224,-3.899049,169.078224,-404.976358,-4800.000000,-86.288000,2296,10150,4325,5674,0,0.432543,0.567457,148.891581
20260510_155730,2026-05-10 15:57:53,4,3.1563,1,500,54,50,4,0,10,10,92,87,27,1880.146460,-4591.540894,2855.263039,1687.076505,174.000000,40.268143,461.296199,-4.194991,150.066199,-390.310245,-4800.000000,-72.600000,1684,9834,4159,5553,0,0.428233,0.571767,140.602274
20260510_155730,2026-05-10 15:57:57,5,3.5881,1,500,55,50,5,0,10,10,126,117,30,817.394358,-5353.501775,3237.310923,1710.203801,234.000000,45.603489,485.901420,-5.028327,170.121420,-415.298357,-5600.000000,-98.680000,2844,12648,5640,6858,0,0.451272,0.548728,141.592289
20260510_155730,2026-05-10 15:58:00,6,3.7534,1,500,55,50,5,1,10,10,122,116,29,2989.802646,-4526.598952,2668.530179,1760.628027,232.000000,47.340882,648.598681,-5.601956,289.298681,-559.240559,-4800.000000,-89.696000,3855,13170,5982,6971,0,0.461824,0.538176,137.639189
20260510_155730,2026-05-10 15:58:04,7,3.7780,1,500,55,50,5,1,10,10,157,141,29,3111.433302,-4831.744007,2460.567219,1795.414231,282.000000,49.829951,574.742962,-4.831523,219.232962,-455.661397,-5200.000000,-77.824000,3138,10420,4744,5515,0,0.462423,0.537577,131.266169
20260510_155730,2026-05-10 15:58:08,8,3.4242,1,500,55,50,5,1,10,10,136,125,28,3529.715679,-4484.622364,2476.900202,1790.018970,250.000000,45.319778,515.887926,-4.655896,198.397926,-425.122172,-4800.000000,-66.052000,2672,10601,4701,5750,0,0.449813,0.550187,131.946772
20260510_155730,2026-05-10 15:58:11,9,3.5760,1,500,55,50,5,0,10,10,167,123,34,2058.356907,-5996.202237,3061.006897,1926.165207,246.000000,43.540432,581.020809,-5.708300,264.320809,-586.615177,-6200.000000,-74.440000,3062,13128,5646,7251,0,0.437776,0.562224,135.918123
20260510_155730,2026-05-10 15:58:15,10,3.1783,1,500,55,50,5,0,10,10,105,89,29,2154.695094,-4790.972064,2659.534190,1836.817100,178.000000,39.763715,445.558581,-4.312457,174.038581,-390.637903,-5000.000000,-59.344000,2597,9720,4409,5163,0,0.460614,0.539386,132.647664
20260510_155730,2026-05-10 15:58:18,11,3.2563,1,500,55,50,5,0,10,10,148,131,33,2211.066889,-5315.952028,2886.928153,1872.704031,262.000000,46.241430,522.881958,-4.992259,206.581958,-468.811156,-5600.000000,-73.272000,2581,10014,4383,5476,0,0.444568,0.555432,129.007097
20260510_155730,2026-05-10 15:58:21,12,3.4327,1,500,55,50,5,1,10,10,181,165,35,2419.491030,-5813.248867,3280.584048,1954.149620,330.000000,48.757578,498.830874,-3.673716,152.070874,-407.571602,-6200.000000,-79.592000,2405,8335,3459,4720,0,0.422912,0.577088,132.142555
20260510_155730,2026-05-10 15:58:25,13,3.1797,1,500,55,50,5,0,10,10,123,109,35,862.417331,-5957.258695,2266.305902,1955.880126,218.000000,38.700117,455.393192,-3.843402,186.003192,-399.044602,-6200.000000,-66.464000,2259,8215,3690,4378,0,0.457362,0.542638,133.956110
20260510_155730,2026-05-10 15:58:28,14,3.3391,1,500,55,50,5,0,10,10,123,113,33,1577.919443,-5759.686621,2867.504993,1905.778657,226.000000,40.334274,452.859690,-4.273317,161.579690,-400.287268,-6000.000000,-74.320000,2363,9914,4025,5746,0,0.411933,0.588067,136.040446
20260510_155730,2026-05-10 15:58:31,15,3.4568,1,500,55,50,5,2,10,10,131,115,27,3043.054908,-4696.669863,2435.504566,1739.048877,230.000000,42.550491,464.225830,-3.685113,151.195830,-355.621071,-5000.000000,-74.140000,2363,8247,3693,4398,0,0.456433,0.543567,133.389543
20260510_155730,2026-05-10 15:58:35,16,3.4638,1,500,55,50,5,1,10,10,158,127,31,2434.673126,-5301.669912,2478.076381,1767.673572,254.000000,44.821827,519.868202,-5.688449,207.738202,-440.983492,-5600.000000,-73.688000,3432,12224,5589,6488,0,0.462780,0.537220,128.430752
20260510_155730,2026-05-10 15:58:38,17,3.3645,1,500,55,50,5,0,10,10,119,113,38,2313.336877,-6617.958766,3686.521029,2006.870084,226.000000,43.053887,527.409319,-5.426464,222.029319,-532.247508,-6800.000000,-76.748000,3201,12022,5230,6614,0,0.441574,0.558426,133.321908
20260510_155730,2026-05-10 15:58:42,18,3.2901,1,500,55,50,5,0,10,10,73,52,26,1297.713561,-4246.859864,2464.442909,1716.645196,104.000000,37.365767,404.606968,-3.810064,128.046968,-310.742535,-4400.000000,-78.280000,1884,8167,3593,4460,0,0.446169,0.553831,132.538591
20260510_155730,2026-05-10 15:58:45,19,3.3912,1,500,55,50,5,0,10,10,110,94,30,971.930372,-4984.790745,2271.249529,1814.819307,188.000000,42.019287,478.974446,-4.525935,184.814446,-420.102543,-5200.000000,-69.156000,2744,10143,4426,5560,0,0.443221,0.556779,132.492763
20260510_155730,2026-05-10 15:58:49,20,3.4402,1,500,55,50,5,0,10,10,81,55,23,1006.311874,-3598.400232,2667.176349,1636.657670,110.000000,43.409842,477.664919,-4.383337,186.184919,-361.447656,-3800.000000,-63.644000,2172,10310,4768,5395,0,0.469153,0.530847,138.972167
20260510_155730,2026-05-10 15:58:53,21,3.8479,1,500,55,50,5,1,10,10,179,151,34,3632.386642,-6004.074821,2874.059936,1941.294921,302.000000,55.601498,605.914232,-5.684246,232.944232,-524.422305,-6400.000000,-37.484000,3078,11661,5255,6240,0,0.457155,0.542845,130.613313
20260510_155730,2026-05-10 15:58:56,22,3.6460,1,500,55,50,5,0,10,10,103,76,21,2497.339774,-3744.479767,2071.574673,1685.995740,152.000000,48.578618,543.919715,-5.193085,215.949715,-435.557015,-4000.000000,-48.228000,3612,11850,5496,6175,0,0.470911,0.529089,135.093017
20260510_155730,2026-05-10 15:59:00,23,3.3542,1,500,55,50,5,0,10,10,94,84,27,1159.877535,-4295.621116,2668.645008,1739.213840,168.000000,44.323740,484.847168,-4.168215,172.907168,-354.083808,-4600.000000,-34.540000,2527,9268,4391,4738,0,0.480995,0.519005,135.986305
20260510_155730,2026-05-10 15:59:03,24,2.8981,1,500,55,50,5,0,10,10,142,124,42,725.011453,-7172.994514,2866.985318,1973.947875,248.000000,34.291879,438.979864,-5.484630,200.209864,-468.225627,-7400.000000,-20.556000,3503,12267,5244,6866,0,0.433031,0.566969,137.246613
20260510_155730,2026-05-10 15:59:44,25,41.1982,0,1,55,50,5,1,10,10,135,93,22,1593.427820,-3595.610945,2623.296417,1580.746865,186.000000,49.036748,428.631611,-2.487163,81.081611,-214.940141,-4000.000000,-41.852000,1838,6235,2599,3534,0,0.423773,0.576227,137.243832
20260510_160855,2026-05-10 16:09:37,0,41.6425,0,1,50,50,0,0,10,10,162,162,24,1297.531563,-4767.846141,2842.145208,1443.086858,324.000000,48.915900,341.900000,-8.779254,173.984041,-764.434828,-4800.000000,-83.432000,3031,8980,3976,4860,0,0.449977,0.550023,132.958067
20260510_160855,2026-05-10 16:09:46,1,8.8404,1,500,50,50,0,1,10,10,120,120,23,1858.556579,-4633.238783,2248.402838,1424.560382,240.000000,50.485765,351.520000,-10.466734,212.774726,-785.748541,-4600.000000,-91.804000,3801,12967,6289,6466,0,0.493062,0.506938,142.508436
20260510_160855,2026-05-10 16:09:50,2,4.6065,1,500,50,50,0,1,10,10,137,137,20,2173.794507,-3869.349952,2078.192537,1541.238890,274.000000,55.002538,372.130000,-6.913788,146.289219,-616.365921,-4000.000000,-93.492000,3118,7813,3544,4137,19,0.460260,0.537273,137.891528
20260510_160855,2026-05-10 16:09:55,3,4.8246,1,500,50,50,0,0,10,10,122,122,16,1242.695544,-3266.471241,1746.914490,1420.337947,244.000000,54.697087,372.490000,-13.112055,265.789246,-912.783518,-3200.000000,-77.552000,4434,13859,6956,6743,0,0.507774,0.492226,134.688905
20260510_160855,2026-05-10 16:09:59,4,4.0057,1,500,50,50,0,0,10,10,118,118,29,1242.119902,-5880.526482,2468.716006,1635.606839,236.000000,42.232497,286.790000,-10.151379,170.437524,-753.063125,-5800.000000,-52.772000,3938,10054,4466,5437,18,0.450156,0.548029,129.022528
20260510_160855,2026-05-10 16:10:04,5,4.4058,1,500,50,50,0,0,10,10,153,153,27,1620.837708,-5346.289046,2583.394245,1662.107412,306.000000,46.541945,328.040000,-7.275205,156.675679,-733.331465,-5400.000000,-42.940000,2843,8206,3507,4565,0,0.434465,0.565535,136.334481
20260510_160855,2026-05-10 16:10:08,6,4.4451,1,500,50,50,0,2,10,10,124,124,29,2816.240346,-5715.511586,3136.787238,1595.800971,248.000000,50.054867,346.960000,-8.934120,125.180097,-626.964431,-5800.000000,-49.808000,2965,9244,3923,5205,0,0.429777,0.570223,129.540931
20260510_160855,2026-05-10 16:10:14,7,5.1455,1,500,50,50,0,1,10,10,157,157,23,1695.396120,-4620.099650,2012.916631,1429.759563,314.000000,59.566285,417.950000,-13.189596,232.838972,-952.925310,-4600.000000,-78.340000,5322,13730,6160,7416,0,0.453742,0.546258,133.080535
20260510_160855,2026-05-10 16:10:18,8,4.7860,1,500,50,50,0,2,10,10,182,182,26,3602.534143,-5105.871203,2467.707687,1554.584484,364.000000,52.700461,372.990000,-10.213647,182.671783,-804.407801,-5200.000000,-63.612000,3409,10850,4768,5930,6,0.445441,0.553999,135.114714
20260510_160855,2026-05-10 16:10:24,9,5.2390,1,500,50,50,0,1,10,10,230,230,31,2818.495413,-6012.533561,2363.044023,1710.365102,460.000000,58.351281,421.450000,-8.805591,200.163661,-871.028912,-6200.000000,-72.664000,3998,10335,4379,5784,0,0.430877,0.569123,141.475628
20260510_160855,2026-05-10 16:10:29,10,5.3174,1,500,50,50,0,5,10,10,293,293,19,3102.174103,-3435.165957,1882.461905,1451.616498,586.000000,62.645015,438.880000,-9.923006,256.235763,-884.143729,-3800.000000,-84.860000,4786,12096,5778,6123,2,0.485424,0.514408,141.989851
20260510_160855,2026-05-10 16:10:34,11,4.7336,1,500,50,50,0,1,10,10,245,245,30,1779.938927,-5864.860705,2026.635625,1745.717218,490.000000,51.655693,376.780000,-10.839883,264.240060,-986.752576,-6000.000000,-49.944000,3898,12138,5371,6585,1,0.449193,0.550723,136.391210
20260510_160855,2026-05-10 16:10:40,12,5.5432,1,500,50,50,0,5,10,10,341,341,25,5098.227320,-4477.894141,2261.275780,1636.886448,682.000000,64.125620,458.960000,-8.841857,202.187259,-789.753164,-5000.000000,-86.572000,4339,10123,4450,5497,10,0.446922,0.552074,138.457520
20260510_160855,2026-05-10 16:10:46,13,6.2273,1,500,50,50,0,6,10,10,373,373,17,3472.655172,-2507.612270,1806.679216,1508.102768,746.000000,75.880368,556.360000,-5.339520,128.498427,-507.615545,-3400.000000,-101.396000,3189,5858,2541,3203,0,0.442375,0.557625,134.962864
20260510_160855,2026-05-10 16:10:51,14,5.1437,1,500,50,50,0,3,10,10,282,282,33,3263.029760,-6391.894574,2188.141222,1837.507400,564.000000,56.709798,412.050000,-9.202281,211.155127,-970.435218,-6600.000000,-56.172000,3906,9852,4217,5443,4,0.436362,0.563224,134.779738
20260510_160855,2026-05-10 16:10:57,15,5.6552,1,500,50,50,0,3,10,10,285,285,29,2886.971846,-5626.142873,3284.407993,1668.443417,570.000000,64.758299,475.080000,-14.123259,311.214205,-1151.760117,-5800.000000,-81.312000,4918,15538,7150,8174,0,0.466588,0.533412,138.320159
20260510_160855,2026-05-10 16:11:03,16,5.9642,1,500,50,50,0,4,10,10,333,333,26,4673.797638,-4848.663084,2398.346858,1599.368484,666.000000,68.159304,483.830000,-12.459079,266.097200,-1056.654508,-5200.000000,-63.636000,4508,13682,6178,7327,1,0.457426,0.542500,134.323541
20260510_160855,2026-05-10 16:11:08,17,5.1361,1,500,50,50,0,0,10,10,217,217,22,2225.820720,-4129.340570,2114.433969,1572.464425,434.000000,53.136140,386.550000,-8.135954,203.408105,-738.702861,-4400.000000,-59.596000,3333,10218,4761,5289,0,0.473731,0.526269,145.132739
20260510_160855,2026-05-10 16:11:14,18,5.5315,1,500,50,50,0,1,10,10,302,302,23,2825.980542,-4279.331562,2070.244257,1594.037659,604.000000,64.265133,450.970000,-12.229299,261.569499,-976.630895,-4600.000000,-71.276000,4855,12821,5975,6707,1,0.471103,0.528818,133.681304
20260510_160855,2026-05-10 16:11:19,19,5.7265,1,500,50,50,0,5,10,10,327,327,21,3035.039640,-3725.808442,2675.438791,1592.785912,654.000000,65.086135,491.630000,-11.551631,254.224983,-938.753929,-4200.000000,-40.444000,4241,12391,5408,6802,0,0.442916,0.557084,137.209131
20260510_160855,2026-05-10 16:11:25,20,5.3757,1,500,50,50,0,4,10,10,286,286,27,4017.305894,-5186.384687,2222.120271,1665.692333,572.000000,60.045117,433.360000,-11.326341,287.983602,-1101.171065,-5400.000000,-27.276000,4843,13698,6262,7221,0,0.464437,0.535563,139.049326
20260510_160855,2026-05-10 16:11:31,21,5.9598,1,500,50,50,0,4,10,10,237,237,15,2557.699072,-2495.400012,1669.799126,1411.282756,474.000000,66.131001,505.520000,-6.023236,176.126346,-681.878123,-3000.000000,-29.276000,3001,7125,3099,3881,0,0.443983,0.556017,142.801607
20260510_160855,2026-05-10 16:11:37,22,5.6867,1,500,50,50,0,2,10,10,268,268,24,2733.019175,-4468.128099,2076.105407,1719.411381,536.000000,65.268753,467.740000,-9.707409,215.851067,-912.724510,-4800.000000,-30.556000,3842,10874,4852,5847,0,0.453500,0.546500,137.568476
20260510_160855,2026-05-10 16:11:42,23,5.1642,1,500,50,50,0,1,10,10,189,189,21,2885.894143,-3991.324088,2071.694120,1676.996768,378.000000,54.615153,412.390000,-7.623662,215.224580,-808.090160,-4200.000000,-35.840000,3790,9428,4140,5103,0,0.447907,0.552093,142.779823
20260510_160855,2026-05-10 16:11:47,24,4.7126,1,500,50,50,0,0,10,10,151,151,29,1147.061363,-5779.122883,2483.336454,1845.760356,302.000000,49.045097,364.440000,-8.973842,238.533461,-892.971598,-5800.000000,-31.196000,3953,10230,4557,5480,6,0.453749,0.545654,138.844244
20260510_160855,2026-05-10 16:11:51,25,4.1900,1,500,50,50,0,1,10,10,116,116,36,3539.783382,-7320.410563,3265.975000,1983.172810,232.000000,40.461554,291.590000,-7.311408,144.769714,-788.292423,-7200.000000,-33.628000,3275,8028,3134,4752,0,0.397413,0.602587,135.578154
20260510_160855,2026-05-10 16:11:56,26,4.7226,1,500,50,50,0,2,10,10,182,182,23,2241.244442,-4387.427721,2073.222935,1685.485649,364.000000,48.058628,348.520000,-7.294079,181.749240,-677.133511,-4600.000000,-45.328000,3420,8126,3498,4492,0,0.437797,0.562203,137.524243
20260510_160855,2026-05-10 16:12:00,27,4.4996,1,500,50,50,0,1,10,10,158,158,28,2419.717906,-5522.795774,3069.184632,1812.648820,316.000000,47.437488,338.120000,-7.492451,167.422021,-728.950832,-5600.000000,-55.332000,3357,8358,3305,4926,0,0.401531,0.598469,138.285520
20260510_160855,2026-05-10 16:12:05,28,4.6732,1,500,50,50,0,1,10,10,165,165,24,2553.120962,-4669.754187,2077.754023,1739.219188,330.000000,48.977280,353.220000,-7.405074,155.398145,-709.544538,-4800.000000,-40.400000,2964,8183,3557,4500,0,0.441479,0.558521,135.862065
20260510_160855,2026-05-10 16:12:10,29,4.8626,1,500,50,50,0,4,10,10,285,285,31,4629.248975,-5899.013547,2078.190073,1887.053215,570.000000,52.744672,368.400000,-8.142341,181.555997,-832.639875,-6200.000000,-30.932000,4018,8671,3698,4821,0,0.434089,0.565911,134.293460
20260510_160855,2026-05-10 16:12:15,30,4.8940,1,500,50,50,0,5,10,10,227,227,29,3291.427389,-5649.417990,2072.844670,1802.977425,454.000000,53.746425,366.820000,-9.497843,225.365477,-890.096048,-5800.000000,-49.756000,4464,10495,4762,5565,0,0.461121,0.538879,137.652940
20260510_160855,2026-05-10 16:12:20,31,5.2845,1,500,50,50,0,0,10,10,189,189,26,1183.113822,-5227.999496,2029.783711,1759.647927,378.000000,57.435333,398.960000,-12.274647,293.455314,-1106.323497,-5200.000000,-37.252000,5306,13794,6211,7390,0,0.456658,0.543342,137.104438
20260510_160855,2026-05-10 16:13:02,32,41.3698,0,1,50,50,0,1,10,10,115,115,16,3081.522726,-2977.451370,1861.016718,1384.905925,230.000000,45.894688,338.230000,-5.601878,129.053115,-458.951294,-3200.000000,-56.076000,2607,6106,2781,3231,0,0.462575,0.537425,136.937385
20260510_161346,2026-05-10 16:13:57,0,10.6050,1,500,50,50,0,0,10,10,111,111,17,1479.784966,-3265.734162,1839.871020,1324.418750,222.000000,46.865192,336.890000,-6.622745,127.818582,-512.017191,-3400.000000,-80.668000,3382,7594,3335,4140,0,0.446154,0.553846,138.363134
20260510_161346,2026-05-10 16:14:01,1,4.2197,1,500,50,50,0,1,10,10,114,114,30,1854.021859,-6044.458234,2276.247423,1612.371557,228.000000,43.982712,313.890000,-9.720421,136.116618,-685.111143,-6000.000000,-71.616000,3330,9133,3700,5307,0,0.410792,0.589208,125.034135
20260510_161346,2026-05-10 16:14:06,2,5.1159,1,500,50,50,0,0,10,10,231,231,29,2822.792811,-5777.866655,2440.109610,1759.268982,462.000000,56.956576,398.930000,-10.705841,277.813353,-1084.248743,-5800.000000,-78.612000,4039,12033,5470,6371,0,0.461954,0.538046,137.043383
20260510_161346,2026-05-10 16:14:11,3,4.7683,1,500,50,50,0,1,10,10,142,142,26,2027.206889,-5457.361238,2465.834829,1603.781584,284.000000,50.400009,360.680000,-12.597276,277.827118,-1137.967090,-5200.000000,-79.704000,4196,13177,6048,6933,0,0.465912,0.534088,133.120969
20260510_161346,2026-05-10 16:14:17,4,5.5523,1,500,50,50,0,1,10,10,239,239,27,2003.462867,-5422.273808,2266.559907,1659.036117,478.000000,64.780086,460.580000,-13.604990,341.643472,-1255.160375,-5400.000000,-98.512000,5458,15161,7000,7940,0,0.468541,0.531459,136.959385
20260510_161346,2026-05-10 16:14:22,5,4.8750,1,500,50,50,0,0,10,10,201,201,28,3440.086492,-5558.536790,2262.253286,1669.269440,402.000000,55.352114,379.370000,-11.296273,234.286120,-927.648751,-5600.000000,-90.600000,4149,12506,5631,6710,0,0.456284,0.543716,136.569638
20260510_161346,2026-05-10 16:14:27,6,5.2113,1,500,50,50,0,1,10,10,242,242,26,2466.758282,-5070.278554,2053.739740,1698.083336,484.000000,59.279287,413.550000,-10.028119,269.126454,-1011.802175,-5200.000000,-74.404000,3848,11444,5216,6036,2,0.463480,0.536343,138.579704
20260510_161346,2026-05-10 16:14:32,7,4.4166,1,500,50,50,0,0,10,10,193,193,38,2237.624917,-7682.248745,2271.339776,1921.987369,386.000000,45.016778,321.380000,-9.681534,195.427372,-975.671360,-7600.000000,-44.720000,3117,10526,4508,5829,0,0.436103,0.563897,135.139162
20260510_161346,2026-05-10 16:14:36,8,4.4975,1,500,50,50,0,0,10,10,182,182,31,1745.918131,-6175.456591,2465.808765,1794.186497,364.000000,45.524877,317.220000,-9.818686,179.246208,-810.504991,-6200.000000,-61.124000,3315,10570,4555,5865,0,0.437140,0.562860,133.025494
20260510_161346,2026-05-10 16:14:41,9,4.8661,1,500,50,50,0,0,10,10,207,207,34,1500.888445,-6794.906377,2286.110097,1903.685337,414.000000,53.415492,366.270000,-10.797980,216.123429,-954.513318,-6800.000000,-79.404000,3312,11292,4800,6331,0,0.431228,0.568772,129.615423
20260510_161346,2026-05-10 16:14:46,10,4.4246,1,500,50,50,0,0,10,10,168,168,29,1185.708595,-5751.959601,2643.601069,1845.418540,336.000000,48.990600,344.280000,-9.267663,192.649417,-792.515955,-5800.000000,-72.096000,2600,10825,4895,5793,0,0.457990,0.542010,139.994515
20260510_161346,2026-05-10 16:14:50,11,4.5831,1,500,50,50,0,1,10,10,103,103,17,1680.361528,-3440.859489,2068.582679,1485.569172,206.000000,50.094524,343.150000,-9.744260,216.534733,-788.766486,-3400.000000,-58.128000,3369,10178,4787,5253,0,0.476793,0.523207,134.042841
20260510_161346,2026-05-10 16:14:55,12,4.3899,1,500,50,50,0,0,10,10,85,85,22,1092.218030,-4457.923849,2359.330900,1648.609315,170.000000,41.914271,318.920000,-7.813300,176.726826,-724.399646,-4400.000000,-33.272000,2987,8264,3900,4233,0,0.479528,0.520472,131.888211
20260510_161346,2026-05-10 16:14:59,13,4.1781,1,500,50,50,0,0,10,10,128,128,27,1107.781519,-5283.624781,2664.631924,1689.534577,256.000000,44.304282,317.650000,-6.699420,133.764795,-595.800439,-5400.000000,-32.844000,2522,7881,3735,4033,4,0.480571,0.518914,141.548756
20260510_161346,2026-05-10 16:15:04,14,4.8002,1,500,50,50,0,0,10,10,153,153,19,2188.594472,-3578.875410,2259.822384,1626.844980,306.000000,53.224551,371.940000,-6.689733,136.855246,-576.933474,-3800.000000,-63.272000,2958,8336,3416,4787,0,0.416433,0.583567,144.143559
20260510_161346,2026-05-10 16:15:08,15,3.6789,1,500,50,50,0,0,10,10,129,129,35,1164.507159,-7192.719789,2488.685510,1956.462641,258.000000,37.952538,263.600000,-9.706165,186.008196,-898.714357,-7000.000000,-29.860000,2554,9728,4202,5373,0,0.438851,0.561149,128.056350
20260510_161346,2026-05-10 16:15:12,16,4.7902,1,500,50,50,0,0,10,10,210,210,31,1167.639234,-6085.579428,2276.405891,1801.534609,420.000000,53.365538,363.610000,-8.600962,180.097704,-849.487708,-6200.000000,-44.564000,3726,9853,4224,5468,0,0.435823,0.564177,137.973773
20260510_161346,2026-05-10 16:15:17,17,4.4860,1,500,50,50,0,1,10,10,146,146,26,1903.471515,-5188.500855,2058.968163,1767.328077,292.000000,45.747922,332.040000,-9.688641,189.493040,-798.253177,-5200.000000,-39.840000,3045,9403,4058,5227,0,0.437049,0.562951,131.008750
20260510_161346,2026-05-10 16:15:22,18,4.7968,1,500,50,50,0,2,10,10,157,157,18,2543.881552,-3313.417134,2065.428704,1499.548091,314.000000,53.420164,380.400000,-6.176044,142.878579,-549.403834,-3600.000000,-48.536000,2655,6603,2955,3538,0,0.455105,0.544895,135.055194
20260510_161346,2026-05-10 16:15:27,19,5.0484,1,500,50,50,0,1,10,10,184,184,28,1918.431225,-5559.093231,2879.086605,1797.143298,368.000000,55.565213,394.370000,-9.313907,220.796335,-930.318871,-5600.000000,-58.192000,3251,9608,4236,5211,0,0.448396,0.551604,131.112496
20260510_161346,2026-05-10 16:15:31,20,4.2813,1,500,50,50,0,0,10,10,141,141,31,1196.501786,-6254.290412,2460.546750,1846.809277,282.000000,43.193633,318.840000,-8.715443,193.134304,-835.298906,-6200.000000,-47.444000,2745,9405,4061,5172,0,0.439835,0.560165,131.011859
20260510_161346,2026-05-10 16:15:36,21,4.5000,1,500,50,50,0,1,10,10,161,161,33,2677.242350,-6615.897151,2633.705269,1860.708392,322.000000,45.494402,321.310000,-7.792795,163.240228,-787.688986,-6600.000000,-72.460000,3430,8185,3424,4621,0,0.425606,0.574394,132.112948
20260510_161346,2026-05-10 16:15:41,22,4.8601,1,500,50,50,0,1,10,10,159,159,22,2617.892426,-4126.188144,2241.538514,1604.443556,318.000000,50.678600,361.900000,-4.481754,104.669409,-471.830399,-4400.000000,-85.124000,2589,5571,2609,2857,0,0.477314,0.522686,142.693063
20260510_161346,2026-05-10 16:15:45,23,4.6165,1,500,50,50,0,0,10,10,105,105,19,1312.941828,-3640.999024,2076.593613,1530.429474,210.000000,48.888112,343.610000,-4.983487,121.071137,-477.880786,-3800.000000,-81.704000,2850,5742,2492,3150,0,0.441687,0.558313,136.188582
20260510_161346,2026-05-10 16:15:50,24,4.1314,1,500,50,50,0,0,10,10,120,120,27,2520.564257,-5367.978057,2266.454323,1801.852646,240.000000,44.145816,303.150000,-5.453401,117.839987,-596.192459,-5400.000000,-71.468000,2701,5963,2514,3333,0,0.429964,0.570036,137.149029
20260510_161346,2026-05-10 16:15:54,25,4.6260,1,500,50,50,0,0,10,10,86,86,28,1881.620927,-5781.202020,2881.918645,1789.263000,172.000000,48.492339,332.550000,-8.884958,209.486657,-855.334057,-5600.000000,-79.512000,4260,9390,4229,5018,0,0.457338,0.542662,132.130569
20260510_161346,2026-05-10 16:15:59,26,4.2913,1,500,50,50,0,0,10,10,129,129,32,1009.379667,-6543.007873,2475.907893,1827.242122,258.000000,42.978655,296.880000,-7.763424,164.325003,-818.684107,-6400.000000,-78.744000,3134,8531,3558,4839,0,0.423723,0.576277,133.820397
20260510_161346,2026-05-10 16:16:03,27,4.5638,1,500,50,50,0,1,10,10,125,125,26,1259.841762,-5136.797033,2063.273112,1722.437916,250.000000,49.685926,340.620000,-5.567764,119.459847,-599.751042,-5200.000000,-91.244000,2874,6377,2682,3583,0,0.428093,0.571907,137.807032
20260510_161346,2026-05-10 16:16:45,28,41.4024,0,1,50,50,0,0,10,10,130,130,28,2038.552904,-5616.332101,2665.347743,1785.811625,260.000000,43.002416,296.450000,-8.903149,136.236419,-673.429787,-5600.000000,-69.688000,3591,9049,3863,5041,0,0.433850,0.566150,130.495915
20260510_161346,2026-05-10 16:17:26,29,41.4725,0,1,50,50,0,4,10,10,203,203,27,3221.654481,-5203.280929,2480.076853,1722.070003,406.000000,53.803080,378.580000,-7.693579,151.397821,-717.580252,-5400.000000,-67.788000,3203,8072,3404,4537,0,0.428661,0.571339,134.514574
20260510_161346,2026-05-10 16:18:08,30,41.4159,0,1,50,50,0,0,10,10,165,165,39,2076.589843,-7889.849888,3071.477451,2042.965039,330.000000,40.711280,278.450000,-7.433010,172.587565,-860.073723,-7800.000000,-44.092000,3094,7968,3148,4663,0,0.403021,0.596979,134.620211
20260510_161346,2026-05-10 16:18:49,31,41.4401,0,1,50,50,0,0,10,10,106,106,31,1122.330770,-6315.133317,2468.222126,1838.085810,212.000000,37.182221,257.570000,-6.366078,149.858837,-723.226298,-6200.000000,-42.152000,2659,7185,2877,4151,0,0.409363,0.590637,138.300088
20260510_162051,2026-05-10 16:21:03,0,12.0224,1,500,100,100,0,0,20,20,260,260,69,1924.714028,-6769.947765,2433.161086,1617.244596,260.000000,38.612653,262.215000,-12.750713,707.802499,-1049.867204,-6900.000000,-75.960000,0,27858,11746,15682,0,0.428249,0.571751,132.331386
20260510_162051,2026-05-10 16:21:10,1,7.0403,1,500,100,100,0,1,20,20,242,242,67,2495.198786,-6469.425553,2990.782067,1555.298195,242.000000,36.255556,263.525000,-9.913778,673.334276,-891.698607,-6700.000000,-82.928000,0,24345,10483,13429,0,0.438399,0.561601,138.786325
20260510_162051,2026-05-10 16:21:17,2,6.2264,1,500,100,100,0,0,20,20,185,185,74,1443.691118,-7321.012928,2383.247302,1678.441737,185.000000,31.096916,213.760000,-9.928406,641.869072,-923.010511,-7400.000000,-59.800000,0,23683,10331,12961,2,0.443505,0.556409,138.333718
20260510_162051,2026-05-10 16:21:24,3,7.2558,1,500,100,100,0,0,20,20,210,210,61,2077.441835,-5881.717836,3777.372566,1605.195727,210.000000,39.146029,278.170000,-15.309715,848.866372,-1067.728521,-6100.000000,-74.862000,0,33942,15661,17591,258,0.467353,0.524948,131.259975
20260510_162051,2026-05-10 16:21:30,4,6.1110,1,500,100,100,0,0,20,20,226,226,82,2847.597176,-8116.439407,2813.480383,1782.149973,226.000000,30.527792,217.230000,-11.430409,682.945005,-1006.771794,-8200.000000,-54.940000,0,23484,9961,13126,0,0.431455,0.568545,127.760101
20260510_162051,2026-05-10 16:21:37,5,7.0214,1,500,100,100,0,1,20,20,180,180,66,3155.882546,-6489.161873,3400.637780,1667.312574,180.000000,37.040981,264.800000,-12.974003,734.121713,-1018.798563,-6600.000000,-73.352000,0,27984,12383,15172,3,0.449343,0.550548,130.796887
20260510_162051,2026-05-10 16:21:46,6,8.2894,1,500,100,100,0,2,20,20,287,287,55,2794.604154,-5118.918036,2279.048053,1662.571201,287.000000,48.472280,339.075000,-15.266626,980.078516,-1171.541207,-5500.000000,-86.736000,0,35059,15954,18612,0,0.461552,0.538448,133.521039
20260510_162051,2026-05-10 16:21:54,7,7.9586,1,500,100,100,0,1,20,20,234,234,57,3501.380732,-5359.319614,2850.081497,1717.249062,234.000000,42.774448,310.800000,-13.674926,929.423815,-1085.540951,-5700.000000,-77.102000,0,33435,15850,16796,282,0.481353,0.510083,138.771007
20260510_162051,2026-05-10 16:22:01,8,7.4506,1,500,100,100,0,2,20,20,261,261,61,5536.485772,-5809.838484,2691.594571,1810.907698,261.000000,41.223223,291.165000,-13.325260,972.079071,-1197.356518,-6100.000000,-64.624000,0,29604,13586,15477,11,0.467290,0.532331,133.496947
20260510_162051,2026-05-10 16:22:10,9,8.3101,1,500,100,100,0,1,20,20,249,249,56,2890.840481,-5268.127437,2499.708505,1751.905044,249.000000,46.148685,332.790000,-14.424579,1010.939782,-1204.567325,-5600.000000,-88.014000,0,34091,15742,17821,11,0.468875,0.530798,139.315163
20260510_162051,2026-05-10 16:22:18,10,8.1408,1,500,100,100,0,3,20,20,277,277,61,3187.768551,-5745.868908,2899.535019,1791.390247,277.000000,45.868455,316.760000,-13.729518,1025.314613,-1229.258458,-6100.000000,-67.824000,0,34930,16045,18263,8,0.467566,0.532201,143.268026
20260510_162051,2026-05-10 16:22:26,11,8.0087,1,500,100,100,0,3,20,20,330,330,67,4287.510365,-6405.354488,3291.477545,1921.628817,330.000000,46.063322,326.080000,-14.305512,985.399359,-1309.257657,-6700.000000,-69.334000,0,32178,14029,17575,0,0.443900,0.556100,135.377786
20260510_162051,2026-05-10 16:22:34,12,7.6708,1,500,100,100,0,1,20,20,292,292,80,3299.253293,-7892.232838,3087.570220,2027.123737,292.000000,41.363813,294.645000,-15.042683,1014.130080,-1454.733049,-8000.000000,-64.596000,0,31349,13484,17346,0,0.437366,0.562634,129.026135
20260510_162051,2026-05-10 16:22:42,13,7.9369,1,500,100,100,0,4,20,20,304,304,70,3899.436301,-6780.267646,3277.728627,1948.789553,304.000000,43.577799,302.355000,-17.365540,1228.914118,-1567.947024,-7000.000000,-73.802000,0,38893,17670,20623,0,0.461442,0.538558,133.665485
20260510_162051,2026-05-10 16:22:49,14,7.4053,1,500,100,100,0,3,20,20,290,290,74,5802.140870,-7210.492006,3095.663020,1909.349053,290.000000,36.567253,268.870000,-14.102929,1020.188662,-1337.148992,-7400.000000,-74.866000,0,33435,14756,18117,2,0.448852,0.551087,136.229183
20260510_162051,2026-05-10 16:22:57,15,7.6253,1,500,100,100,0,0,20,20,253,253,67,2477.854478,-6547.397282,3481.943840,1904.186654,253.000000,39.892085,283.000000,-13.652355,1022.906164,-1352.287176,-6700.000000,-80.256000,0,31244,14193,16506,0,0.462328,0.537672,131.649546
20260510_162051,2026-05-10 16:23:06,16,8.2876,1,500,100,100,0,0,20,20,278,278,64,1990.912175,-6105.659049,2893.118711,1870.376126,278.000000,43.632798,317.210000,-14.674562,1117.888243,-1354.013529,-6400.000000,-93.702000,0,33939,15492,17896,0,0.463999,0.536001,135.095453
20260510_162051,2026-05-10 16:23:13,17,7.5706,1,500,100,100,0,0,20,20,205,205,68,1393.582373,-6707.424576,3500.646048,1918.104270,205.000000,36.212689,271.455000,-12.698955,912.138891,-1244.648202,-6800.000000,-74.884000,0,28763,12860,15400,0,0.455060,0.544940,135.788728
20260510_162051,2026-05-10 16:23:21,18,7.8387,1,500,100,100,0,1,20,20,253,253,61,2883.917745,-5877.730074,2482.832323,1748.871764,253.000000,39.653634,295.645000,-13.071112,821.867284,-1093.774879,-6100.000000,-81.050000,0,29493,13169,15849,0,0.453822,0.546178,130.222437
20260510_162051,2026-05-10 16:23:29,19,7.1223,1,500,100,100,0,1,20,20,224,224,67,2182.190565,-6554.083783,3479.965114,1916.375792,224.000000,36.837979,266.885000,-10.835631,680.069551,-982.300681,-6700.000000,-68.740000,0,23465,10057,13002,0,0.436142,0.563858,132.175077
20260510_162051,2026-05-10 16:23:37,20,7.9472,1,500,100,100,0,0,20,20,210,210,62,2913.585011,-5998.573273,2516.213358,1877.918975,210.000000,42.420419,305.570000,-12.729045,909.615338,-1172.303985,-6200.000000,-81.146000,0,30189,13708,16008,0,0.461300,0.538700,138.152518
20260510_162605,2026-05-10 16:26:37,0,32.0282,1,500,100,100,0,1,20,20,298,298,60,2565.972702,-5617.228695,2875.608623,1505.679974,298.000000,47.189184,338.585000,-15.663192,889.172869,-1086.968555,-6000.000000,-87.544000,0,37523,17414,19442,0,0.472488,0.527512,137.838047
20260510_162605,2026-05-10 16:26:45,1,7.6109,1,500,100,100,0,0,20,20,257,257,61,2291.250457,-5747.085935,2875.047896,1538.443658,257.000000,41.423820,292.000000,-16.250106,939.216000,-1084.167650,-6100.000000,-76.308000,0,39660,18245,20762,0,0.467737,0.532263,134.940824
20260510_162605,2026-05-10 16:26:52,2,7.1653,1,500,100,100,0,0,20,20,233,233,62,2503.256297,-5917.596571,2610.283929,1530.535712,233.000000,37.881392,266.130000,-15.482330,885.929331,-1051.922964,-6200.000000,-73.132000,0,37017,17080,19318,2,0.469231,0.530714,136.091616
20260510_162605,2026-05-10 16:27:01,3,8.4168,1,500,100,100,0,1,20,20,278,278,52,2589.247103,-4786.502998,2388.042061,1385.691658,278.000000,45.235816,327.745000,-16.444589,936.649980,-1062.589205,-5200.000000,-95.100000,0,39970,18874,20497,2,0.479364,0.520585,138.622909
20260510_162605,2026-05-10 16:27:08,4,7.0487,1,500,100,100,0,1,20,20,236,236,63,3510.450310,-6007.549950,2087.800452,1524.509528,236.000000,34.634245,253.425000,-13.169552,812.788176,-971.347818,-6300.000000,-59.880000,0,29738,13790,15415,0,0.472179,0.527821,131.243208
20260510_162605,2026-05-10 16:27:16,5,8.3019,1,500,100,100,0,1,20,20,390,390,68,3305.939910,-6393.869787,2842.493602,1656.010939,390.000000,43.872575,318.935000,-16.457023,938.596647,-1199.444987,-6800.000000,-69.372000,0,37752,16817,19842,394,0.453863,0.535503,134.749025
20260510_162605,2026-05-10 16:27:24,6,7.7637,1,500,100,100,0,0,20,20,246,246,61,2470.454859,-5757.368835,3013.931394,1656.349643,246.000000,39.928415,287.840000,-16.076313,1031.662190,-1177.743127,-6100.000000,-68.980000,0,37463,17777,18960,0,0.483899,0.516101,136.655783
20260510_162605,2026-05-10 16:27:32,7,7.9659,1,500,100,100,0,2,20,20,309,309,68,3917.436652,-6402.131278,3076.200292,1888.887177,309.000000,41.940283,297.290000,-14.875062,928.202202,-1108.462701,-6800.000000,-55.226000,0,33571,15359,17521,3,0.467080,0.532829,132.682898
20260510_162605,2026-05-10 16:27:41,8,8.1574,1,500,100,100,0,2,20,20,370,370,66,4432.781099,-6107.079494,3477.208837,1821.346759,370.000000,45.010728,324.900000,-15.176558,1011.967308,-1188.772973,-6600.000000,-55.008000,0,34664,16714,17280,3,0.491632,0.508280,134.549814
20260510_162605,2026-05-10 16:27:49,9,8.5374,1,500,100,100,0,1,20,20,461,461,70,5424.592370,-6440.815168,2844.721581,1879.355283,461.000000,44.304438,321.610000,-14.211360,967.714807,-1162.585053,-7000.000000,-58.648000,0,32583,14816,17094,7,0.464204,0.535577,136.068645
20260510_162605,2026-05-10 16:27:57,10,8.0123,1,500,100,100,0,2,20,20,324,324,71,3452.301137,-6694.226989,3059.442888,1860.418114,324.000000,41.440287,303.480000,-14.570486,1017.234154,-1210.922943,-7100.000000,-54.888000,0,36336,17005,18598,2,0.477601,0.522342,140.464152
20260510_162605,2026-05-10 16:28:06,11,8.4941,1,500,100,100,0,4,20,20,493,493,69,3885.229724,-6285.960212,3069.636648,1832.026494,493.000000,47.427191,336.665000,-13.752421,874.055279,-1060.495261,-6900.000000,-62.860000,0,32390,14627,16836,184,0.462192,0.531994,136.680474
20260510_162605,2026-05-10 16:28:15,12,9.1951,1,500,100,100,0,2,20,20,350,350,53,4478.279457,-4782.629592,2703.694090,1684.984453,350.000000,49.376383,379.450000,-12.934322,816.851615,-980.599269,-5300.000000,-84.774000,0,29375,13139,15654,28,0.455883,0.543146,136.067144
20260510_162605,2026-05-10 16:28:25,13,9.5161,1,500,100,100,0,3,20,20,502,502,64,3492.390093,-5754.744487,3657.648056,1846.028026,502.000000,50.937095,382.120000,-12.573947,902.104624,-1092.438259,-6400.000000,-86.894000,0,32990,14428,17782,30,0.447519,0.551551,144.796228
20260510_162605,2026-05-10 16:28:34,14,9.3895,1,500,100,100,0,5,20,20,483,483,64,5303.082739,-5735.160725,3177.179891,1769.980821,483.000000,52.128056,376.670000,-13.939261,990.792616,-1140.970135,-6400.000000,-82.842000,0,34565,16053,17725,11,0.475095,0.524579,141.853608
20260510_162605,2026-05-10 16:28:45,15,10.9016,1,500,100,100,0,14,20,20,781,781,61,9407.012585,-5070.113821,2447.879359,1704.534060,781.000000,62.642219,461.400000,-14.391088,1013.185710,-1193.772662,-6100.000000,-80.178000,0,34257,15840,17670,23,0.472371,0.526944,139.949936
20260510_162605,2026-05-10 16:28:55,16,9.4931,1,500,100,100,0,9,20,20,688,688,76,6067.362351,-6826.594223,2664.668675,1897.895943,688.000000,53.495871,388.200000,-13.715241,953.532742,-1224.357595,-7600.000000,-71.750000,0,33486,14881,17866,34,0.453952,0.545011,139.747700
20260510_162605,2026-05-10 16:29:05,17,10.1228,1,500,100,100,0,8,20,20,587,587,67,5395.682756,-5938.016897,2729.267633,1778.185159,587.000000,54.885692,406.370000,-14.819631,1077.966782,-1283.673739,-6700.000000,-65.746000,0,39167,17688,20546,39,0.462153,0.536828,144.111688
20260510_162605,2026-05-10 16:29:16,18,10.1956,1,500,100,100,0,5,20,20,742,742,72,6172.118340,-6293.490138,3691.690875,1882.477343,742.000000,52.650356,395.785000,-18.236324,1249.471665,-1459.150835,-7200.000000,-56.010000,0,44704,20591,23141,5,0.470791,0.529094,140.940226
20260510_162605,2026-05-10 16:29:24,19,8.5672,1,500,100,100,0,3,20,20,588,588,79,6844.407759,-7228.129637,3089.709533,1999.722215,588.000000,45.146874,331.350000,-17.700349,1155.192707,-1375.728869,-7900.000000,-54.390000,0,40466,18575,21060,30,0.468297,0.530947,133.754634
20260510_162605,2026-05-10 16:29:32,20,7.9780,1,500,100,100,0,3,20,20,416,416,77,2831.770643,-7265.120814,2892.039354,1929.333412,416.000000,43.222415,308.725000,-15.056458,920.653256,-1178.973026,-7700.000000,-59.692000,0,33622,14622,18317,4,0.443858,0.556021,132.649636
20260510_162605,2026-05-10 16:29:41,21,8.0129,1,500,100,100,0,2,20,20,308,308,71,3221.942507,-6725.023477,2675.469595,1896.702646,308.000000,39.270516,306.705000,-14.461015,885.455234,-1090.917213,-7100.000000,-59.076000,0,32604,14132,17862,4,0.441653,0.558222,134.197226
20260510_162605,2026-05-10 16:29:50,22,8.9373,1,500,100,100,0,1,20,20,333,333,59,4005.731395,-5438.556381,2481.153734,1817.336863,333.000000,44.041630,332.610000,-10.669612,719.472709,-883.895109,-5900.000000,-73.116000,0,25963,11361,13985,0,0.448236,0.551764,138.389743
20260510_162605,2026-05-10 16:29:58,23,8.1155,1,500,100,100,0,0,20,20,294,294,63,2519.501846,-5944.015897,2883.354543,1872.253198,294.000000,39.492226,295.485000,-13.251561,839.024529,-1040.996091,-6300.000000,-57.770000,0,30898,13396,16855,0,0.442828,0.557172,135.607525
20260510_162605,2026-05-10 16:30:06,24,7.9323,1,500,100,100,0,2,20,20,303,303,70,3102.771333,-6688.548428,3272.285743,1941.818503,303.000000,41.688767,293.335000,-12.850109,787.305591,-1034.471678,-7000.000000,-66.556000,0,29454,12800,16023,4,0.444028,0.555833,136.444493
20260510_162605,2026-05-10 16:30:14,25,8.0895,1,500,100,100,0,2,20,20,301,301,73,2780.526348,-6944.428075,3685.430638,1916.203451,301.000000,41.842677,298.935000,-16.473157,1016.512131,-1220.178726,-7300.000000,-66.066000,0,40700,17865,21996,4,0.448137,0.551762,140.271368
20260510_162605,2026-05-10 16:30:23,26,8.2403,1,500,100,100,0,5,20,20,385,385,75,4205.154044,-7109.562943,3291.377394,1978.896236,385.000000,44.315560,313.125000,-15.489352,959.093799,-1232.461950,-7500.000000,-63.146000,0,38581,16831,20994,0,0.444970,0.555030,139.583619
20260510_162605,2026-05-10 16:30:31,27,8.5176,1,500,100,100,0,2,20,20,368,368,67,4760.226666,-6216.183996,2787.499583,1847.008665,368.000000,47.234521,341.970000,-10.512001,676.929132,-868.947648,-6700.000000,-70.858000,0,24990,10731,13668,6,0.439705,0.560049,138.605292
20260510_162605,2026-05-10 16:30:39,28,7.1913,1,500,100,100,0,2,20,20,296,296,69,4615.659910,-6538.067024,2489.103977,1752.397513,296.000000,33.555011,271.335000,-11.107694,662.643942,-835.131284,-6900.000000,-55.362000,0,24137,10440,13213,0,0.441382,0.558618,132.968163
20260510_162605,2026-05-10 16:30:46,29,7.1801,1,500,100,100,0,2,20,20,314,314,85,3963.731959,-8259.106204,3856.860358,2069.691371,314.000000,36.361621,261.695000,-14.731520,836.926448,-1132.297753,-8500.000000,-61.060000,0,32987,13895,18426,36,0.429428,0.569459,134.376228
20260510_162605,2026-05-10 16:30:54,30,7.6018,1,500,100,100,0,0,20,20,274,274,73,4112.505801,-7010.797004,3272.764923,1913.692885,274.000000,38.446497,280.750000,-15.359718,968.651333,-1196.039115,-7300.000000,-61.246000,0,36975,16306,19646,295,0.449858,0.542003,137.599307
20260510_162605,2026-05-10 16:31:00,31,6.4366,1,500,100,100,0,1,20,20,222,222,74,2750.114250,-7202.425020,2673.975133,1890.705835,222.000000,31.261229,233.850000,-9.030363,532.909212,-762.201098,-7400.000000,-51.214000,0,21336,9001,11841,22,0.431413,0.567533,137.070483
20260510_162605,2026-05-10 16:31:07,32,6.6526,1,500,100,100,0,2,20,20,276,276,84,4649.090809,-8186.253958,3288.273132,2037.829648,276.000000,32.303023,239.275000,-11.135011,618.018685,-892.707655,-8400.000000,-48.008000,0,24172,10389,13258,9,0.439170,0.560450,134.497919
20260510_162605,2026-05-10 16:31:14,33,7.1030,1,500,100,100,0,3,20,20,343,343,75,5217.052680,-7142.698474,3081.848713,1974.094123,343.000000,37.166550,268.805000,-11.259281,715.081167,-947.181910,-7500.000000,-48.310000,0,26963,11714,14432,148,0.445501,0.548870,138.714255
20260510_162605,2026-05-10 16:31:22,34,7.3059,1,500,100,100,0,4,20,20,400,400,78,5596.615737,-7441.219185,3059.784573,2016.567224,400.000000,37.528659,271.910000,-12.848432,849.954788,-1136.546200,-7800.000000,-51.218000,0,30416,13154,16557,32,0.442255,0.556669,136.317346
20260510_162605,2026-05-10 16:31:30,35,7.6760,1,500,100,100,0,4,20,20,393,393,77,4926.147403,-7261.604315,3300.457244,1989.948274,393.000000,39.541519,285.940000,-10.865679,647.044333,-864.946488,-7700.000000,-51.318000,0,24514,10499,13478,12,0.437659,0.561841,134.766727
20260510_162605,2026-05-10 16:31:39,36,8.6098,1,500,100,100,0,6,20,20,473,473,72,5449.828380,-6610.189115,2677.302783,1990.034053,473.000000,47.140752,346.750000,-13.052974,879.243462,-1074.142355,-7200.000000,-69.128000,0,31961,14290,16979,0,0.457002,0.542998,140.423668
20260510_162605,2026-05-10 16:31:47,37,8.5093,1,500,100,100,0,4,20,20,484,484,76,6286.157900,-7059.369488,3714.383573,2006.866075,484.000000,45.766451,332.725000,-13.245750,882.259977,-1122.741166,-7600.000000,-68.134000,0,32508,13946,17759,84,0.438705,0.558652,139.425764
20260510_162605,2026-05-10 16:31:57,38,9.6467,1,500,100,100,0,5,20,20,618,618,70,7198.492598,-6254.349544,3098.660808,1968.896954,618.000000,53.921689,387.170000,-17.811740,1122.833028,-1350.648521,-7000.000000,-67.814000,0,41661,18813,21822,151,0.461261,0.535037,137.756365
20260510_162605,2026-05-10 16:32:05,39,7.9834,1,500,100,100,0,3,20,20,345,345,78,6574.813859,-7441.728500,3487.841394,2020.450779,345.000000,41.578627,296.350000,-14.293840,920.250156,-1169.497443,-7800.000000,-61.116000,0,34984,15450,18749,1,0.451754,0.548216,139.196859
20260510_162605,2026-05-10 16:32:15,40,9.3120,1,500,100,100,0,5,20,20,351,351,56,4641.170495,-5031.099604,2883.204157,1754.618582,351.000000,51.116485,365.480000,-13.829144,877.147926,-995.330872,-5600.000000,-66.684000,0,33313,15148,17469,71,0.463412,0.534416,137.582007
20260510_162605,2026-05-10 16:32:22,41,7.2227,1,500,100,100,0,3,20,20,204,204,68,4828.786974,-6515.344998,2877.638001,1892.148228,204.000000,35.141041,258.120000,-9.589470,583.213755,-744.820323,-6800.000000,-41.410000,0,21320,9300,11500,0,0.447115,0.552885,134.254387
20260510_162605,2026-05-10 16:32:29,42,7.1998,1,500,100,100,0,3,20,20,272,272,71,6129.460016,-6804.522671,3075.557428,1873.778333,272.000000,33.822343,251.400000,-7.998025,470.586987,-678.143977,-7100.000000,-46.190000,0,19372,8318,10574,6,0.440152,0.559530,139.726647
20260510_162605,2026-05-10 16:32:37,43,7.3093,1,500,100,100,0,4,20,20,336,336,72,5959.269299,-6823.286062,2670.772112,1979.968322,336.000000,34.668966,256.050000,-9.712089,608.287154,-807.852093,-7200.000000,-40.728000,0,22388,9726,12142,2,0.444719,0.555190,135.551011
20260510_162605,2026-05-10 16:32:46,44,9.1826,1,500,100,100,0,1,20,20,350,350,58,3860.172299,-5281.622326,2667.919503,1767.332264,350.000000,48.954311,360.085000,-11.385024,698.597459,-862.158071,-5800.000000,-65.716000,0,27319,11781,14940,11,0.440708,0.558881,139.448702
20260510_162605,2026-05-10 16:32:55,45,9.0930,1,500,100,100,0,1,20,20,384,384,67,3510.125656,-6206.642851,2966.675839,1767.100669,384.000000,48.672862,358.905000,-15.604556,928.628785,-1142.546943,-6700.000000,-68.698000,0,36110,15912,19478,0,0.449619,0.550381,137.520633
20260510_163217,2026-05-10 16:33:03,0,45.8048,0,1,100,100,0,58,20,20,57,57,42,1333.174074,-3732.885527,2455.363126,1391.225948,57.000000,122.129435,785.365000,-66.068275,1005.758124,-1135.929810,-4200.000000,-301.140000,0,137137,65868,69244,1243,0.483063,0.507821,123.369925
20260510_162605,2026-05-10 16:33:05,46,8.8886,1,500,100,100,0,3,20,20,369,369,58,5967.307900,-5275.370290,3479.605721,1714.088202,369.000000,46.026896,351.060000,-9.156406,594.231334,-768.338115,-5800.000000,-58.194000,0,22034,9484,12038,1,0.440645,0.559309,139.890999
20260510_162605,2026-05-10 16:33:14,47,8.7713,1,500,100,100,0,1,20,20,324,324,62,4920.859862,-5760.225326,2677.120422,1808.670761,324.000000,46.123138,335.985000,-12.651793,746.097669,-931.515339,-6200.000000,-68.264000,0,30121,13817,15699,5,0.468040,0.531791,138.445124
20260510_162605,2026-05-10 16:33:22,48,8.0987,1,500,100,100,0,1,20,20,343,343,73,3405.523346,-6905.071263,2678.729944,1962.472646,343.000000,39.880466,297.825000,-12.546484,765.159820,-982.102066,-7300.000000,-56.288000,0,29826,13038,15948,214,0.446507,0.546164,136.975753
20260510_162605,2026-05-10 16:33:31,49,9.0172,1,500,100,100,0,2,20,20,369,369,67,5532.009527,-6165.266269,3288.342546,1916.560650,369.000000,46.169166,348.705000,-13.808266,873.898233,-1022.768402,-6700.000000,-66.462000,0,31996,14531,16842,0,0.463169,0.536831,136.300635
20260510_162605,2026-05-10 16:33:39,50,8.1531,1,500,100,100,0,2,20,20,313,313,63,5015.198652,-5897.596441,3485.021659,1768.947942,313.000000,41.393085,307.910000,-10.467001,685.074115,-876.432640,-6300.000000,-58.074000,0,25400,11417,13387,37,0.459603,0.538907,139.798905
20260510_163217,2026-05-10 16:33:46,1,42.8471,0,1,100,100,0,36,20,20,47,47,64,1454.855644,-6141.171617,3724.829600,1576.249595,47.000000,85.291350,567.240000,-32.885072,613.597649,-803.011544,-6400.000000,-218.404000,0,71419,30742,32311,8048,0.432371,0.454438,133.270963
20260510_162605,2026-05-10 16:33:47,51,7.1195,1,500,100,100,0,3,20,20,315,315,79,4123.101650,-7565.563293,3291.351794,2043.496370,315.000000,33.910008,257.365000,-12.043694,794.948147,-1010.344754,-7900.000000,-44.398000,0,28809,12942,15248,4,0.459034,0.540824,138.190569
20260510_162605,2026-05-10 16:33:55,52,8.5587,1,500,100,100,0,1,20,20,263,263,62,2215.195892,-5823.487161,3479.229358,1707.871374,263.000000,43.195736,316.080000,-12.908223,791.013218,-963.239891,-6200.000000,-60.628000,0,33396,14283,17782,687,0.436096,0.542929,141.968355
20260510_162605,2026-05-10 16:34:03,53,7.7908,1,500,100,100,0,0,20,20,301,301,71,2037.739684,-6757.940307,2908.273204,1920.515531,301.000000,34.878015,272.715000,-13.100243,831.309596,-1039.742675,-7100.000000,-45.000000,0,28959,13187,15174,0,0.464970,0.535030,132.657365
20260510_162605,2026-05-10 16:34:12,54,8.4483,1,500,100,100,0,5,20,20,336,336,73,4253.200370,-6920.204282,3074.580191,1915.181037,336.000000,42.760121,322.660000,-13.718858,832.222917,-1061.742462,-7300.000000,-78.386000,0,30793,13586,16584,6,0.450225,0.549576,133.863948
20260510_162605,2026-05-10 16:34:21,55,8.8985,1,500,100,100,0,2,20,20,323,323,57,4473.021618,-5212.250204,2871.624393,1685.317635,323.000000,45.989291,337.600000,-12.968784,797.498450,-923.797161,-5700.000000,-79.572000,0,30508,14094,15827,12,0.470852,0.528748,137.018158
20260510_162605,2026-05-10 16:34:29,56,7.9945,1,500,100,100,0,2,20,20,262,262,57,2603.766633,-5307.473627,2881.361893,1670.074915,262.000000,41.972884,325.495000,-9.264961,570.156929,-730.489479,-5700.000000,-67.344000,0,22177,9852,11764,67,0.454365,0.542545,139.427114
20260510_163217,2026-05-10 16:34:35,2,49.2764,0,1,100,100,0,57,20,20,74,74,43,1606.474841,-3749.050217,3242.432431,1401.862021,74.000000,121.875642,822.510000,-41.967798,592.455348,-701.223409,-4300.000000,-316.700000,0,87354,40953,45661,471,0.470265,0.524327,125.611958
20260510_162605,2026-05-10 16:34:38,57,8.4503,1,500,100,100,0,4,20,20,379,379,66,4472.856397,-6086.791000,2862.005025,1899.106651,379.000000,45.823000,335.780000,-12.668621,875.521450,-1039.832830,-6600.000000,-70.414000,0,30732,14051,15992,28,0.467261,0.531808,139.948757
20260510_163716,2026-05-10 16:37:58,0,41.9148,0,1,100,100,0,95,20,20,44,44,5,1531.636617,388.600087,1478.578378,945.088325,44.000000,179.910853,1187.525000,-64.698398,14.189679,-9.619047,-500.000000,-462.708000,0,145039,243,277,144442,0.001676,0.001911,127.976025
20260510_164552,2026-05-10 16:46:06,0,13.8088,1,500,100,100,0,1,20,20,215,215,64,2268.039632,-6127.560625,2460.327094,1634.395626,215.000000,36.253570,255.440000,-13.789177,715.726377,-868.859396,-6400.000000,-67.332000,0,30686,14096,16050,0,0.467591,0.532409,133.158401
20260510_164552,2026-05-10 16:46:13,1,6.6636,1,500,100,100,0,0,20,20,242,242,64,1657.261447,-6100.708808,2821.961137,1722.122638,242.000000,35.710291,266.665000,-13.492861,781.315699,-950.112936,-6400.000000,-62.794000,0,30337,13956,15843,2,0.468306,0.531626,129.458121
20260510_164552,2026-05-10 16:46:20,2,7.1597,1,500,100,100,0,1,20,20,233,233,71,2518.949634,-6776.600239,3149.724228,1788.545535,233.000000,39.951817,284.360000,-12.822325,861.880844,-1021.288575,-7100.000000,-61.682000,0,31183,14484,16044,0,0.474450,0.525550,139.450640
20260510_164552,2026-05-10 16:46:28,3,7.2153,1,500,100,100,0,1,20,20,247,247,67,3017.131284,-6415.242901,3103.465879,1724.484631,247.000000,37.282835,270.590000,-11.706044,705.307384,-896.027075,-6700.000000,-67.690000,0,27015,12075,14356,0,0.456850,0.543150,136.275873
20260510_164552,2026-05-10 16:46:34,4,6.3415,1,500,100,100,0,0,20,20,227,227,70,1394.199464,-6771.417131,3080.980631,1860.773707,227.000000,32.703130,234.860000,-11.839873,653.768207,-853.462595,-7000.000000,-54.446000,0,28147,12900,14484,239,0.467002,0.524346,135.722245
20260510_164552,2026-05-10 16:46:41,5,7.0927,1,500,100,100,0,1,20,20,232,232,64,2632.263378,-6083.566018,2478.776292,1776.445618,232.000000,40.027742,276.425000,-11.792257,777.930224,-926.118728,-6400.000000,-72.038000,0,30986,14213,16130,5,0.468334,0.531501,143.710131
20260510_164552,2026-05-10 16:46:49,6,7.1835,1,500,100,100,0,0,20,20,251,251,70,3271.270383,-6746.773441,3460.576298,1920.779062,251.000000,38.042587,278.770000,-11.089274,662.890027,-895.888781,-7000.000000,-70.498000,0,24983,11028,13458,6,0.450269,0.549486,133.860103
20260510_164552,2026-05-10 16:46:55,7,6.4220,1,500,100,100,0,0,20,20,261,261,80,2053.156675,-7775.940663,3038.639733,1992.556193,261.000000,34.233960,240.495000,-11.717468,716.761946,-962.068101,-8000.000000,-54.646000,0,26385,11356,14473,0,0.439661,0.560339,134.650550
20260510_164552,2026-05-10 16:47:02,8,6.2868,1,500,100,100,0,1,20,20,185,185,83,2195.415552,-8221.884674,2862.530546,2015.222193,185.000000,32.477434,223.980000,-13.234983,746.542308,-1043.931433,-8300.000000,-52.718000,0,30469,12852,17048,0,0.429833,0.570167,132.262778
20260510_164552,2026-05-10 16:47:08,9,6.0477,1,500,100,100,0,0,20,20,179,179,83,1439.956773,-8187.234310,2863.020329,1946.777633,179.000000,28.248884,205.555000,-10.808627,610.267932,-860.311500,-8300.000000,-39.186000,0,25812,11162,14116,5,0.441482,0.558320,135.131239
20260510_164552,2026-05-10 16:47:14,10,6.1914,1,500,100,100,0,0,20,20,184,184,66,1666.118098,-6391.219725,2861.864520,1844.010373,184.000000,31.785300,237.835000,-10.409816,661.575533,-856.531742,-6600.000000,-39.474000,0,23957,10642,12794,6,0.453972,0.545773,134.669632
20260510_164552,2026-05-10 16:47:21,11,6.3427,1,500,100,100,0,0,20,20,189,189,73,1706.073759,-7113.006259,3220.038573,1875.628408,189.000000,30.527584,237.200000,-12.218808,686.769188,-899.992224,-7300.000000,-44.292000,0,26665,11650,14524,1,0.445081,0.554881,130.987563
20260510_164552,2026-05-10 16:47:27,12,6.2118,1,500,100,100,0,1,20,20,184,184,83,2886.458703,-8187.438763,2866.247202,2026.597046,184.000000,29.918013,220.090000,-11.983702,693.114669,-963.019743,-8300.000000,-39.558000,0,26055,11170,14322,6,0.438074,0.561691,131.906186
20260510_164552,2026-05-10 16:47:35,13,7.5947,1,500,100,100,0,0,20,20,238,238,65,2170.806666,-6190.220978,2663.096418,1828.140997,238.000000,37.556125,288.685000,-11.593976,718.933502,-920.389629,-6500.000000,-41.412000,0,27015,12034,14437,0,0.454611,0.545389,137.180174
20260510_164552,2026-05-10 16:47:43,14,8.1055,1,500,100,100,0,1,20,20,318,318,57,3274.702227,-5217.833989,3065.811478,1739.711621,318.000000,42.450454,324.020000,-12.817886,886.275994,-1042.126551,-5700.000000,-33.636000,0,32445,14619,17200,0,0.459442,0.540558,140.770519
20260510_164552,2026-05-10 16:47:51,15,7.9544,1,500,100,100,0,1,20,20,276,276,58,2620.769101,-5396.858997,2968.145075,1714.971946,276.000000,41.852638,319.945000,-14.505669,942.799828,-1126.432794,-5800.000000,-36.518000,0,36681,16098,19838,4,0.447913,0.551976,141.505391
20260510_164552,2026-05-10 16:48:00,16,9.2758,1,500,100,100,0,6,20,20,420,420,59,5691.602970,-5241.565281,2478.701218,1821.624256,420.000000,54.239221,388.505000,-16.471337,1098.508429,-1228.010594,-5900.000000,-58.336000,0,39724,18320,20662,13,0.469804,0.529863,138.304068
20260510_164552,2026-05-10 16:48:09,17,8.9660,1,500,100,100,0,7,20,20,428,428,61,4922.448901,-5464.717691,2742.289429,1740.870732,428.000000,52.501883,375.615000,-11.621484,781.999042,-939.474133,-6100.000000,-51.738000,0,27623,12379,14662,0,0.457786,0.542214,138.052244
20260510_164552,2026-05-10 16:48:17,18,7.7103,1,500,100,100,0,2,20,20,270,270,61,3084.566253,-5753.677326,3470.167525,1748.324653,270.000000,41.051336,303.220000,-12.485317,801.795598,-997.234943,-6100.000000,-60.024000,0,30719,13629,16482,1,0.452610,0.547357,136.586311
20260510_164552,2026-05-10 16:48:25,19,7.8102,1,500,100,100,0,2,20,20,297,297,57,3763.360638,-5257.264676,2572.379041,1680.375670,297.000000,43.367293,314.455000,-11.693979,697.380939,-837.937928,-5700.000000,-59.836000,0,30208,14000,15636,1,0.472382,0.527584,141.516842
20260510_164552,2026-05-10 16:48:33,20,7.8682,1,500,100,100,0,4,20,20,314,314,66,3597.730216,-6189.986719,2877.003122,1889.521237,314.000000,41.393531,295.900000,-13.153132,871.443781,-1056.074899,-6600.000000,-43.496000,0,31884,14472,16787,0,0.462971,0.537029,138.369694
20260510_164552,2026-05-10 16:48:41,21,7.2771,1,500,100,100,0,1,20,20,303,303,76,3960.108125,-7248.663144,2689.230146,1922.912337,303.000000,39.061183,277.810000,-13.819770,758.179257,-968.329814,-7600.000000,-44.564000,0,32264,14411,17270,3,0.454835,0.545070,133.535685
20260510_164552,2026-05-10 16:48:50,22,9.3707,1,500,100,100,0,2,20,20,328,328,49,3518.846064,-4345.362859,2219.939243,1605.096853,328.000000,54.730071,382.760000,-16.522405,927.646298,-1054.452824,-4900.000000,-67.524000,0,41056,19063,21094,230,0.472008,0.522297,140.476128
20260510_164552,2026-05-10 16:48:59,23,8.7911,1,500,100,100,0,2,20,20,290,290,52,3420.077255,-4640.507876,3268.115643,1572.423692,290.000000,49.886525,361.580000,-12.307139,828.256869,-899.608132,-5200.000000,-58.316000,0,32267,14782,16781,47,0.467637,0.530876,143.776906
20260510_164552,2026-05-10 16:49:08,24,9.1134,1,500,100,100,0,2,20,20,283,283,48,3404.510501,-4252.852316,3881.524753,1702.855648,283.000000,51.788782,373.850000,-11.681263,711.583482,-781.675317,-4800.000000,-79.718000,0,28683,12988,15150,0,0.461582,0.538418,138.593780
20260510_164552,2026-05-10 16:49:50,25,41.7228,0,1,100,100,0,8,20,20,603,603,50,7526.775221,-4069.716488,2480.022980,1711.836739,603.000000,65.109234,454.490000,-14.343357,914.221310,-1011.401675,-5000.000000,-80.792000,0,35907,16263,18219,603,0.463531,0.519282,141.678187
20260510_164552,2026-05-10 16:50:32,26,41.7298,0,1,100,100,0,11,20,20,715,715,60,6130.942156,-5034.258829,3295.577410,1852.874399,715.000000,66.054798,453.585000,-17.359269,978.665004,-1146.962362,-6000.000000,-83.242000,0,37448,16984,19766,35,0.461710,0.537339,131.421136
20260510_165440,2026-05-10 16:54:52,0,11.4936,1,500,100,100,0,2,20,20,259,259,69,3126.872987,-6606.412992,2490.772661,1587.139785,259.000000,37.270991,255.840000,-11.796350,668.443635,-849.011267,-6900.000000,-66.160000,0,27520,12501,14494,0,0.463086,0.536914,138.085983
20260510_165440,2026-05-10 16:55:00,1,7.6204,1,500,100,100,0,1,20,20,308,308,63,4426.716412,-5970.468462,2237.033010,1591.819552,308.000000,41.639884,291.225000,-15.044683,793.880730,-1009.831393,-6300.000000,-80.338000,0,36226,16215,19435,1,0.454826,0.545146,137.560676
20260510_165440,2026-05-10 16:55:07,2,7.1171,1,500,100,100,0,1,20,20,264,264,60,2152.021891,-5656.004484,2492.653400,1541.533155,264.000000,37.804158,273.850000,-12.487671,687.950611,-833.739583,-6000.000000,-73.382000,0,30183,13637,15982,28,0.459979,0.539076,138.225107
20260510_165440,2026-05-10 16:55:15,3,8.5703,1,500,100,100,0,2,20,20,338,338,51,2922.275214,-4606.207915,2215.978782,1471.664132,338.000000,46.120688,345.855000,-14.046530,713.653672,-840.604745,-5100.000000,-95.186000,0,34781,16078,18150,7,0.469636,0.530159,139.551865
20260510_165440,2026-05-10 16:55:23,4,7.8101,1,500,100,100,0,2,20,20,325,325,66,3020.208543,-6211.007194,3043.822877,1710.850912,325.000000,41.942833,302.480000,-14.137878,845.111360,-1044.147510,-6600.000000,-67.256000,0,34325,15714,17953,34,0.466277,0.532714,137.895659
20260510_165440,2026-05-10 16:55:31,5,7.9741,1,500,100,100,0,1,20,20,329,329,62,3680.899858,-5728.521159,2992.257932,1640.033759,329.000000,45.296824,324.850000,-12.351470,745.988644,-879.507158,-6200.000000,-81.798000,0,31570,14965,15959,56,0.483054,0.515139,140.954962
20260510_165440,2026-05-10 16:55:39,6,6.9807,1,500,100,100,0,1,20,20,310,310,74,3701.957444,-7061.365788,3838.622933,1797.142466,310.000000,36.673948,265.285000,-12.004079,687.094865,-873.289521,-7400.000000,-75.126000,0,27037,11986,14555,5,0.451518,0.548294,129.881451
20260510_165440,2026-05-10 16:55:45,7,6.7209,1,500,100,100,0,0,20,20,280,280,74,1378.746872,-7091.689190,3254.707022,1824.732937,280.000000,33.666436,244.590000,-11.866475,707.794469,-881.191620,-7400.000000,-64.682000,0,26227,11616,14107,2,0.451545,0.548377,131.751434
20260510_165440,2026-05-10 16:55:52,8,6.9825,1,500,100,100,0,0,20,20,283,283,79,2123.942896,-7651.235670,3050.680625,1888.557661,283.000000,36.067624,259.630000,-12.845221,829.652237,-1074.734311,-7900.000000,-72.006000,0,29118,12687,15796,1,0.445408,0.554557,134.507418
20260510_165440,2026-05-10 16:55:59,9,6.6396,1,500,100,100,0,0,20,20,251,251,77,4190.445307,-7453.963960,2860.091825,1899.808646,251.000000,32.305113,231.530000,-9.378000,626.788811,-833.397884,-7700.000000,-52.812000,0,22052,9891,11619,0,0.459833,0.540167,135.749626
20260510_165440,2026-05-10 16:56:07,10,7.3801,1,500,100,100,0,0,20,20,291,291,73,2407.250384,-6957.131516,3091.973224,1874.123547,291.000000,39.135231,274.020000,-14.924625,910.524110,-1095.618233,-7300.000000,-61.268000,0,33955,15233,18105,0,0.456926,0.543074,134.739072
20260510_165440,2026-05-10 16:56:15,11,8.3390,1,500,100,100,0,1,20,20,394,394,78,3799.294342,-7386.210010,3283.189947,1931.897554,394.000000,45.913588,321.365000,-15.546276,952.086928,-1213.889250,-7800.000000,-70.140000,0,35825,15962,19176,6,0.454188,0.545641,135.318223
20260510_165440,2026-05-10 16:56:22,12,7.0568,1,500,100,100,0,1,20,20,277,277,74,3016.126566,-7142.168456,4485.016166,1863.031663,277.000000,37.337626,265.110000,-11.891640,691.387290,-943.059732,-7400.000000,-58.052000,0,27408,11513,15309,13,0.429029,0.570486,133.991009
20260510_165440,2026-05-10 16:56:31,13,8.8306,1,500,100,100,0,4,20,20,314,314,65,3024.290127,-6076.535790,2841.748991,1827.363219,314.000000,49.249630,348.760000,-16.224318,1004.459915,-1187.063017,-6500.000000,-89.718000,0,38804,17636,20412,35,0.463094,0.535987,138.422570
20260510_165440,2026-05-10 16:56:41,14,9.4378,1,500,100,100,0,2,20,20,349,349,56,3443.926010,-5096.598064,2877.059483,1703.394318,349.000000,49.400050,370.130000,-13.063871,875.027224,-1033.209467,-5600.000000,-93.882000,0,32273,14459,17127,4,0.457708,0.542165,140.520098
20260510_165440,2026-05-10 16:56:51,15,9.7391,1,500,100,100,0,5,20,20,430,430,49,3755.282886,-4227.806974,3278.865017,1650.923363,430.000000,57.187068,415.075000,-14.346480,1041.260988,-1149.987550,-4900.000000,-106.996000,0,36103,16893,18430,0,0.478244,0.521756,140.206849
20260510_165440,2026-05-10 16:57:00,16,8.8640,1,500,100,100,0,4,20,20,410,410,66,5328.036721,-6066.684674,2497.664423,1845.150625,410.000000,53.597643,372.285000,-15.237267,1040.432713,-1238.106763,-6600.000000,-89.656000,0,37205,16868,19511,36,0.463216,0.535796,139.230126
20260510_165440,2026-05-10 16:57:08,17,7.9951,1,500,100,100,0,1,20,20,364,364,71,2178.334063,-6660.483123,2870.725518,1971.312260,364.000000,43.766370,313.420000,-13.660909,903.123269,-1103.163852,-7100.000000,-67.968000,0,31953,14753,16556,1,0.471191,0.528777,136.383798
20260510_165440,2026-05-10 16:57:17,18,9.0710,1,500,100,100,0,4,20,20,313,313,66,3253.789101,-6193.130788,2879.677687,1890.071642,313.000000,48.951968,357.470000,-16.024417,1156.341547,-1370.019887,-6600.000000,-82.850000,0,38836,17812,20144,34,0.468860,0.530245,139.058004
20260510_165440,2026-05-10 16:57:59,19,41.5099,0,1,100,100,0,4,20,20,353,353,65,2895.548952,-6049.668472,2682.018073,1870.424781,353.000000,47.083657,333.745000,-16.189830,1123.846042,-1310.749341,-6500.000000,-80.404000,0,39042,17863,20336,12,0.467483,0.532203,138.073572
20260510_165440,2026-05-10 16:58:40,20,41.4485,0,1,100,100,0,2,20,20,417,417,82,2956.560442,-7765.661759,2694.044608,2085.091020,417.000000,47.791212,339.255000,-17.500745,1238.881968,-1518.511195,-8200.000000,-72.578000,0,41115,18415,21846,0,0.457391,0.542609,137.080043
20260510_165440,2026-05-10 16:59:22,21,41.6336,0,1,100,100,0,3,20,20,340,340,57,3582.893001,-5193.377364,2871.303582,1784.039753,340.000000,47.690949,361.125000,-15.199203,1005.140576,-1164.996687,-5700.000000,-67.138000,0,36950,17121,19067,27,0.472760,0.526495,139.215383
20260510_165440,2026-05-10 17:00:04,22,41.4201,0,1,100,100,0,4,20,20,453,453,63,3451.652035,-5714.618589,3088.235633,1815.800451,453.000000,50.490495,356.335000,-13.705359,955.342062,-1135.792787,-6300.000000,-80.288000,0,33988,15305,17946,11,0.460135,0.539535,141.613055
20260510_165440,2026-05-10 17:00:45,23,41.4588,0,1,100,100,0,1,20,20,293,293,78,2451.100970,-7532.169249,3287.869664,1972.651949,293.000000,39.066083,267.595000,-11.734530,705.604984,-972.210786,-7800.000000,-53.490000,0,28008,11927,15327,161,0.435054,0.559073,138.413619
20260510_170435,2026-05-10 17:04:45,0,10.6756,1,500,100,100,0,1,20,20,342,342,53,2364.436143,-4845.947266,2207.587788,1465.582514,342.000000,46.383018,333.610000,-15.458210,817.407515,-982.431590,-5300.000000,-87.458000,0,37553,17595,19331,0,0.476494,0.523506,136.005294
20260510_170435,2026-05-10 17:04:54,1,8.1602,1,500,100,100,0,1,20,20,292,292,65,2291.560658,-6144.371655,3078.314462,1642.127884,292.000000,44.176477,309.820000,-17.577808,978.196459,-1164.392782,-6500.000000,-86.594000,0,41374,19074,21664,0,0.468211,0.531789,133.117008
20260510_170435,2026-05-10 17:05:01,2,7.5356,1,500,100,100,0,2,20,20,302,302,70,2785.553686,-6686.140593,2865.988707,1721.390018,302.000000,40.893460,292.995000,-14.835472,834.602239,-1062.341821,-7000.000000,-79.454000,0,33983,15207,18194,0,0.455286,0.544714,135.891933
20260510_170435,2026-05-10 17:05:08,3,6.4280,1,500,100,100,0,0,20,20,204,204,71,1676.543896,-6911.136690,3384.194741,1790.730123,204.000000,32.577995,234.875000,-12.883482,715.934071,-919.126274,-7100.000000,-66.514000,0,30107,13413,16110,10,0.454170,0.545491,136.936815
20260510_170435,2026-05-10 17:05:16,4,7.8014,1,500,100,100,0,2,20,20,282,282,67,2521.004409,-6315.415946,2634.381660,1749.243666,282.000000,44.093287,307.505000,-14.804251,932.883603,-1088.179585,-6700.000000,-78.914000,0,34986,16441,17911,0,0.478604,0.521396,137.263375
20260510_170435,2026-05-10 17:05:24,5,7.5757,1,500,100,100,0,1,20,20,246,246,62,4150.544910,-5884.392216,3090.504343,1717.128361,246.000000,39.647425,293.115000,-12.291397,741.606560,-925.163804,-6200.000000,-67.306000,0,27393,12222,14597,4,0.455654,0.544197,132.508656
20260510_170435,2026-05-10 17:05:31,6,7.3458,1,500,100,100,0,1,20,20,239,239,66,3477.031654,-6254.301194,3023.053887,1824.031102,239.000000,38.801642,279.005000,-11.672315,766.895303,-906.216824,-6600.000000,-60.114000,0,27977,12794,14663,6,0.465863,0.533918,137.826801
20260510_170435,2026-05-10 17:05:40,7,8.5206,1,500,100,100,0,2,20,20,309,309,55,3305.620876,-5022.078484,2882.477344,1718.858932,309.000000,47.464090,356.205000,-12.790337,884.602874,-1035.332111,-5500.000000,-71.228000,0,31925,14632,16511,49,0.469095,0.529334,138.900271
20260510_170435,2026-05-10 17:05:48,8,8.6421,1,500,100,100,0,3,20,20,347,347,65,3071.669131,-6078.958559,2688.204616,1865.530453,347.000000,48.882783,356.875000,-14.258038,940.377082,-1180.395387,-6500.000000,-77.440000,0,34528,14982,18771,78,0.442848,0.554846,139.125560
20260510_170435,2026-05-10 17:05:56,9,7.2241,1,500,100,100,0,3,20,20,304,304,67,3684.044109,-6323.314889,3218.761302,1888.855120,304.000000,40.923854,285.770000,-12.521148,738.021794,-913.251389,-6700.000000,-66.258000,0,28331,12887,14850,25,0.464196,0.534904,133.940950
20260510_170435,2026-05-10 17:06:04,10,7.7494,1,500,100,100,0,2,20,20,318,318,69,4026.069258,-6554.956051,2888.691892,1869.488054,318.000000,41.076794,303.935000,-13.581373,828.363484,-1060.447956,-6900.000000,-72.302000,0,30979,13563,16806,4,0.446548,0.553320,133.778859
20260510_170435,2026-05-10 17:06:45,11,41.5394,0,1,100,100,0,1,20,20,241,241,69,3355.208368,-6577.206466,2880.188909,1812.117350,241.000000,39.025796,281.770000,-10.012156,635.291920,-795.782027,-6900.000000,-68.500000,0,25979,11042,14317,1,0.435410,0.564550,142.667710
20260510_170435,2026-05-10 17:06:54,12,8.8298,1,500,100,100,0,0,20,20,243,243,60,2636.111531,-5679.925312,2467.323288,1812.116104,243.000000,39.351506,291.080000,-9.766110,591.835536,-773.952244,-6000.000000,-61.474000,0,22472,9404,12506,29,0.428643,0.570035,137.973285
20260510_170435,2026-05-10 17:07:03,13,9.0876,1,500,100,100,0,2,20,20,402,402,59,4110.032896,-5310.467371,2877.288717,1784.090562,402.000000,50.539864,378.215000,-12.526941,855.714342,-1013.557636,-5900.000000,-70.852000,0,30999,14080,16257,16,0.463875,0.535598,138.200157
20260510_170435,2026-05-10 17:07:14,14,10.2433,1,500,100,100,0,9,20,20,487,487,64,4261.402878,-5707.018496,3019.382563,1877.116889,487.000000,60.790624,435.110000,-12.657702,854.126932,-1040.938350,-6400.000000,-90.450000,0,31650,14384,16515,102,0.463985,0.532725,141.658841
20260510_170435,2026-05-10 17:07:22,15,8.3592,1,500,100,100,0,1,20,20,301,301,62,3454.221468,-5745.267666,3251.904532,1725.933518,301.000000,44.678704,335.750000,-13.683007,931.904689,-1077.400051,-6200.000000,-67.518000,0,35554,16057,18764,12,0.460971,0.538685,141.445486
20260510_170435,2026-05-10 17:07:29,16,6.8232,1,500,100,100,0,0,20,20,245,245,75,3273.564110,-7271.989839,2859.083141,1940.587235,245.000000,35.005686,260.905000,-10.273025,639.969882,-872.433382,-7500.000000,-70.164000,0,24747,10689,13493,23,0.441603,0.557447,137.938833
20260510_170435,2026-05-10 17:07:38,17,8.8083,1,500,100,100,0,1,20,20,274,274,54,3496.206632,-4954.363106,3598.228498,1710.495712,274.000000,48.374215,351.400000,-12.308680,765.825140,-897.381782,-5400.000000,-84.272000,0,31453,14138,16649,7,0.459115,0.540657,139.455385
20260510_170435,2026-05-10 17:07:46,18,8.0534,1,500,100,100,0,2,20,20,255,255,60,3079.187108,-5635.543576,2649.243746,1775.928949,255.000000,38.516885,303.975000,-9.730668,604.743042,-770.991836,-6000.000000,-57.056000,0,25016,10569,13069,804,0.432411,0.534694,141.323679
20260510_170435,2026-05-10 17:07:56,19,9.1014,1,500,100,100,0,1,20,20,326,326,59,3024.381081,-5348.043725,2481.751880,1759.398986,326.000000,49.571463,366.795000,-12.428736,823.429811,-940.397262,-5900.000000,-61.014000,0,29609,13570,15414,10,0.468028,0.531627,138.010686
20260510_170435,2026-05-10 17:08:04,20,8.3146,1,500,100,100,0,3,20,20,389,389,64,4074.347869,-5866.133738,3275.303569,1896.063572,389.000000,46.933305,340.245000,-12.220801,822.779862,-992.637103,-6400.000000,-60.234000,0,30368,13336,16323,9,0.449508,0.550189,141.300064
20260510_170435,2026-05-10 17:08:46,21,41.6010,0,1,100,100,0,4,20,20,347,347,72,5073.976001,-6770.861079,2661.816968,1957.038217,347.000000,41.668794,290.250000,-10.353868,701.463565,-887.465569,-7200.000000,-53.424000,0,25895,11042,14205,21,0.436995,0.562174,139.248870
20260510_170435,2026-05-10 17:09:28,22,41.8019,0,1,100,100,0,4,20,20,358,358,56,4233.452686,-5029.619052,3286.347033,1716.439273,358.000000,51.589636,380.350000,-9.958520,660.574800,-804.190968,-5600.000000,-65.984000,0,25931,11345,13950,21,0.448136,0.551035,143.282575
20260510_171523,2026-05-10 17:15:35,0,11.5794,1,500,100,100,0,0,20,20,254,254,73,1195.858883,-7071.527398,2407.678009,1658.234441,254.000000,32.812606,228.810000,-11.827045,660.067196,-870.848155,-7300.000000,-64.542000,0,28162,12683,14978,0,0.458516,0.541484,139.460100
20260510_171523,2026-05-10 17:15:41,1,6.1691,1,500,101,100,1,0,20,20,242,239,72,1716.769395,-6893.668507,3679.070032,1802.311967,239.000000,32.372485,236.690000,-9.015806,438.564700,-647.746315,-7100.000000,-64.016000,0,20853,9262,11201,5,0.452511,0.547244,133.460440
20260510_171523,2026-05-10 17:15:48,2,6.7407,1,500,102,100,2,1,20,20,287,271,79,4112.641719,-7470.911242,3199.067031,1915.558667,271.000000,33.964538,245.200000,-13.169510,765.712750,-1011.440954,-7700.000000,-60.604000,0,30258,13544,16154,2,0.456027,0.543906,131.447061
20260510_171523,2026-05-10 17:15:55,3,6.2044,1,500,103,100,3,0,20,20,303,296,88,2245.536726,-8230.853157,3721.580032,1979.634687,296.000000,31.221076,220.985000,-12.359370,676.618136,-908.655890,-8500.000000,-54.338000,0,27818,12080,15262,1,0.441795,0.558168,132.825951
20260510_171523,2026-05-10 17:16:36,4,41.4593,0,1,104,100,4,0,20,20,242,234,91,3427.989410,-8538.067753,3064.341394,2029.242621,234.000000,26.916063,201.520000,-11.231322,587.608297,-880.049983,-8900.000000,-48.734000,0,23653,9977,13222,0,0.430062,0.569938,128.516604
20260510_171523,2026-05-10 17:17:15,5,38.7776,1,500,105,100,5,1,20,20,279,271,82,2559.630922,-7429.251822,4680.793556,1890.823734,271.000000,34.838544,246.325000,-13.083207,754.510356,-952.171882,-7900.000000,-62.114000,0,30558,13600,16496,0,0.451887,0.548113,133.889526
20260510_171523,2026-05-10 17:17:21,6,5.9707,1,500,105,100,5,0,20,20,224,208,86,5158.831306,-7950.864002,3263.501892,2068.146548,208.000000,29.369179,203.605000,-13.071788,759.391417,-1005.978166,-8200.000000,-49.994000,0,30820,13476,16793,1,0.445193,0.554774,131.638695
20260510_171523,2026-05-10 17:17:27,7,6.0946,1,500,105,100,5,0,20,20,253,245,86,3058.580683,-7883.290301,3612.795870,2058.111434,245.000000,29.063846,209.840000,-14.028071,768.953808,-998.243094,-8300.000000,-49.202000,0,33947,15032,18338,12,0.450303,0.549338,132.640938
20260510_171523,2026-05-10 17:17:34,8,6.1530,1,500,105,100,5,0,20,20,241,210,79,5356.584292,-7160.370249,4023.394273,1944.094637,210.000000,31.709970,225.755000,-9.208162,512.022079,-697.374518,-7500.000000,-53.040000,0,21481,9169,11871,6,0.435665,0.564050,132.247321
20260510_171523,2026-05-10 17:17:41,9,6.9147,1,500,105,100,5,1,20,20,279,254,86,5842.062542,-7808.796103,4594.672044,1956.628411,254.000000,33.539823,231.415000,-12.814324,676.313844,-898.377304,-8200.000000,-49.636000,0,29630,13006,16057,11,0.447341,0.552280,131.144303
20260510_171523,2026-05-10 17:17:47,10,6.8479,1,500,105,100,5,0,20,20,246,228,73,3142.262978,-6573.868491,3234.341715,1811.570518,228.000000,33.331213,246.470000,-11.071603,566.947528,-776.394571,-7100.000000,-47.012000,0,27963,11958,15502,1,0.435454,0.564510,130.166332
20260510_171523,2026-05-10 17:17:54,11,6.2667,1,500,105,100,5,0,20,20,223,213,82,2847.407631,-7483.776148,3239.022617,1927.622321,213.000000,30.350225,223.095000,-10.441230,537.456322,-758.993357,-7800.000000,-37.566000,0,25030,10759,13766,15,0.438427,0.560962,133.462347
20260510_171523,2026-05-10 17:18:01,12,7.3637,1,500,105,100,5,3,20,20,321,301,66,4641.901757,-5734.976814,3162.092061,1741.293658,301.000000,37.320912,276.240000,-9.843134,583.956969,-731.330372,-6400.000000,-54.618000,0,25427,11524,13362,19,0.462718,0.536519,137.949646
20260510_171523,2026-05-10 17:18:09,13,7.1629,1,500,105,100,5,1,20,20,304,284,81,7502.098872,-7259.245193,3052.566825,1886.982039,284.000000,35.313268,254.765000,-12.180691,728.415694,-961.441157,-7700.000000,-44.590000,0,30289,13477,16180,31,0.453954,0.545001,137.359477
20260510_171523,2026-05-10 17:18:17,14,7.9606,1,500,105,100,5,1,20,20,310,281,67,5877.095283,-5843.534236,3035.744001,1850.118833,281.000000,36.761052,298.280000,-11.962347,748.752667,-948.700057,-6500.000000,-54.702000,0,29373,13088,15654,24,0.454982,0.544184,137.106622
20260510_171523,2026-05-10 17:18:24,15,7.5022,1,500,105,100,5,1,20,20,323,286,87,3533.058148,-7830.354719,3070.468335,2008.724167,286.000000,37.398939,270.475000,-12.282689,669.811391,-937.731315,-8300.000000,-44.876000,0,30811,13265,16947,14,0.438861,0.560676,135.047455
20260510_171523,2026-05-10 17:18:31,16,6.7955,1,500,105,100,5,2,20,20,298,286,92,4153.618737,-8362.644518,3343.673224,2061.278381,286.000000,34.768378,245.850000,-13.156376,773.050507,-1046.932160,-8700.000000,-36.548000,0,30117,12959,16521,53,0.438797,0.559408,132.789251
20260510_171523,2026-05-10 17:18:39,17,7.0821,1,500,105,100,5,0,20,20,256,237,82,5111.772869,-7398.432427,2744.114888,1915.889282,237.000000,32.065095,247.100000,-12.679119,696.596525,-938.825125,-7800.000000,-38.048000,0,29701,12838,16248,24,0.441017,0.558159,133.696010
20260510_171523,2026-05-10 17:18:48,18,9.3664,1,500,105,100,5,0,20,20,358,325,56,6699.515553,-4603.339253,2726.363538,1563.939662,325.000000,47.151982,344.425000,-14.635908,799.963407,-934.071016,-5400.000000,-53.872000,0,38619,17613,20253,93,0.464001,0.533549,139.415832
20260510_171523,2026-05-10 17:18:56,19,7.4225,1,500,105,100,5,1,20,20,263,240,78,7130.674018,-6949.475460,3282.990210,1858.904229,240.000000,33.782976,246.355000,-11.296522,586.336260,-785.271410,-7600.000000,-42.716000,0,30216,13551,16052,28,0.457325,0.541730,135.404234
20260510_171523,2026-05-10 17:19:04,20,8.5715,1,500,105,100,5,1,20,20,319,281,73,7775.299054,-6362.352115,3073.187286,1879.024150,281.000000,44.116941,307.435000,-14.298468,799.209542,-1000.924205,-7100.000000,-52.038000,0,35289,15941,18661,27,0.460337,0.538884,136.945620
20260510_171523,2026-05-10 17:19:11,21,6.6918,1,500,105,100,5,2,20,20,258,233,83,8243.662111,-7435.814138,3257.334697,1909.065848,233.000000,34.161913,239.590000,-11.164271,631.429115,-819.350780,-7900.000000,-38.964000,0,25617,11054,14032,10,0.440469,0.559133,133.955427
20260510_171523,2026-05-10 17:19:19,22,7.6423,1,500,105,100,5,1,20,20,271,241,79,7166.510776,-7042.019226,3481.017176,1913.698182,241.000000,36.864873,263.040000,-11.320168,670.582228,-882.750426,-7500.000000,-40.214000,0,29386,12682,16014,68,0.440898,0.556738,135.579633
20260510_171523,2026-05-10 17:19:28,23,8.9741,1,500,105,100,5,5,20,20,470,393,72,10380.527513,-6106.634877,2883.499301,1905.404030,393.000000,46.519464,332.545000,-15.200472,913.274371,-1134.434322,-7000.000000,-48.770000,0,39610,18007,20821,4,0.463715,0.536181,139.066420
20260510_171523,2026-05-10 17:19:37,24,8.7690,1,500,105,100,5,2,20,20,360,333,73,6382.032147,-6296.793656,3275.104007,1927.897719,333.000000,45.603367,333.920000,-14.521485,901.951970,-1087.851558,-6900.000000,-42.942000,0,36340,16189,19455,14,0.454008,0.545600,136.977737
20260510_171523,2026-05-10 17:19:45,25,7.6710,1,500,105,100,5,4,20,20,298,243,77,7530.908308,-6789.035177,3230.085997,2002.099959,243.000000,34.154892,242.525000,-12.208216,720.459059,-918.023604,-7600.000000,-36.234000,0,29812,13404,15811,8,0.458680,0.541046,133.975417
20260510_171523,2026-05-10 17:19:53,26,8.3191,1,500,105,100,5,0,20,20,280,241,72,2038.780814,-6351.864257,2675.583904,1950.467780,241.000000,40.961030,287.770000,-14.205484,818.770278,-1044.884099,-6700.000000,-47.498000,0,35437,15807,18908,2,0.455310,0.544632,137.253350
20260510_171523,2026-05-10 17:20:00,27,6.9328,1,500,105,100,5,2,20,20,224,194,76,6871.329968,-6833.181677,3674.695761,1936.744577,194.000000,32.319615,228.060000,-8.962946,494.808391,-717.751448,-7300.000000,-33.752000,0,23016,9850,12659,21,0.437195,0.561873,136.927849
20260510_171523,2026-05-10 17:20:08,28,7.8537,1,500,105,100,5,2,20,20,310,288,77,4102.260708,-6846.728155,2998.636994,1966.336318,288.000000,38.278243,279.430000,-15.696624,972.652581,-1237.872255,-7300.000000,-32.576000,0,38041,17272,19999,5,0.463354,0.536511,134.496586
20260510_171523,2026-05-10 17:20:16,29,7.2865,1,500,105,100,5,0,20,20,217,190,71,5337.973234,-6316.156693,2665.018468,1843.313253,190.000000,32.620391,246.515000,-10.797016,651.573545,-843.268279,-6800.000000,-39.724000,0,27112,12209,14326,15,0.459849,0.539586,139.090828
20260510_171523,2026-05-10 17:20:24,30,8.0780,1,500,105,100,5,2,20,20,248,238,63,5220.069225,-5459.885827,2653.466127,1733.642191,238.000000,42.154162,309.195000,-14.500999,839.091203,-994.822922,-6000.000000,-48.084000,0,34339,15360,18353,15,0.455408,0.544147,132.792916
20260510_171523,2026-05-10 17:20:32,31,7.6693,1,500,105,100,5,2,20,20,306,257,75,7614.790723,-6551.604687,2664.313660,1879.338611,257.000000,36.602954,265.135000,-13.225547,842.465187,-999.335381,-7300.000000,-41.910000,0,35341,16052,18481,13,0.464656,0.534968,137.876709
20260510_171523,2026-05-10 17:20:40,32,8.3399,1,500,105,100,5,0,20,20,275,226,68,6724.787691,-5957.236722,3284.382846,1862.562584,226.000000,37.653368,290.210000,-12.484977,702.689655,-917.153753,-6600.000000,-52.052000,0,31025,13379,17031,10,0.439809,0.559862,135.355301
20260510_171523,2026-05-10 17:20:49,33,8.3345,1,500,105,100,5,4,20,20,381,324,78,8648.099516,-6755.241296,2876.095582,1912.794648,324.000000,42.976980,290.825000,-15.526527,843.149862,-1038.021017,-7600.000000,-47.704000,0,37620,16477,20400,40,0.446326,0.552591,135.403339
20260510_171523,2026-05-10 17:20:58,34,9.3284,1,500,105,100,5,5,20,20,441,372,71,8040.117794,-5983.925002,2679.373604,1857.366554,372.000000,50.307126,350.005000,-15.176822,942.805906,-1150.967972,-6900.000000,-51.438000,0,39174,18090,20251,100,0.470591,0.526807,138.423899
20260510_171523,2026-05-10 17:21:07,35,8.3060,1,500,105,100,5,4,20,20,447,412,69,7874.964967,-5833.545264,3288.313242,1897.828573,412.000000,44.082718,306.885000,-14.217091,878.453694,-1064.675031,-6600.000000,-53.440000,0,35529,16465,18354,23,0.472562,0.526778,135.980658
20260510_171523,2026-05-10 17:21:16,36,8.6719,1,500,105,100,5,6,20,20,504,427,71,11994.779065,-5929.322517,3064.726762,1965.420705,427.000000,47.041071,325.815000,-14.981550,915.302656,-1105.798720,-6900.000000,-68.334000,0,38155,17068,20347,8,0.456083,0.543703,136.969517
20260510_171523,2026-05-10 17:21:24,37,8.3745,1,500,105,100,5,9,20,20,557,489,85,6236.490342,-7280.663279,2897.013844,2079.902523,489.000000,43.798722,312.970000,-13.846907,888.507529,-1149.024624,-8000.000000,-44.278000,0,36657,16188,19702,0,0.451045,0.548955,137.474438
20260510_171523,2026-05-10 17:21:33,38,8.2499,1,500,105,100,5,5,20,20,493,399,80,11376.959546,-6820.568798,2959.137095,1983.073814,399.000000,41.966567,297.840000,-14.208140,909.926278,-1142.800655,-7600.000000,-47.046000,0,37597,16814,19987,0,0.456890,0.543110,137.416804
20260510_171523,2026-05-10 17:21:42,39,9.0751,1,500,105,100,5,5,20,20,499,410,68,10167.505083,-5592.423176,3068.620034,1839.475271,410.000000,44.343263,324.685000,-14.046969,833.337366,-1030.018391,-6600.000000,-50.976000,0,34292,15598,18036,5,0.463688,0.536163,135.555533
20260510_171523,2026-05-10 17:21:50,40,8.2913,1,500,105,100,5,3,20,20,347,293,76,10208.846712,-6613.141932,3099.140768,1915.788757,293.000000,37.147345,274.225000,-13.310936,785.174476,-1036.035302,-7200.000000,-47.062000,0,35254,15259,19274,34,0.441433,0.557584,139.311466
20260510_171523,2026-05-10 17:22:01,41,10.1818,1,500,105,100,5,3,20,20,423,380,61,7965.476294,-4936.570668,2492.590946,1710.371549,380.000000,50.024799,380.950000,-13.257328,824.701289,-995.008350,-5800.000000,-58.138000,0,37480,17343,18943,427,0.472394,0.515975,145.843745
20260510_171523,2026-05-10 17:22:10,42,9.2441,1,500,105,100,5,9,20,20,577,512,77,10508.367877,-6408.498249,2872.687686,1972.918905,512.000000,45.741979,342.995000,-13.747866,831.959099,-1094.447328,-7500.000000,-43.600000,0,35946,15760,19415,20,0.447791,0.551641,138.459683
20260510_171523,2026-05-10 17:22:18,43,7.7790,1,500,105,100,5,3,20,20,429,333,82,11849.418609,-7080.218868,3893.925780,2024.785699,333.000000,34.377939,263.675000,-11.511172,673.029159,-923.670955,-8000.000000,-38.990000,0,30192,13413,16101,0,0.454462,0.545538,137.238181
20260510_171523,2026-05-10 17:22:29,44,10.3379,1,500,105,100,5,5,20,20,444,360,61,11525.003498,-4920.609379,3080.451537,1822.079240,360.000000,47.985676,354.055000,-14.426790,929.365864,-1093.631728,-5700.000000,-63.658000,0,37430,16974,19695,0,0.462898,0.537102,139.118888
20260510_171523,2026-05-10 17:22:37,45,8.6220,1,500,105,100,5,2,20,20,414,316,73,13400.919711,-6192.021366,3690.729491,1901.378051,316.000000,38.043112,298.155000,-11.962998,775.430918,-1003.910892,-7000.000000,-45.486000,0,34077,15095,18227,1,0.452990,0.546980,141.147013
20260510_171523,2026-05-10 17:22:45,46,7.9648,1,500,105,100,5,1,20,20,245,197,71,9406.336253,-6198.287355,3074.925885,1923.722237,197.000000,36.499786,274.140000,-11.927308,670.158423,-881.524559,-6700.000000,-49.820000,0,30794,13728,16489,3,0.454269,0.545632,135.710986
20260510_171523,2026-05-10 17:22:54,47,8.1858,1,500,105,100,5,3,20,20,394,256,77,12163.057104,-6639.844000,2874.328628,1952.966011,256.000000,37.965811,268.185000,-13.937105,721.433067,-984.200618,-7500.000000,-52.430000,0,38137,16268,21139,10,0.434776,0.564957,136.991905
20260510_171523,2026-05-10 17:23:03,48,9.0673,1,500,105,100,5,6,20,20,443,358,67,11915.043398,-5512.641597,2663.285953,1890.767522,358.000000,49.200816,339.295000,-15.035037,913.697260,-1077.081974,-6400.000000,-69.846000,0,39526,18265,20493,4,0.471209,0.528688,137.377826
20260510_171523,2026-05-10 17:23:12,49,8.3568,1,500,105,100,5,5,20,20,394,333,74,10886.844860,-6278.591788,3079.631382,1949.270153,333.000000,41.371840,303.030000,-13.190295,790.563567,-984.061291,-7100.000000,-54.538000,0,34247,14900,18650,35,0.443650,0.555307,135.094997
20260510_171523,2026-05-10 17:23:22,50,10.4627,1,500,105,100,5,11,20,20,614,528,49,11354.281893,-3458.524017,3075.658418,1721.255624,528.000000,58.870112,422.705000,-11.442666,784.765747,-869.017024,-4700.000000,-76.854000,0,31784,14657,16209,218,0.471529,0.521458,141.889730
20260510_171523,2026-05-10 17:23:31,51,8.4454,1,500,105,100,5,11,20,20,608,473,66,12007.775398,-5216.244282,3658.573875,1900.366517,473.000000,40.973565,317.565000,-11.504138,716.162083,-859.026392,-6500.000000,-45.526000,0,28613,12162,15846,4,0.434171,0.565686,137.415569
20260510_171523,2026-05-10 17:23:40,52,9.2334,1,500,105,100,5,8,20,20,766,605,67,13355.835096,-5139.299875,2853.687912,1864.836738,605.000000,46.961310,362.155000,-13.993735,1047.533240,-1207.525457,-6400.000000,-57.978000,0,38905,17848,19955,160,0.470142,0.525643,141.314648
20260510_171523,2026-05-10 17:23:51,53,11.0301,1,500,105,100,5,12,20,20,882,773,62,13921.975322,-4472.040434,3081.617035,1809.043201,773.000000,57.983293,437.840000,-16.759732,1207.363196,-1360.366242,-6000.000000,-69.240000,0,42562,20142,21381,113,0.483764,0.513522,139.744376
20260510_171523,2026-05-10 17:24:02,54,9.8316,1,500,105,100,5,6,20,20,716,619,72,14114.838635,-5662.121814,3888.042852,1933.471082,619.000000,50.997174,375.885000,-16.090034,1097.970662,-1266.705356,-7100.000000,-63.024000,0,44398,20411,22982,72,0.469596,0.528747,141.152139
20260510_171523,2026-05-10 17:24:11,55,9.1611,1,500,105,100,5,7,20,20,739,571,80,12385.829380,-6491.955026,3493.459351,2030.828799,571.000000,46.341975,332.580000,-17.369435,1162.423373,-1373.410817,-7700.000000,-52.968000,0,45191,20998,23262,20,0.474210,0.525339,136.180070
20260510_171523,2026-05-10 17:24:20,56,9.2190,1,500,105,100,5,6,20,20,613,495,72,11321.218551,-5863.405300,3092.154599,1921.296335,495.000000,44.554449,333.765000,-15.542292,904.814076,-1151.559106,-7000.000000,-55.658000,0,37597,16728,20097,15,0.454072,0.545521,132.597352
20260510_171523,2026-05-10 17:24:30,57,9.6126,1,500,105,100,5,9,20,20,780,621,68,12357.923235,-5234.135169,3098.736604,1907.533814,621.000000,48.791027,357.820000,-12.451486,794.088149,-992.124196,-6600.000000,-51.694000,0,34059,15274,17951,76,0.458665,0.539053,137.989002
20260510_171523,2026-05-10 17:24:44,58,13.6653,1,500,105,100,5,15,20,20,923,715,57,13767.828151,-3856.669704,4079.594176,1805.670023,715.000000,62.236541,477.180000,-11.855603,802.372932,-932.223760,-5600.000000,-65.428000,0,34598,15064,18391,290,0.446407,0.544999,142.444048
20260510_171523,2026-05-10 17:24:58,59,13.7392,1,500,105,100,5,22,20,20,1154,988,56,12316.378099,-3515.938888,3286.856634,1819.251832,988.000000,70.516436,512.050000,-12.883482,898.950403,-1047.401239,-5500.000000,-72.014000,0,37162,16664,19589,85,0.458583,0.539078,144.494748
20260510_171523,2026-05-10 17:25:10,60,11.5082,1,500,105,100,5,15,20,20,806,720,67,13487.069646,-5026.309115,3100.587824,1882.342261,720.000000,56.633304,429.805000,-12.616071,892.635735,-1061.198120,-6400.000000,-66.914000,0,35921,16161,18792,116,0.460834,0.535858,143.201041
20260510_171523,2026-05-10 17:25:22,61,12.2361,1,500,105,100,5,17,20,20,1015,863,58,15070.601213,-3867.029805,2902.260142,1847.570066,863.000000,62.375752,471.460000,-13.391296,997.525812,-1120.083271,-5600.000000,-76.208000,0,38989,18058,19522,476,0.474511,0.512981,144.871574
20260510_171523,2026-05-10 17:25:34,62,11.6878,1,500,105,100,5,13,20,20,932,908,67,7623.795357,-4883.893049,2695.738055,1887.773306,908.000000,66.151091,500.405000,-20.416618,1410.987235,-1612.319437,-6300.000000,-80.718000,0,53811,23916,28072,783,0.453203,0.531959,140.431534
20260510_171523,2026-05-10 17:25:45,63,11.0619,1,500,105,100,5,13,20,20,995,818,66,17765.024906,-4739.532999,2644.466706,1859.355820,818.000000,57.963954,434.605000,-16.960166,1166.557514,-1355.028744,-6400.000000,-66.260000,0,45928,21225,23552,181,0.472107,0.523867,138.617247
20260510_171523,2026-05-10 17:25:57,64,11.5436,1,500,105,100,5,17,20,20,941,829,50,14099.543847,-3150.348549,2735.505510,1638.782053,829.000000,61.416672,453.700000,-12.069029,895.968149,-988.856278,-4900.000000,-69.664000,0,34033,15985,17207,25,0.481229,0.518018,145.993637
20260510_171523,2026-05-10 17:26:08,65,10.9084,1,500,105,100,5,12,20,20,676,618,51,11506.898803,-3524.104748,2203.108579,1686.366714,618.000000,49.956033,414.615000,-9.896511,603.341177,-699.857991,-5000.000000,-57.890000,0,24880,11169,13033,198,0.457746,0.534139,139.841461
20260510_171523,2026-05-10 17:26:21,66,13.1083,1,500,105,100,5,20,20,20,1110,1064,45,9083.812449,-2399.308838,2545.179095,1590.444324,1064.000000,73.491062,562.930000,-10.259237,733.469770,-815.526788,-4200.000000,-76.764000,0,25860,12088,13149,34,0.478335,0.520320,142.279287
20260510_171523,2026-05-10 17:26:34,67,12.6585,1,500,105,100,5,20,20,20,985,867,43,13647.189921,-2322.936511,2391.241639,1526.663620,867.000000,68.271204,529.475000,-11.560895,733.091761,-825.612315,-4100.000000,-65.120000,0,31910,13787,17205,190,0.442146,0.551761,143.405912
20260510_171523,2026-05-10 17:26:48,68,13.4322,1,500,105,100,5,24,20,20,1051,892,52,15347.651105,-3145.694928,2681.234871,1655.811337,892.000000,74.614991,554.720000,-11.626027,858.167586,-1023.263568,-5000.000000,-62.008000,0,35961,15670,19243,146,0.446961,0.548875,147.692450
20260510_171523,2026-05-10 17:27:01,69,12.9915,1,500,105,100,5,17,20,20,1030,853,49,16759.441005,-2874.796576,3294.113034,1654.566339,853.000000,72.480727,525.075000,-18.940330,1307.974069,-1445.743816,-4700.000000,-48.112000,0,52822,24688,26546,460,0.477580,0.513522,142.637533
20260510_171523,2026-05-10 17:27:13,70,12.1027,1,500,105,100,5,10,20,20,769,692,58,13583.984818,-4047.534333,3092.330252,1724.620476,692.000000,56.869019,456.125000,-14.302135,1007.557437,-1126.446655,-5600.000000,-49.618000,0,40940,19090,20812,85,0.477405,0.520469,141.562766
20260510_171523,2026-05-10 17:27:28,71,14.8669,1,500,105,100,5,27,20,20,1265,1054,50,16716.768020,-2608.590026,2879.418712,1739.770470,1054.000000,77.834139,578.315000,-12.755555,911.278121,-972.972121,-4900.000000,-55.704000,0,36306,16776,18455,277,0.472457,0.519742,143.183360
20260510_171523,2026-05-10 17:27:42,72,13.0666,1,500,105,100,5,18,20,20,1088,940,51,15991.243847,-2943.850368,2695.564973,1676.197839,940.000000,68.046141,515.125000,-14.140443,1051.735796,-1133.033942,-5000.000000,-46.692000,0,41992,19751,21235,59,0.481204,0.517359,144.940831
20260510_171523,2026-05-10 17:27:56,73,13.8813,1,500,105,100,5,17,20,20,1025,935,41,15137.349773,-2049.818841,2302.249115,1603.120889,935.000000,74.547459,565.500000,-12.409056,840.481254,-956.396833,-4000.000000,-50.188000,0,34613,15920,17804,65,0.471159,0.526917,144.490441
20260510_171523,2026-05-10 17:28:10,74,14.0064,1,500,105,100,5,19,20,20,1073,859,46,15459.885878,-2455.911533,2499.161223,1662.577703,859.000000,72.123231,541.410000,-14.006030,945.912448,-1033.893625,-4600.000000,-54.740000,0,38818,18153,19822,62,0.477246,0.521124,140.801361
20260510_171523,2026-05-10 17:28:22,75,11.2993,1,500,105,100,5,15,20,20,1115,982,68,15788.918994,-4713.248788,2883.700834,1938.851425,982.000000,62.621008,450.845000,-15.986343,1173.774518,-1328.970200,-6500.000000,-48.320000,0,43356,20154,21958,252,0.475734,0.518317,139.448518
20260510_171523,2026-05-10 17:28:35,76,13.5266,1,500,105,100,5,23,20,20,1422,1254,61,14220.230759,-3644.488054,2889.432017,1903.958634,1254.000000,74.668610,536.265000,-19.592993,1575.333222,-1735.313096,-6100.000000,-63.346000,0,53710,25231,27043,155,0.481241,0.515802,143.408384
20260510_171523,2026-05-10 17:29:17,77,41.8966,0,1,105,100,5,23,20,20,1332,1203,51,14785.520108,-2753.102667,2883.591450,1746.700657,1203.000000,73.751551,576.640000,-15.845598,1255.813991,-1396.636890,-4900.000000,-78.134000,0,43806,20556,22079,138,0.480584,0.516190,144.073953
20260510_171523,2026-05-10 17:30:00,78,42.0421,0,1,105,100,5,33,20,20,2225,1948,66,19255.513416,-3274.685314,2701.414343,1935.513545,1948.000000,83.055591,592.365000,-14.922968,1208.075767,-1357.064193,-6400.000000,-41.484000,0,44236,20637,22320,103,0.479261,0.518346,144.679037
20260510_171523,2026-05-10 17:30:42,79,42.0490,0,1,105,100,5,17,20,20,1425,1213,55,19418.039284,-3030.482434,2503.611541,1824.223599,1213.000000,68.746900,516.055000,-16.158509,1337.894119,-1446.916343,-5300.000000,-47.860000,0,48131,22733,24225,4,0.484072,0.515843,142.571230
20260510_171523,2026-05-10 17:31:15,80,33.1379,1,500,105,100,5,17,20,20,1332,1184,59,15446.067304,-3506.138397,5105.474379,1837.459888,1184.000000,73.796929,574.205000,-18.105751,1464.853750,-1591.790727,-5500.000000,-76.268000,0,53073,25330,26450,58,0.488638,0.510243,143.428169
20260510_171523,2026-05-10 17:31:28,81,12.9711,1,500,105,100,5,25,20,20,1285,1109,50,14707.184618,-2693.308522,2866.632140,1728.497805,1109.000000,73.053865,538.095000,-13.699077,1062.346851,-1192.593999,-4900.000000,-82.672000,0,41322,19019,21072,245,0.471514,0.522412,146.614469
20260510_171523,2026-05-10 17:31:44,82,15.5713,1,500,105,100,5,40,20,20,1981,1857,50,15958.309682,-1942.465832,2721.393879,1789.492133,1857.000000,97.791840,695.995000,-23.207241,1770.334193,-1901.071831,-4600.000000,-108.588000,0,62957,29034,32482,80,0.471362,0.527339,142.959706
20260510_171523,2026-05-10 17:31:58,83,13.1651,1,500,105,100,5,15,20,20,1337,1160,54,17316.681336,-3031.861783,2686.075206,1772.827295,1160.000000,74.573734,548.120000,-17.020967,1318.765353,-1463.561360,-5200.000000,-84.870000,0,50827,23728,25754,170,0.477886,0.518690,146.445205
20260510_171523,2026-05-10 17:32:11,84,13.4423,1,500,105,100,5,19,20,20,1334,1147,40,20135.252105,-1563.290696,2290.679465,1619.647118,1147.000000,78.191965,565.215000,-15.849985,1293.553069,-1329.125221,-4000.000000,-87.682000,0,50522,24595,24343,383,0.498672,0.493563,147.961294
20260510_171523,2026-05-10 17:32:24,85,12.6085,1,500,105,100,5,21,20,20,1163,1022,57,16745.009735,-3486.435080,2504.142038,1834.346552,1022.000000,71.456919,542.695000,-16.294524,1148.007894,-1283.971307,-5300.000000,-71.726000,0,43739,19823,22677,338,0.462743,0.529366,141.424225
20260510_171523,2026-05-10 17:32:37,86,12.5316,1,500,105,100,5,19,20,20,1156,978,51,17600.783361,-2898.539415,2495.559266,1748.936582,978.000000,68.858507,516.550000,-17.008874,1172.294386,-1284.411806,-4900.000000,-69.720000,0,45418,21534,22658,223,0.484836,0.510143,142.148784
20260510_171523,2026-05-10 17:32:50,87,13.3287,1,500,105,100,5,29,20,20,1205,1050,49,17080.605422,-2631.301364,3099.109579,1750.077938,1050.000000,74.672688,557.055000,-14.724195,980.947823,-1096.070239,-4800.000000,-82.394000,0,41735,18464,20771,1529,0.452949,0.509543,144.414223
20260510_171523,2026-05-10 17:33:04,88,13.2988,1,500,105,100,5,26,20,20,1131,991,38,16746.938433,-1579.140820,3481.148476,1590.020449,991.000000,77.616359,570.120000,-18.572220,1301.887276,-1337.322643,-3600.000000,-85.632000,0,49523,22450,25130,886,0.463211,0.518508,140.894862
20260510_171523,2026-05-10 17:33:18,89,14.2772,1,500,105,100,5,23,20,20,1339,1277,37,10048.706844,-1266.395571,2280.248117,1586.901317,1277.000000,82.457443,617.390000,-17.420475,1294.849531,-1340.053148,-3300.000000,-83.664000,0,47635,22267,23756,627,0.477320,0.509239,137.753774
20260510_171523,2026-05-10 17:33:30,90,11.6755,1,500,105,100,5,22,20,20,1112,987,54,14961.391116,-3242.880124,2696.122543,1735.188900,987.000000,64.744504,486.040000,-15.942045,1222.055766,-1323.436961,-5000.000000,-48.574000,0,44084,20149,22583,357,0.467614,0.524101,142.666547
20260510_171523,2026-05-10 17:33:43,91,12.7934,1,500,105,100,5,22,20,20,1542,1436,64,16335.502074,-3850.349138,4089.148331,1909.949322,1436.000000,75.979721,545.730000,-18.540945,1486.554514,-1698.494910,-6000.000000,-61.192000,0,52437,24184,26839,188,0.472242,0.524087,146.554286
20260510_171523,2026-05-10 17:33:57,92,13.5332,1,500,105,100,5,23,20,20,1566,1356,53,14574.747743,-2674.551275,2716.550739,1798.565708,1356.000000,73.232774,541.680000,-18.290979,1452.513928,-1590.664688,-5200.000000,-66.604000,0,51421,24275,25811,185,0.482883,0.513437,143.045398
20260510_171523,2026-05-10 17:34:08,93,10.9728,1,500,105,100,5,13,20,20,1148,1050,62,16000.493629,-4061.777468,2877.717535,1867.125496,1050.000000,61.707132,451.010000,-16.860514,1310.098157,-1464.116625,-5900.000000,-47.722000,0,44993,21002,22800,185,0.477459,0.518335,141.265754
20260510_171523,2026-05-10 17:34:19,94,10.9071,1,500,105,100,5,15,20,20,1119,1012,74,21633.473031,-5308.088834,4086.781559,1989.723570,1012.000000,61.944829,455.710000,-18.170942,1341.039755,-1580.449879,-7000.000000,-42.998000,0,47341,21538,24728,34,0.465184,0.534082,140.703668
20260510_171523,2026-05-10 17:34:31,95,11.0539,1,500,105,100,5,13,20,20,969,870,69,15129.166876,-4927.875621,2694.752890,1932.657401,870.000000,61.917198,450.390000,-15.207968,1125.029367,-1302.029819,-6500.000000,-43.858000,0,40829,18401,21394,8,0.462302,0.537497,141.527558
20260510_171523,2026-05-10 17:34:43,96,11.9691,1,500,105,100,5,14,20,20,943,811,48,16104.846425,-2824.054005,2499.077144,1728.743659,811.000000,62.648916,487.255000,-13.203812,973.543291,-1070.657466,-4500.000000,-54.172000,0,35215,16171,18052,162,0.470292,0.524996,139.711710
20260510_171523,2026-05-10 17:34:56,97,13.0250,1,500,105,100,5,16,20,20,1272,1048,58,17592.907546,-3465.832345,2873.035540,1800.305471,1048.000000,68.153186,515.120000,-13.632021,1015.733130,-1151.529693,-5500.000000,-52.744000,0,40699,18202,20570,1011,0.457532,0.517055,144.274093
20260510_171523,2026-05-10 17:35:08,98,11.4896,1,500,105,100,5,12,20,20,816,734,50,14510.591030,-3184.643691,3764.226831,1562.588033,734.000000,57.743668,463.500000,-15.357046,1022.649680,-1124.186871,-4700.000000,-52.498000,0,41310,19400,21062,3,0.479427,0.520499,139.853916
20260510_171523,2026-05-10 17:35:21,99,12.5720,1,500,105,100,5,22,20,20,1292,1141,57,17121.221703,-3314.567524,2674.462270,1801.618013,1141.000000,70.449856,528.365000,-16.012544,1146.536129,-1257.838337,-5400.000000,-50.710000,0,43364,20307,22066,72,0.478431,0.519873,139.234839
20260510_171523,2026-05-10 17:35:35,100,13.8429,1,500,105,100,5,21,20,20,1502,1388,57,14783.330652,-3114.670031,3273.164290,1756.038576,1388.000000,78.433501,584.415000,-17.865808,1342.657234,-1497.725678,-5300.000000,-58.238000,0,51320,24005,25780,404,0.478292,0.513658,142.427718
20260510_171523,2026-05-10 17:35:49,101,13.6636,1,500,105,100,5,29,20,20,1641,1457,60,22017.867551,-3262.929385,3077.329491,1870.702763,1457.000000,77.524910,580.440000,-20.212174,1420.801673,-1586.077081,-5900.000000,-66.256000,0,52779,24895,26700,97,0.481603,0.516521,136.695503
20260510_171523,2026-05-10 17:36:03,102,14.0130,1,500,105,100,5,27,20,20,1764,1608,55,14942.389310,-2657.254684,2926.556055,1839.985638,1608.000000,78.855881,575.870000,-16.792395,1318.031411,-1497.921723,-5400.000000,-46.588000,0,45851,21290,23389,83,0.475627,0.522519,143.336851
20260510_171523,2026-05-10 17:36:14,103,11.1171,1,500,105,100,5,16,20,20,1181,1001,65,15244.193102,-4299.457766,3516.038639,1911.288481,1001.000000,58.717759,454.345000,-12.952554,953.331248,-1118.499439,-6200.000000,-52.288000,0,35814,16185,18577,212,0.462772,0.531166,141.849238
20260510_171523,2026-05-10 17:36:28,104,13.1725,1,500,105,100,5,16,20,20,1540,1309,70,17721.123975,-4437.892181,3518.670905,1958.398111,1309.000000,74.523748,539.490000,-17.365107,1146.669594,-1413.153282,-6800.000000,-63.478000,0,46386,21026,23778,562,0.463475,0.524137,141.366193
20260510_171523,2026-05-10 17:36:39,105,11.3725,1,500,105,100,5,12,20,20,1255,1149,73,18773.290800,-5052.603460,3516.863068,1980.873609,1149.000000,61.941924,460.855000,-18.804964,1348.876779,-1562.213744,-6900.000000,-52.922000,0,49742,22958,25728,7,0.471485,0.528372,136.817855
20260510_171523,2026-05-10 17:36:51,106,11.0658,1,500,105,100,5,11,20,20,873,791,66,13084.701880,-4714.724876,3501.253302,1888.922662,791.000000,58.772332,456.755000,-14.785627,1023.346070,-1203.546620,-6300.000000,-55.006000,0,40497,18855,20756,49,0.475416,0.523348,141.143316
20260510_171523,2026-05-10 17:37:04,107,12.9438,1,500,105,100,5,18,20,20,1128,1025,57,16551.173138,-3499.959596,3328.000342,1738.554506,1025.000000,73.215663,534.360000,-18.948781,1383.937276,-1533.428146,-5400.000000,-64.926000,0,52737,24427,27021,69,0.474154,0.524506,143.663050
20260510_171523,2026-05-10 17:37:15,108,11.1654,1,500,105,100,5,16,20,20,971,897,62,13801.393935,-4214.104898,3501.755610,1800.182506,897.000000,60.275770,461.805000,-13.306791,934.932786,-1095.907933,-5800.000000,-55.726000,0,35455,15995,18601,26,0.461989,0.537260,140.814086
20260510_171523,2026-05-10 17:37:27,109,10.9427,1,500,105,100,5,15,20,20,1157,1061,67,16810.582130,-4497.089726,3098.862419,1935.858669,1061.000000,62.087710,445.925000,-18.466146,1291.801723,-1423.010607,-6300.000000,-59.350000,0,45956,21286,23654,92,0.472686,0.525271,138.333176
20260510_171523,2026-05-10 17:37:39,110,12.2459,1,500,105,100,5,21,20,20,1213,1077,66,16827.982316,-4300.180828,3274.664888,1924.464020,1077.000000,72.198847,535.035000,-12.521323,870.374729,-1047.718617,-6300.000000,-80.142000,0,34191,14483,18295,635,0.433454,0.547541,142.658532
20260510_171523,2026-05-10 17:37:51,111,11.3805,1,500,105,100,5,18,20,20,1134,1041,64,14653.080801,-4290.875275,3494.537814,1901.905142,1041.000000,65.788858,485.400000,-17.383207,1023.585803,-1254.224971,-6000.000000,-54.844000,0,42461,19886,21478,212,0.478305,0.516596,139.008871
20260510_171523,2026-05-10 17:38:04,112,13.1681,1,500,105,100,5,17,20,20,1326,1171,66,19294.339604,-4206.036939,4105.071592,1949.085666,1171.000000,70.399773,524.480000,-18.240448,1410.202954,-1605.233345,-6400.000000,-58.614000,0,52637,24174,27179,22,0.470540,0.529032,143.054590
20260510_171523,2026-05-10 17:38:17,113,12.9551,1,500,105,100,5,21,20,20,1078,930,60,14843.336207,-3769.868826,3295.528865,1855.422402,930.000000,72.441445,546.810000,-16.577367,1153.798779,-1281.337774,-5700.000000,-53.368000,0,43215,20341,21684,203,0.481695,0.513498,137.612717
20260510_171523,2026-05-10 17:38:31,114,13.7232,1,500,105,100,5,27,20,20,1251,1116,48,14481.928828,-2447.049351,2481.158781,1717.668706,1116.000000,76.703826,572.370000,-17.354682,1126.030243,-1258.500791,-4500.000000,-64.234000,0,44265,19603,23561,159,0.452485,0.543845,141.099093
20260510_171523,2026-05-10 17:38:45,115,13.1500,1,500,105,100,5,29,20,20,1666,1388,56,20640.923108,-2800.337894,3478.263397,1827.610564,1388.000000,76.179409,557.265000,-12.870810,864.780014,-1001.447565,-5600.000000,-64.176000,0,33645,14925,17590,329,0.454421,0.535562,138.610761
20260510_171523,2026-05-10 17:39:00,116,14.7482,1,500,105,100,5,25,20,20,1497,1352,51,21947.742537,-2480.298259,4706.064537,1760.536985,1352.000000,85.082337,624.495000,-15.493507,1226.463428,-1358.019487,-4800.000000,-89.526000,0,45602,20512,23798,238,0.460447,0.534210,145.511117
20260510_171523,2026-05-10 17:39:13,117,12.7315,1,500,105,100,5,18,20,20,1209,1118,63,14129.090827,-4009.897082,3213.454849,1817.325299,1118.000000,71.950172,535.575000,-16.329205,1269.038430,-1430.448958,-5900.000000,-72.660000,0,45084,21367,22411,213,0.485713,0.509445,142.706914
20260510_171523,2026-05-10 17:39:27,118,14.0021,1,500,105,100,5,24,20,20,1343,1206,54,15108.404869,-2951.255326,3669.736342,1754.555823,1206.000000,75.518945,567.830000,-18.165820,1251.581740,-1367.270417,-5000.000000,-83.606000,0,45426,20605,22684,1134,0.463836,0.510636,137.539111
20260510_171523,2026-05-10 17:39:43,119,15.3912,1,500,105,100,5,33,20,20,1930,1740,50,17189.279092,-1882.594297,2490.955966,1719.901734,1740.000000,90.758770,659.300000,-17.280281,1339.678406,-1452.250781,-4700.000000,-71.932000,0,47547,22391,23687,338,0.482398,0.510320,143.749768
20260510_171523,2026-05-10 17:39:57,120,13.7565,1,500,105,100,5,25,20,20,1405,1281,51,15787.755602,-2551.900940,2507.558377,1707.344543,1281.000000,80.834846,592.620000,-20.715256,1509.489746,-1629.881046,-4800.000000,-58.372000,0,57562,27115,28057,1104,0.481822,0.498561,143.360095
20260510_171523,2026-05-10 17:40:14,121,16.4441,1,500,105,100,5,33,20,20,1669,1497,40,19808.250707,-1117.889478,2703.882596,1622.649550,1497.000000,94.897531,704.055000,-16.741080,1278.623906,-1377.244476,-3800.000000,-84.450000,0,45394,22157,22072,118,0.499628,0.497711,142.564979
20260510_171523,2026-05-10 17:40:27,122,13.2134,1,500,105,100,5,19,20,20,1160,1093,55,15676.067200,-3235.754934,3309.828070,1790.096222,1093.000000,68.587520,552.145000,-19.584490,1521.242856,-1664.418470,-5400.000000,-63.602000,0,51919,24659,26036,71,0.485738,0.512863,141.611038
20260510_171523,2026-05-10 17:40:39,123,11.2579,1,500,105,100,5,7,20,20,1126,999,83,16577.938015,-6199.337296,4296.210307,2068.221827,999.000000,58.730605,436.860000,-20.601772,1497.057687,-1793.545667,-8000.000000,-46.714000,0,57398,26645,29493,30,0.474380,0.525085,141.528855
20260510_171523,2026-05-10 17:40:50,124,11.2846,1,500,105,100,5,15,20,20,928,829,61,17184.409029,-4159.565759,2905.289497,1824.485898,829.000000,60.745886,465.305000,-12.655730,897.036985,-1071.839362,-5800.000000,-59.180000,0,35379,15673,18253,632,0.453527,0.528185,142.377100
20260510_171523,2026-05-10 17:41:02,125,11.7321,1,500,105,100,5,18,20,20,1058,863,63,14850.750601,-4179.532273,3891.429265,1833.859006,863.000000,61.787900,451.240000,-12.239339,845.285561,-1012.073850,-6100.000000,-36.774000,0,32954,14699,17487,27,0.456306,0.542855,138.373197
20260510_171523,2026-05-10 17:41:12,126,9.6668,1,500,105,100,5,6,20,20,611,570,82,5991.115831,-6659.320171,3888.382602,2054.114003,570.000000,47.608184,354.050000,-14.556422,955.633632,-1209.774964,-7700.000000,-41.288000,0,37958,16486,20582,0,0.444750,0.555250,140.985335
20260510_171523,2026-05-10 17:41:25,127,12.0928,1,500,105,100,5,15,20,20,1025,932,77,14891.873218,-5653.508157,3085.155023,2007.325185,932.000000,61.248021,447.390000,-18.950241,1424.602319,-1683.546033,-7400.000000,-39.270000,0,52439,23943,27196,60,0.467646,0.531182,143.503674
20260510_171523,2026-05-10 17:41:34,128,9.0720,1,500,105,100,5,2,20,20,686,558,77,12234.581266,-6131.253254,3300.483673,2021.124330,558.000000,43.693966,339.375000,-14.317192,926.269802,-1206.413452,-7300.000000,-34.150000,0,40367,17854,21563,83,0.452000,0.545899,138.762492
20260510_171523,2026-05-10 17:41:43,129,8.4404,1,500,105,100,5,1,20,20,438,360,77,14632.444203,-6326.516011,3479.513163,1977.116774,360.000000,37.203910,302.990000,-10.977757,672.754882,-878.940747,-7500.000000,-35.390000,0,28650,12524,15400,44,0.447797,0.550629,137.381520
20260510_171523,2026-05-10 17:41:54,130,10.5207,1,500,105,100,5,8,20,20,851,729,62,17417.557357,-4386.767904,4282.163838,1747.774505,729.000000,50.799534,400.955000,-12.089009,742.222531,-936.771146,-5800.000000,-27.722000,0,32305,14428,17056,82,0.457074,0.540328,141.231163
20260510_171523,2026-05-10 17:42:05,131,11.2932,1,500,105,100,5,7,20,20,602,474,44,16959.097485,-2772.637930,2680.628508,1595.840898,474.000000,51.754505,434.855000,-9.555819,689.052289,-795.111634,-4100.000000,-24.684000,0,30638,14098,15788,0,0.471726,0.528274,146.472296
20260510_171523,2026-05-10 17:42:16,132,10.0607,1,500,105,100,5,9,20,20,646,524,56,14970.800871,-3976.128290,3678.093270,1697.516870,524.000000,49.834352,387.750000,-11.208397,696.574549,-859.171299,-5400.000000,-31.348000,0,31841,13983,16880,275,0.449065,0.542103,142.466302
20260510_171523,2026-05-10 17:42:26,133,9.8679,1,500,105,100,5,7,20,20,549,478,53,15048.699997,-3768.183518,3094.198547,1745.345384,478.000000,45.515337,388.095000,-12.092207,795.270249,-935.847361,-5200.000000,-25.726000,0,33100,15363,17002,17,0.474430,0.525045,141.071852
20260510_171523,2026-05-10 17:42:36,134,9.9994,1,500,105,100,5,9,20,20,824,699,76,15896.468795,-5795.625184,3622.763944,1918.799391,699.000000,50.397741,377.330000,-17.203809,1043.179636,-1276.503809,-7300.000000,-21.690000,0,42706,19200,22644,0,0.458847,0.541153,135.149047
20260510_171523,2026-05-10 17:42:45,135,8.8053,1,500,105,100,5,8,20,20,511,456,64,15795.844114,-4940.591619,3476.621644,1814.812660,456.000000,44.283716,339.405000,-9.829506,577.724781,-761.304248,-6200.000000,-32.320000,0,26224,11702,13924,6,0.456539,0.543227,140.156543
20260510_171523,2026-05-10 17:42:54,136,8.3423,1,500,105,100,5,7,20,20,583,466,67,9794.661075,-5168.950657,3269.079139,1809.474298,466.000000,40.046461,316.270000,-9.588869,573.608184,-723.813825,-6300.000000,-26.370000,0,24926,10666,13669,4,0.438227,0.561609,135.990841
20260510_171523,2026-05-10 17:43:03,137,9.1625,1,500,105,100,5,7,20,20,416,378,51,9974.254429,-3701.293222,2678.436683,1698.883552,378.000000,44.267610,371.860000,-10.020272,695.508025,-789.835291,-4700.000000,-34.246000,0,29631,13286,15624,67,0.458502,0.539186,145.984712
20260510_171523,2026-05-10 17:43:11,138,7.6721,1,500,105,100,5,1,20,20,329,299,63,13454.299032,-5060.879653,3679.224669,1805.639176,299.000000,34.268203,294.350000,-10.683050,577.585162,-734.393027,-6000.000000,-24.804000,0,25635,10873,14250,0,0.432791,0.567209,133.588504
20260510_171523,2026-05-10 17:43:23,139,11.5130,1,500,105,100,5,18,20,20,992,877,56,12443.861121,-3556.477681,3281.485394,1764.062781,877.000000,63.346326,491.655000,-13.447660,893.947107,-1060.404267,-5200.000000,-26.234000,0,36449,16212,19284,83,0.455662,0.542005,139.985345
20260510_171523,2026-05-10 17:43:36,140,12.3731,1,500,105,100,5,22,20,20,1113,970,48,15838.080377,-2620.650471,2484.192107,1650.768245,970.000000,64.738313,489.690000,-15.070853,1180.334723,-1291.988027,-4700.000000,-44.966000,0,47649,22155,24042,239,0.477108,0.517745,149.126675
20260510_171523,2026-05-10 17:43:50,141,13.7489,1,500,105,100,5,28,20,20,1485,1428,51,13920.307980,-2451.634014,2477.943080,1717.998703,1428.000000,78.414430,600.345000,-13.837093,1089.228539,-1232.026193,-4900.000000,-32.664000,0,39408,18012,20148,308,0.468233,0.523760,146.196843
20260510_171523,2026-05-10 17:44:03,142,13.0864,1,500,105,100,5,25,20,20,1368,1251,60,17539.238158,-3504.235199,3092.793877,1799.108758,1251.000000,72.117551,546.725000,-14.369194,1064.991810,-1247.325750,-5800.000000,-27.460000,0,40277,18446,20842,2,0.469483,0.530466,142.689742
20260510_171523,2026-05-10 17:44:17,143,13.2963,1,500,105,100,5,25,20,20,1250,1107,59,15529.667290,-3507.778044,3065.995801,1744.955947,1107.000000,69.330943,540.445000,-17.015683,1318.567077,-1472.592074,-5700.000000,-24.278000,0,48614,22768,24625,38,0.480024,0.519175,144.586738
20260510_171523,2026-05-10 17:44:31,144,14.1700,1,500,105,100,5,36,20,20,1898,1786,41,16432.238463,-1018.119618,2304.562158,1657.903142,1786.000000,79.913832,613.090000,-14.429580,1197.999926,-1275.236632,-3900.000000,-20.394000,0,40191,19349,19790,31,0.493975,0.505234,142.848520
20260510_171523,2026-05-10 17:44:45,145,13.4120,1,500,105,100,5,22,20,20,1481,1316,70,18425.743054,-4389.175771,3464.913362,1929.022357,1316.000000,69.593605,537.165000,-19.888223,1618.155161,-1838.865175,-6900.000000,-16.472000,0,57645,27169,28998,52,0.483271,0.515804,143.520730
20260510_171523,2026-05-10 17:44:59,146,13.6072,1,500,105,100,5,30,20,20,1589,1460,67,15663.563317,-4030.798932,2882.736788,1833.541044,1460.000000,78.996772,579.670000,-19.205129,1367.239966,-1621.411286,-6300.000000,-30.070000,0,52691,23588,27665,204,0.458402,0.537633,143.565328
20260510_171523,2026-05-10 17:45:09,147,10.2119,1,500,105,100,5,5,20,20,623,565,46,11590.550820,-2985.128621,3087.339190,1510.024080,565.000000,47.069815,409.770000,-12.421916,994.964362,-1091.237396,-4300.000000,-19.732000,0,39604,18676,20142,0,0.481117,0.518883,149.333926
20260510_171523,2026-05-10 17:45:24,148,14.7951,1,500,105,100,5,28,20,20,1419,1359,51,14392.015866,-2505.700559,2900.163724,1741.672370,1359.000000,83.060301,631.980000,-16.509347,1286.195069,-1438.095571,-4700.000000,-22.538000,0,44602,20986,22544,55,0.481496,0.517242,143.151557
20260510_171523,2026-05-10 17:45:36,149,10.8318,1,500,105,100,5,15,20,20,1216,1086,78,15441.486166,-5561.746470,3104.672015,1991.196916,1086.000000,58.776061,444.935000,-17.251982,1295.442932,-1535.392344,-7400.000000,-25.640000,0,47394,22122,24129,2,0.478282,0.521674,140.580430
20260510_171523,2026-05-10 17:45:47,150,11.0871,1,500,105,100,5,9,20,20,797,748,66,12671.741436,-4697.552966,4276.459896,1826.138151,748.000000,57.318429,443.490000,-14.794216,1144.462592,-1274.153621,-6300.000000,-25.274000,0,41010,19718,20288,0,0.492876,0.507124,141.478442
20260510_171523,2026-05-10 17:45:57,151,9.1665,1,500,105,100,5,10,20,20,754,673,75,14716.929807,-5765.050055,3080.062564,1963.586790,673.000000,46.990981,353.310000,-12.004690,832.251591,-1043.641665,-7100.000000,-18.502000,0,32649,14916,16934,22,0.467997,0.531313,137.847869
20260510_171523,2026-05-10 17:46:08,152,10.8213,1,500,105,100,5,11,20,20,709,590,56,15772.389689,-3886.296529,3653.946498,1712.836599,590.000000,53.591872,437.780000,-17.359120,1011.315641,-1187.442597,-5300.000000,-29.494000,0,44677,20593,23194,2,0.470278,0.529676,134.388287
20260510_171523,2026-05-10 17:46:21,153,12.7734,1,500,105,100,5,18,20,20,1160,1034,59,15533.857852,-3634.148398,3502.368539,1841.188779,1034.000000,69.908405,526.180000,-16.140024,1090.064455,-1259.200274,-5700.000000,-36.824000,0,41432,18129,22156,208,0.447707,0.547156,139.613046
20260510_171523,2026-05-10 17:46:33,154,12.4086,1,500,105,100,5,14,20,20,892,799,50,15078.484570,-3054.743373,2905.368792,1731.797058,799.000000,60.643470,497.900000,-15.215495,1058.308959,-1214.978259,-4700.000000,-23.208000,0,42330,19945,20951,492,0.481903,0.506210,141.373414
20260510_171523,2026-05-10 17:46:45,155,11.0716,1,500,105,100,5,8,20,20,649,610,44,5252.494548,-2721.028861,2668.782697,1700.603890,610.000000,56.039250,473.940000,-9.466672,682.796327,-790.286441,-3900.000000,-29.356000,0,27523,12831,13959,6,0.478840,0.520936,146.013467
20260510_171523,2026-05-10 17:46:55,156,10.1272,1,500,105,100,5,7,20,20,655,548,71,15079.891338,-5467.542054,4485.388183,1914.948084,548.000000,46.343483,382.965000,-12.039823,818.355598,-1063.494445,-6900.000000,-22.386000,0,33838,15164,17583,340,0.458307,0.531417,141.716423
20260510_171523,2026-05-10 17:47:08,157,12.4712,1,500,105,100,5,13,20,20,816,678,44,18134.586885,-2482.863433,2687.850243,1651.414432,678.000000,60.021815,498.925000,-9.326721,690.551408,-771.933178,-4100.000000,-40.262000,0,30677,14634,15165,144,0.488729,0.506462,143.696578
20260510_171523,2026-05-10 17:47:21,158,12.1263,1,500,105,100,5,18,20,20,937,840,54,17592.744041,-3312.237589,2871.173395,1785.530933,840.000000,64.787184,518.285000,-9.497208,712.767062,-808.582799,-5200.000000,-28.916000,0,28535,13446,14215,180,0.482957,0.510578,145.272751
20260510_171523,2026-05-10 17:47:32,159,11.6162,1,500,105,100,5,12,20,20,859,717,58,19150.354788,-3862.289194,2487.615496,1743.027741,717.000000,58.511143,470.945000,-10.865102,676.081355,-820.414389,-5600.000000,-25.940000,0,29572,12872,15454,587,0.445198,0.534500,139.508655
20260510_171523,2026-05-10 17:47:46,160,12.8151,1,500,105,100,5,14,20,20,755,661,49,14766.355205,-3019.016218,3094.731099,1567.456537,661.000000,66.367739,515.325000,-13.444060,962.828604,-1064.979994,-4600.000000,-32.880000,0,39050,18034,19851,199,0.473532,0.521243,146.362811
20260510_171523,2026-05-10 17:47:56,161,9.8174,1,500,105,100,5,9,20,20,652,525,65,6996.823781,-4828.970541,2893.672613,1840.002692,525.000000,47.648465,377.990000,-9.758444,687.551565,-835.358955,-6000.000000,-25.728000,0,28696,12803,15095,103,0.457234,0.539088,141.188451
20260510_171523,2026-05-10 17:48:08,162,11.3962,1,500,105,100,5,6,20,20,605,557,35,14787.703501,-1842.012861,2478.912642,1422.956276,557.000000,55.416160,461.225000,-9.005924,667.241133,-721.513277,-3300.000000,-33.064000,0,24872,11570,12640,0,0.477902,0.522098,144.633562
20260510_171523,2026-05-10 17:48:18,163,9.7799,1,500,105,100,5,8,20,20,693,495,67,14813.508027,-5046.418195,4271.094069,1743.405393,495.000000,42.795634,352.300000,-10.550329,769.738011,-950.581998,-6300.000000,-29.908000,0,35772,16817,18048,22,0.482042,0.517327,142.703176
20260510_171523,2026-05-10 17:48:28,164,10.4215,1,500,105,100,5,14,20,20,946,878,74,11093.148830,-5436.024359,3689.984940,1940.435121,878.000000,54.719629,411.245000,-13.801000,984.634788,-1184.555967,-7000.000000,-31.704000,0,38307,17627,19739,28,0.471386,0.527865,142.428806
20260510_171523,2026-05-10 17:48:39,165,10.4670,1,500,105,100,5,12,20,20,782,677,71,16008.477410,-5323.253940,3908.278555,1862.165256,677.000000,53.612895,417.920000,-15.584662,895.938200,-1122.349470,-6700.000000,-30.726000,0,41910,19075,21985,0,0.464564,0.535436,135.934361
20260510_171523,2026-05-10 17:48:51,166,11.9528,1,500,105,100,5,22,20,20,1010,899,57,14344.851604,-3587.775392,2876.899628,1713.785315,899.000000,64.888161,502.880000,-13.148623,917.205650,-1049.243950,-5400.000000,-39.294000,0,37229,17241,18991,133,0.474110,0.522233,140.753456
20260510_171523,2026-05-10 17:49:06,167,13.9859,1,500,105,100,5,22,20,20,1169,1060,44,12889.681628,-2026.548329,2701.793702,1684.297759,1060.000000,74.109975,583.790000,-11.421863,945.708740,-994.128048,-4300.000000,-49.634000,0,33173,15534,16553,228,0.480706,0.512239,145.614081
20260510_171523,2026-05-10 17:49:17,168,11.3954,1,500,105,100,5,12,20,20,879,793,57,15172.558542,-3782.738233,2470.858774,1750.163785,793.000000,57.267592,454.630000,-11.928846,798.813858,-951.009961,-5500.000000,-39.328000,0,33549,15102,17545,103,0.461130,0.535725,146.128756
20260510_171523,2026-05-10 17:49:29,169,11.7258,1,500,105,100,5,12,20,20,918,844,54,15180.394663,-3428.784674,3086.881122,1772.305424,844.000000,60.671119,486.015000,-13.532857,833.058249,-975.026815,-5100.000000,-40.830000,0,35109,15188,19064,103,0.442090,0.554912,140.706709
20260510_171523,2026-05-10 17:49:42,170,12.4272,1,500,105,100,5,20,20,20,1156,974,61,18423.348687,-3878.217201,3493.781709,1799.715326,974.000000,64.953928,483.350000,-17.547092,1379.555065,-1553.605179,-5900.000000,-38.022000,0,53079,25001,26684,127,0.482533,0.515016,145.339491
20260510_171523,2026-05-10 17:49:55,171,12.6708,1,500,105,100,5,18,20,20,1077,1009,54,14095.061922,-3198.546331,3310.378314,1733.150554,1009.000000,67.419464,527.730000,-14.895414,1189.617142,-1301.840678,-5100.000000,-44.536000,0,42128,19499,21449,160,0.474336,0.521772,144.355005
20260510_171523,2026-05-10 17:50:06,172,10.4789,1,500,105,100,5,11,20,20,872,791,57,15562.035868,-3861.916485,3287.444911,1701.651692,791.000000,52.321237,433.955000,-12.183066,826.278516,-1036.953990,-5500.000000,-38.280000,0,33468,14989,17674,10,0.458758,0.540936,142.084724
20260510_171523,2026-05-10 17:50:17,173,10.7010,1,500,105,100,5,10,20,20,790,702,56,11285.899206,-3816.934602,3312.531702,1655.442922,702.000000,51.450337,430.335000,-14.424150,894.184677,-1040.319556,-5200.000000,-42.688000,0,40413,18868,20699,2,0.476838,0.523112,141.915153
20260510_171523,2026-05-10 17:50:28,174,10.4765,1,500,105,100,5,13,20,20,995,930,80,7152.158045,-5995.277136,3870.315662,2028.453100,930.000000,56.398201,439.035000,-13.996761,993.452963,-1252.359462,-7500.000000,-21.848000,0,40252,17649,21524,53,0.449931,0.548718,144.095739
20260510_171523,2026-05-10 17:50:41,175,12.8613,1,500,105,100,5,16,20,20,958,811,49,15411.477819,-2803.670867,2499.902061,1744.035019,811.000000,66.237763,529.290000,-14.279483,1230.380633,-1330.978953,-4600.000000,-23.998000,0,45525,21650,22665,67,0.487810,0.510680,148.136881
20260510_171523,2026-05-10 17:50:51,176,9.1843,1,500,105,100,5,3,20,20,564,429,68,19816.206279,-5278.813812,6236.436749,1894.393936,429.000000,40.672460,336.690000,-9.881966,684.941669,-881.207254,-6500.000000,-18.392000,0,29346,13371,15261,17,0.466718,0.532689,141.311723
20260510_171523,2026-05-10 17:51:02,177,11.0635,1,500,105,100,5,7,20,20,677,611,52,12542.891222,-3487.889876,2691.623817,1677.735856,611.000000,57.473779,459.095000,-14.738570,983.652464,-1118.095240,-4900.000000,-21.948000,0,39790,18075,20835,0,0.464534,0.535466,140.050086
20260510_171523,2026-05-10 17:51:12,178,9.2520,1,500,105,100,5,12,20,20,629,501,73,19493.119810,-5752.164135,2779.874597,1848.901253,501.000000,44.428368,349.840000,-11.321657,729.008040,-975.942768,-7000.000000,-29.566000,0,31865,14004,17065,36,0.450217,0.548626,142.145459
20260510_171523,2026-05-10 17:51:23,179,10.5777,1,500,105,100,5,11,20,20,579,493,51,14317.987719,-3553.541498,2671.144565,1617.721799,493.000000,52.489407,402.980000,-11.544535,842.099527,-981.421719,-4800.000000,-45.028000,0,36260,16461,18926,65,0.464318,0.533849,145.389424
20260510_171523,2026-05-10 17:51:33,180,10.1671,1,500,105,100,5,10,20,20,805,756,69,5588.288682,-5148.621052,3668.977075,1923.864868,756.000000,56.221422,422.810000,-14.733898,954.450183,-1196.469169,-6400.000000,-42.428000,0,38881,17426,20524,61,0.458446,0.539949,141.120954
20260510_171523,2026-05-10 17:51:42,181,8.3233,1,500,105,100,5,8,20,20,480,436,71,5046.570725,-5712.605002,2877.294353,1871.897048,436.000000,42.317389,324.155000,-12.366928,716.743165,-912.233493,-6600.000000,-34.808000,0,29086,12643,15760,59,0.444206,0.553721,133.723966
20260510_171523,2026-05-10 17:51:52,182,9.7603,1,500,105,100,5,11,20,20,644,502,71,17499.060479,-5491.931794,2689.766498,1925.250851,502.000000,50.268499,375.620000,-10.803180,660.665208,-884.864314,-6700.000000,-31.078000,0,28200,12257,15228,17,0.445677,0.553705,140.652520
20260510_171523,2026-05-10 17:52:02,183,10.0507,1,500,105,100,5,12,20,20,746,624,77,16005.891341,-5967.837464,3073.299533,2025.360849,624.000000,52.323498,386.715000,-13.826599,913.300747,-1171.342889,-7400.000000,-27.552000,0,39188,17486,20688,120,0.456625,0.540241,141.235359
20260510_171523,2026-05-10 17:52:12,184,9.0956,1,500,105,100,5,4,20,20,510,422,68,5225.104124,-5321.536582,3479.739904,1894.529452,422.000000,46.226011,358.710000,-9.805591,693.915102,-859.622261,-6300.000000,-28.522000,0,29042,12666,15666,0,0.447056,0.552944,142.672822
20260510_171523,2026-05-10 17:52:21,185,9.2447,1,500,105,100,5,7,20,20,682,555,81,16805.086397,-6510.661653,3252.133024,2013.250314,555.000000,44.337281,331.965000,-16.293764,1120.341120,-1407.240764,-7700.000000,-30.910000,0,45439,20585,23754,147,0.462730,0.533966,142.884625
20260510_171523,2026-05-10 17:52:32,186,10.8544,1,500,105,100,5,12,20,20,606,571,50,13697.518200,-3343.051242,2492.402814,1672.094323,571.000000,55.984274,450.120000,-13.196246,887.752278,-973.356638,-4700.000000,-40.742000,0,34598,15712,18169,3,0.463700,0.536212,138.990998
20260510_171523,2026-05-10 17:52:41,187,8.7343,1,500,105,100,5,4,20,20,429,345,60,11787.858051,-4661.111090,2676.031011,1828.011653,345.000000,45.210886,351.875000,-10.163170,568.220956,-773.256626,-5600.000000,-28.630000,0,25128,10631,13921,29,0.432489,0.566332,137.095323
20260510_171523,2026-05-10 17:52:52,188,9.7249,1,500,105,100,5,10,20,20,609,564,57,5319.587478,-4034.522944,2883.475057,1802.561869,564.000000,54.659143,411.160000,-10.571219,749.477654,-822.010795,-5200.000000,-32.090000,0,31817,14830,16230,0,0.477463,0.522537,143.834027
20260510_171523,2026-05-10 17:53:03,189,10.9942,1,500,105,100,5,15,20,20,778,657,53,15868.563461,-3444.250784,3114.906589,1747.031458,657.000000,56.837074,432.945000,-11.507680,809.805130,-915.955628,-5300.000000,-36.554000,0,32375,14496,17004,128,0.458328,0.537625,143.407621
20260510_171523,2026-05-10 17:53:13,190,10.0241,1,500,105,100,5,9,20,20,633,434,61,17699.179307,-4476.086178,3275.744978,1870.836888,434.000000,46.831435,361.350000,-10.509213,703.612493,-855.651352,-5900.000000,-25.024000,0,30453,13632,16036,31,0.459005,0.539951,139.377235
20260510_171523,2026-05-10 17:53:27,191,12.9534,1,500,105,100,5,10,20,20,645,504,42,16677.326753,-2417.514284,3092.469389,1575.832481,504.000000,64.479198,484.500000,-13.711931,1051.128145,-1083.700211,-4000.000000,-47.048000,0,49067,22546,25184,178,0.470610,0.525674,149.169506
20260510_171523,2026-05-10 17:53:38,192,10.9756,1,500,105,100,5,6,20,20,612,469,49,19022.895262,-3240.469038,2899.820863,1621.067577,469.000000,52.985291,423.010000,-14.572539,873.497216,-957.003199,-4800.000000,-46.036000,0,39627,18346,19772,759,0.471899,0.508578,141.101790
20260510_171523,2026-05-10 17:53:50,193,11.3975,1,500,105,100,5,17,20,20,877,802,63,10478.837323,-4361.678448,3480.165353,1878.947424,802.000000,62.437466,463.490000,-10.686024,787.349578,-944.973050,-5900.000000,-37.270000,0,29822,13306,15664,53,0.458464,0.539710,145.717808
20260510_171523,2026-05-10 17:54:02,194,11.4684,1,500,105,100,5,8,20,20,637,549,50,13812.814638,-3325.569422,3066.146994,1728.578335,549.000000,56.084719,449.405000,-13.173676,974.803074,-1094.643791,-4800.000000,-31.052000,0,36891,16823,19151,42,0.467098,0.531736,143.643411
20260510_171523,2026-05-10 17:54:14,195,12.4130,1,500,105,100,5,17,20,20,786,668,59,15353.899043,-4035.369385,4519.630305,1826.381882,668.000000,63.572759,487.685000,-19.269918,1465.398908,-1618.047231,-5600.000000,-38.836000,0,53128,24787,26887,235,0.477509,0.517964,141.970531
20260510_171523,2026-05-10 17:54:27,196,11.9774,1,500,105,100,5,13,20,20,941,768,77,17168.839121,-5688.300964,5192.712638,2008.227336,768.000000,58.959379,456.455000,-16.968869,1171.945381,-1408.283612,-7500.000000,-36.726000,0,48359,22175,24963,71,0.469720,0.528776,142.884226
20260510_171523,2026-05-10 17:54:38,197,11.0303,1,500,105,100,5,11,20,20,599,520,62,13408.940342,-4644.105351,3105.986284,1773.754910,520.000000,52.270173,407.725000,-17.439278,1234.677751,-1442.663198,-5800.000000,-32.424000,0,47046,21457,24177,387,0.466244,0.525347,142.018243
20260510_171523,2026-05-10 17:54:49,198,10.4830,1,500,105,100,5,9,20,20,770,731,84,5315.638354,-6699.942705,3697.587752,2122.388860,731.000000,55.978980,429.350000,-19.605847,1359.509607,-1719.973325,-7900.000000,-30.206000,0,48151,21728,25313,34,0.461561,0.537716,138.642548
20260510_171523,2026-05-10 17:55:00,199,10.7978,1,500,105,100,5,7,20,20,806,707,81,10977.278458,-6325.984201,3482.845502,2075.885964,707.000000,56.699364,408.255000,-18.224171,1269.089880,-1557.409230,-7700.000000,-31.658000,0,48478,22158,25100,105,0.467834,0.529950,140.898539
20260510_171523,2026-05-10 17:55:13,200,12.5863,1,500,105,100,5,10,20,20,827,716,69,16159.305595,-5043.845400,2888.953724,1927.079902,716.000000,63.751692,496.055000,-19.489813,1403.428709,-1650.014240,-6500.000000,-42.586000,0,56031,26112,28527,191,0.476236,0.520281,141.700369
20260510_171523,2026-05-10 17:55:23,201,10.0687,1,500,105,100,5,8,20,20,700,591,82,5771.952197,-6584.264531,4687.773229,2045.241566,591.000000,48.648137,375.350000,-17.827714,1229.776188,-1520.002006,-7700.000000,-36.574000,0,50126,22379,26632,63,0.456026,0.542691,142.573405
20260510_171523,2026-05-10 17:55:36,202,12.0160,1,500,105,100,5,19,20,20,975,823,66,15662.369566,-4532.984304,3500.657756,1887.342305,823.000000,61.817342,469.210000,-13.877530,942.663845,-1122.422529,-6400.000000,-39.614000,0,41236,18811,21297,168,0.467052,0.528776,144.716983
20260510_171523,2026-05-10 17:55:47,203,10.9894,1,500,105,100,5,9,20,20,671,549,54,14240.845057,-3753.197904,2915.545729,1739.291115,549.000000,54.190230,421.715000,-10.720919,748.637074,-929.132937,-5200.000000,-39.560000,0,33679,14867,17880,70,0.453027,0.544840,148.478337
20260510_171523,2026-05-10 17:55:59,204,11.8077,1,500,105,100,5,14,20,20,783,689,62,5479.099004,-4344.458680,2922.944049,1859.258490,689.000000,60.907158,465.180000,-16.226910,1054.429412,-1175.840265,-5700.000000,-42.392000,0,43755,19598,22670,561,0.457587,0.529314,140.486943
20260510_171523,2026-05-10 17:56:11,205,11.5573,1,500,105,100,5,15,20,20,994,846,65,18711.173132,-4442.142010,2701.993866,1879.770043,846.000000,61.945466,458.125000,-14.710108,955.735538,-1117.358595,-6200.000000,-39.726000,0,39151,17745,20505,84,0.462905,0.534904,137.720117
20260510_171523,2026-05-10 17:56:20,206,8.5838,1,500,105,100,5,3,20,20,585,475,89,17946.422391,-7399.573495,4887.749630,2146.214981,475.000000,44.580144,336.650000,-15.206163,821.202259,-1149.557030,-8500.000000,-26.866000,0,37037,16236,20047,31,0.447100,0.552046,134.363295
20260510_171523,2026-05-10 17:57:02,207,41.8594,0,1,105,100,5,10,20,20,643,501,65,16156.255242,-4826.983045,2884.065969,1893.304399,501.000000,50.953565,401.275000,-8.133796,518.791947,-680.512473,-6100.000000,-33.266000,0,23619,10050,12908,77,0.436293,0.560365,143.996142
20260510_171523,2026-05-10 17:57:45,208,41.8079,0,1,105,100,5,8,20,20,609,467,58,15550.384690,-4064.025981,4275.112394,1851.216705,467.000000,51.132847,419.780000,-10.074812,703.230236,-762.520483,-5500.000000,-22.670000,0,28356,12960,14711,27,0.467904,0.531121,141.337022
20260510_171523,2026-05-10 17:58:27,209,42.0465,0,1,105,100,5,17,20,20,809,568,43,18922.021494,-2379.530289,3108.186646,1524.502341,568.000000,61.326466,473.705000,-13.891710,850.026932,-908.118520,-4200.000000,-35.222000,0,41287,19371,20970,57,0.479504,0.519085,142.700710
20260510_171523,2026-05-10 17:59:09,210,41.7593,0,1,105,100,5,22,20,20,1086,899,57,18137.498964,-3531.998173,3084.143218,1805.824016,899.000000,64.158497,480.585000,-10.717715,821.299793,-969.002988,-5500.000000,-30.242000,0,33002,15018,17076,30,0.467501,0.531565,147.492255
20260510_171523,2026-05-10 17:59:51,211,41.5941,0,1,105,100,5,11,20,20,924,874,73,7441.600488,-5391.832916,3279.071159,1969.438253,874.000000,52.220469,393.300000,-16.533153,1280.986319,-1484.003319,-6800.000000,-23.534000,0,47034,21371,24473,43,0.465731,0.533332,144.343497
20260510_171523,2026-05-10 18:00:34,212,43.0321,0,1,105,100,5,19,20,20,947,800,55,15560.019498,-3400.335872,3893.753970,1741.627874,800.000000,66.187904,504.630000,-12.194272,970.576204,-1066.814643,-5200.000000,-31.022000,0,39378,18330,19998,96,0.477046,0.520456,147.486898
20260510_171523,2026-05-10 18:01:17,213,41.7926,0,1,105,100,5,18,20,20,869,800,54,10502.582047,-3438.862158,3069.784984,1750.857518,800.000000,63.659196,484.445000,-13.510139,1158.286537,-1263.578483,-5000.000000,-29.882000,0,41983,19610,21098,152,0.479931,0.516349,150.672100
20260510_171523,2026-05-10 18:01:58,214,41.5746,0,1,105,100,5,20,20,20,1373,1203,68,20488.297998,-4341.776053,3717.249296,1938.870590,1203.000000,66.950138,478.085000,-15.658426,1192.965634,-1358.946926,-6500.000000,-33.434000,0,44317,20081,23045,67,0.464913,0.533536,143.443374
20260510_171523,2026-05-10 18:02:40,215,41.5431,0,1,105,100,5,21,20,20,1010,799,61,17752.439083,-4018.476017,3485.930435,1847.303672,799.000000,57.748029,436.060000,-12.462542,797.801340,-934.668572,-5800.000000,-24.656000,0,36075,16347,18695,196,0.463903,0.530535,142.404874
20260510_171523,2026-05-10 18:03:22,216,41.7780,0,1,105,100,5,16,20,20,1023,813,69,20377.824737,-4864.849831,3496.670020,1952.288665,813.000000,54.475158,395.235000,-11.141021,814.480464,-1007.626546,-6600.000000,-20.700000,0,31735,14191,16679,67,0.458706,0.539128,144.566136
20260510_171523,2026-05-10 18:04:05,217,41.6895,0,1,105,100,5,3,20,20,630,507,66,14842.164920,-4959.010653,3684.491025,1887.578860,507.000000,46.812095,362.530000,-10.729846,733.621837,-884.196070,-6200.000000,-19.588000,0,28732,13081,14970,0,0.466329,0.533671,137.852402
20260510_171523,2026-05-10 18:04:47,218,41.7351,0,1,105,100,5,15,20,20,811,688,51,18007.912077,-3162.923740,3294.593166,1754.980966,688.000000,60.286414,455.670000,-9.094835,729.634930,-797.903371,-5000.000000,-25.182000,0,29093,13479,14739,74,0.476424,0.520960,149.193609
20260510_171523,2026-05-10 18:05:29,219,41.6979,0,1,105,100,5,19,20,20,947,882,66,6442.706906,-4553.081962,3698.791171,1874.296940,882.000000,62.506302,475.825000,-15.417305,1242.498421,-1391.983518,-6100.000000,-16.032000,0,42332,19592,21620,38,0.474958,0.524121,144.106203
20260510_171523,2026-05-10 18:06:11,220,41.9264,0,1,105,100,5,20,20,20,1212,1016,58,16753.143209,-3435.458184,3269.734492,1861.747826,1016.000000,69.051117,520.145000,-18.251870,1418.718198,-1551.533428,-5600.000000,-22.134000,0,49802,24170,24181,266,0.497151,0.497377,143.326690
20260510_171523,2026-05-10 18:06:53,221,41.3858,0,1,105,100,5,14,20,20,1159,970,56,16961.130595,-3315.475292,3305.953699,1791.899602,970.000000,63.815522,494.505000,-13.771854,1140.775301,-1266.794095,-5400.000000,-17.654000,0,39652,18929,19612,104,0.489818,0.507491,146.959592
20260510_171523,2026-05-10 18:07:34,222,41.4108,0,1,105,100,5,19,20,20,1138,938,75,19160.829924,-5249.024050,4286.194872,2008.742442,938.000000,62.596761,460.225000,-16.627981,1266.208579,-1457.219001,-7200.000000,-16.606000,0,45687,21256,23283,78,0.476410,0.521841,141.120685
20260510_171523,2026-05-10 18:08:09,223,34.1631,1,500,105,100,5,7,20,20,959,780,76,20025.432439,-5729.222801,3914.199435,2032.049712,780.000000,49.640396,358.980000,-19.715115,1459.503415,-1738.561818,-7200.000000,-11.526000,0,52009,24450,26352,49,0.480817,0.518220,137.518975
20260510_171523,2026-05-10 18:08:18,224,9.1049,1,500,105,100,5,3,20,20,571,502,61,10166.948149,-4568.374636,2910.897456,1805.915727,502.000000,47.140970,360.105000,-14.313558,991.889340,-1154.036956,-5700.000000,-16.450000,0,37090,17194,19045,16,0.474252,0.525307,138.474632
20260510_171523,2026-05-10 18:08:28,225,9.4436,1,500,105,100,5,10,20,20,664,592,72,13101.315662,-5564.110306,3288.374137,1931.931752,592.000000,50.402493,377.600000,-16.164732,1151.796024,-1368.749692,-6800.000000,-21.274000,0,43456,20353,22076,0,0.479695,0.520305,140.680309
20260510_171523,2026-05-10 18:08:38,226,9.1354,1,500,105,100,5,10,20,20,677,577,68,5408.663288,-5107.862358,2675.301562,1907.501758,577.000000,50.288136,376.020000,-14.925100,1136.448509,-1278.424484,-6300.000000,-32.262000,0,42497,19633,21590,268,0.473187,0.520354,142.108554
20260510_171523,2026-05-10 18:08:48,227,9.5853,1,500,105,100,5,9,20,20,747,652,73,15987.337777,-5607.461159,3300.933525,1993.994325,652.000000,50.854636,392.620000,-16.679540,1196.890140,-1453.429562,-7000.000000,-34.782000,0,42781,19562,21978,251,0.468091,0.525903,139.081058
20260510_171523,2026-05-10 18:08:57,228,8.4952,1,500,105,100,5,6,20,20,504,432,77,15599.696001,-6318.512392,3076.803745,1955.610254,432.000000,42.233305,326.775000,-12.906522,859.443077,-1139.373954,-7300.000000,-33.734000,0,36404,15917,19265,428,0.446981,0.541000,142.350010
20260510_171523,2026-05-10 18:09:06,229,8.9948,1,500,105,100,5,8,20,20,743,631,75,14602.942289,-5885.998139,3087.705442,2032.283568,631.000000,46.240541,344.980000,-13.298296,830.847777,-1117.284237,-7100.000000,-41.292000,0,35098,15566,18691,64,0.453542,0.544594,136.250512
20260510_171523,2026-05-10 18:09:16,230,9.8187,1,500,105,100,5,9,20,20,777,683,76,5722.780967,-5868.885015,3507.762288,2043.058796,683.000000,53.176988,388.135000,-15.334636,1086.548620,-1331.542275,-7100.000000,-39.862000,0,40188,18380,20826,52,0.468185,0.530491,141.214048
20260510_171523,2026-05-10 18:09:25,231,8.0183,1,500,105,100,5,7,20,20,568,426,70,17621.867297,-5560.666153,3695.095387,1951.106925,426.000000,38.096927,298.635000,-10.360507,573.285313,-813.548583,-6700.000000,-27.882000,0,27124,12694,13719,92,0.478929,0.517600,136.916927
20260510_171523,2026-05-10 18:09:35,232,9.6019,1,500,105,100,5,9,20,20,908,782,75,16319.578466,-5601.828236,3108.236018,2005.596215,782.000000,47.197896,354.550000,-12.896782,930.370999,-1121.738914,-7100.000000,-30.116000,0,34841,16238,17676,125,0.477041,0.519287,139.062140
20260510_171523,2026-05-10 18:09:45,233,9.5985,1,500,105,100,5,11,20,20,771,666,68,18799.311646,-5109.923966,2895.029056,1899.099725,666.000000,50.066558,360.795000,-15.401530,969.476300,-1186.716033,-6500.000000,-33.030000,0,39662,17584,19676,1602,0.452473,0.506304,136.094575
20260510_171523,2026-05-10 18:09:55,234,9.6200,1,500,105,100,5,14,20,20,701,628,72,13480.193955,-5500.680694,2890.524268,1969.238867,628.000000,50.479049,393.020000,-10.166410,691.351685,-891.905321,-6800.000000,-35.092000,0,27233,12480,13995,105,0.469526,0.526524,141.434940
20260510_171523,2026-05-10 18:10:05,235,9.3214,1,500,105,100,5,12,20,20,747,674,81,6864.717559,-6395.662745,3083.058689,2090.453230,674.000000,48.983934,356.455000,-15.593686,1122.777615,-1354.231728,-7600.000000,-40.424000,0,42192,19387,21804,57,0.470011,0.528607,139.153563
20260510_171523,2026-05-10 18:10:15,236,10.0292,1,500,105,100,5,9,20,20,714,652,65,6632.654602,-4772.653866,3493.424029,1918.343860,652.000000,54.967215,412.955000,-11.977876,857.540509,-1015.679511,-6000.000000,-38.528000,0,33092,14612,16847,845,0.452328,0.521514,144.395849
20260510_171523,2026-05-10 18:10:25,237,9.8631,1,500,105,100,5,11,20,20,643,631,66,11983.685805,-4976.225272,3103.327914,1891.509113,631.000000,47.768567,390.075000,-14.505105,939.056017,-1114.013358,-6300.000000,-35.344000,0,36420,16924,18246,440,0.475260,0.512384,137.210215
20260510_171523,2026-05-10 18:10:37,238,11.1661,1,500,105,100,5,11,20,20,795,653,65,15384.484725,-4660.660204,3281.985954,1900.928047,653.000000,55.604425,423.895000,-15.411321,1110.313296,-1270.250776,-6300.000000,-39.150000,0,44032,20087,21716,1282,0.466218,0.504027,142.332773
20260510_171523,2026-05-10 18:10:51,239,13.1152,1,500,105,100,5,24,20,20,1024,949,59,15550.409775,-3785.904811,3287.259951,1839.703844,949.000000,70.345155,524.605000,-18.602859,1221.841068,-1383.698991,-5600.000000,-47.940000,0,43906,19701,22513,728,0.458782,0.524265,138.741031
20260510_171523,2026-05-10 18:11:05,240,13.5641,1,500,105,100,5,23,20,20,1114,1010,56,15684.801434,-3321.717223,3079.348399,1808.817540,1010.000000,71.881172,554.165000,-13.699976,1119.318095,-1235.709797,-5400.000000,-41.746000,0,40267,18732,19919,579,0.477492,0.507749,146.274036
20260510_171523,2026-05-10 18:11:15,241,10.1622,1,500,105,100,5,16,20,20,857,737,60,17341.895007,-4131.907787,2678.068796,1825.627137,737.000000,51.374925,404.985000,-8.813900,656.164517,-800.782401,-5800.000000,-33.604000,0,24827,11160,12682,321,0.461863,0.524852,141.886470
20260510_171523,2026-05-10 18:11:26,242,9.9047,1,500,105,100,5,7,20,20,548,459,52,15068.617633,-3640.946397,2679.600586,1684.437986,459.000000,45.899794,389.005000,-8.538618,593.218078,-690.024672,-4900.000000,-31.698000,0,23276,10708,11873,136,0.471365,0.522648,143.941642
20260510_171523,2026-05-10 18:11:38,243,11.5946,1,500,105,100,5,10,20,20,733,618,51,15099.073997,-3363.157411,2884.583131,1679.133899,618.000000,55.820708,455.625000,-12.578243,789.117702,-937.817152,-4800.000000,-52.746000,0,35612,14571,17063,3157,0.418815,0.490443,141.911054
20260510_171523,2026-05-10 18:11:49,244,11.2697,1,500,105,100,5,16,20,20,675,580,59,15845.532693,-4186.611961,2693.807984,1740.092739,580.000000,54.752674,442.090000,-13.807186,1017.214765,-1168.590070,-5500.000000,-33.552000,0,38172,17209,18609,1518,0.460922,0.498420,138.540949
20260510_171523,2026-05-10 18:12:03,245,12.9386,1,500,105,100,5,19,20,20,772,613,45,18190.799612,-2589.747653,2488.793641,1663.734246,613.000000,62.868971,494.000000,-12.899527,883.669760,-953.207942,-4500.000000,-36.734000,0,37587,16633,19107,984,0.452919,0.520286,141.989122
20260510_171523,2026-05-10 18:12:16,246,12.1707,1,500,105,100,5,13,20,20,725,679,52,12375.353712,-3395.885128,4079.373978,1662.520064,679.000000,63.567748,483.550000,-15.550889,1005.335056,-1101.096101,-4900.000000,-42.724000,0,40882,17921,20763,1329,0.447879,0.518906,140.449586
20260510_171523,2026-05-10 18:12:30,247,14.0317,1,500,105,100,5,12,20,20,823,740,51,16578.982285,-3145.116083,3874.768153,1703.127911,740.000000,68.367458,542.610000,-15.950845,1351.906787,-1478.382993,-4900.000000,-35.442000,0,48118,22798,23912,252,0.485456,0.509178,148.103704
20260510_171523,2026-05-10 18:12:44,248,13.0664,1,500,105,100,5,24,20,20,927,783,45,17322.099710,-2420.715576,2888.218782,1587.250392,783.000000,65.081571,527.095000,-12.626807,999.799524,-1066.252907,-4300.000000,-27.732000,0,37929,17932,18655,433,0.484387,0.503917,145.084288
20260510_171523,2026-05-10 18:12:57,249,13.2198,1,500,105,100,5,21,20,20,860,767,53,18430.329132,-3280.532753,3700.081916,1688.266255,767.000000,64.985963,528.760000,-12.641114,1026.087044,-1117.554050,-5000.000000,-30.076000,0,36610,17013,18196,492,0.476541,0.509678,144.385081
20260510_171523,2026-05-10 18:13:13,250,15.0609,1,500,105,100,5,26,20,20,1116,972,47,16882.889783,-2382.198714,2881.848900,1649.510206,972.000000,74.601296,581.765000,-15.906761,1406.169599,-1492.910134,-4600.000000,-26.698000,0,49067,23423,24227,192,0.489591,0.506396,147.209896
20260510_171523,2026-05-10 18:13:26,251,12.4727,1,500,105,100,5,18,20,20,913,816,57,15794.192886,-3708.408105,4503.210352,1752.217691,816.000000,64.412490,490.960000,-16.669937,1421.174536,-1567.138218,-5300.000000,-24.746000,0,50719,23761,25546,120,0.480729,0.516843,146.787099
20260510_171523,2026-05-10 18:13:38,252,11.1468,1,500,105,100,5,8,20,20,588,511,56,15704.670526,-4026.990480,2867.962357,1685.791525,511.000000,51.637800,399.250000,-11.890147,919.623376,-1078.177374,-5300.000000,-20.472000,0,33786,15458,17303,176,0.469320,0.525336,143.820683
20260510_171523,2026-05-10 18:13:49,253,10.9378,1,500,105,100,5,8,20,20,1065,963,84,17884.200464,-6346.280356,3099.586157,2005.519778,963.000000,55.742724,410.550000,-21.201769,1558.240911,-1838.348275,-8100.000000,-26.426000,0,54578,25472,27489,436,0.477031,0.514804,138.065382
20260510_171523,2026-05-10 18:14:00,254,10.9908,1,500,105,100,5,13,20,20,757,695,72,4935.892063,-5446.208987,3261.280795,1921.054857,695.000000,56.741939,414.685000,-16.770908,1076.888773,-1296.459578,-6700.000000,-33.174000,0,44898,20661,23152,118,0.470306,0.527008,137.982639
20260510_171523,2026-05-10 18:14:12,255,11.0431,1,500,105,100,5,11,20,20,774,672,71,10359.266699,-5274.086961,4286.539953,1858.409215,672.000000,55.228589,426.020000,-13.533989,1027.368745,-1202.652514,-6700.000000,-25.724000,0,39835,18657,20168,48,0.479948,0.518818,144.800079
20260510_171523,2026-05-10 18:14:24,256,11.5263,1,500,105,100,5,11,20,20,758,632,71,14335.465525,-5318.302756,3673.467381,1967.735090,632.000000,55.300836,411.340000,-14.542200,1068.622126,-1271.181368,-6700.000000,-26.746000,0,41579,19052,21488,61,0.469250,0.529248,144.161025
20260510_171523,2026-05-10 18:14:34,257,9.5189,1,500,105,100,5,12,20,20,666,504,76,16709.026218,-6030.506918,4022.659598,1940.455610,504.000000,44.155068,346.455000,-11.834842,699.844684,-996.660730,-7400.000000,-31.580000,0,34573,14876,17851,1064,0.440236,0.528277,140.622948
20260510_171523,2026-05-10 18:14:45,258,10.4642,1,500,105,100,5,13,20,20,624,502,68,15214.563486,-5172.128070,3067.693383,1854.540827,502.000000,49.477473,379.075000,-14.992193,1010.318607,-1203.035651,-6600.000000,-29.722000,0,41239,19506,20557,218,0.484248,0.510340,144.129614
20260510_171523,2026-05-10 18:14:54,259,8.6055,1,500,105,100,5,2,20,20,479,368,72,14347.857413,-5815.052550,4088.418954,1816.833315,368.000000,38.026615,293.495000,-12.190059,717.343135,-916.666597,-6800.000000,-35.762000,0,34528,15087,17912,799,0.446387,0.529972,140.740981
20260510_171523,2026-05-10 18:15:04,260,9.3247,1,500,105,100,5,3,20,20,387,272,56,15507.517034,-4292.953574,3892.766363,1591.587799,272.000000,41.966961,325.510000,-11.112483,580.330577,-699.400385,-5200.000000,-49.682000,0,29973,13276,15421,759,0.450706,0.523527,136.281889
20260510_171523,2026-05-10 18:15:14,261,9.6245,1,500,105,100,5,4,20,20,513,446,67,5702.949275,-5247.554790,3276.687740,1838.782516,446.000000,45.504299,347.555000,-12.348852,808.868224,-980.963352,-6200.000000,-53.378000,0,32416,14290,17255,187,0.450334,0.543773,141.222937
20260510_171523,2026-05-10 18:15:22,262,7.8395,1,500,105,100,5,2,20,20,332,275,81,3753.975057,-6873.093309,3264.671446,1964.375660,275.000000,34.486792,286.170000,-12.266778,700.012977,-917.298550,-7600.000000,-33.210000,0,30969,13473,16732,120,0.444287,0.551756,135.109048
20260510_171523,2026-05-10 18:15:32,263,9.1875,1,500,105,100,5,6,20,20,538,410,59,17814.119943,-4409.267065,3484.232701,1744.753209,410.000000,39.789955,331.060000,-10.726776,652.942075,-785.707942,-5600.000000,-33.720000,0,27597,12594,14311,114,0.466116,0.529664,132.526092
20260510_171523,2026-05-10 18:15:42,264,9.4111,1,500,105,100,5,4,20,20,547,471,75,17213.375766,-6008.805825,4450.758763,1870.541673,471.000000,43.667847,330.295000,-12.953132,924.003460,-1129.590627,-7100.000000,-26.024000,0,35071,15769,18440,45,0.460355,0.538331,142.362589
20260510_171523,2026-05-10 18:15:51,265,8.2072,1,500,105,100,5,6,20,20,610,483,85,6004.107577,-7051.152838,3276.696099,1985.666540,483.000000,37.183229,277.205000,-11.656361,703.891242,-1012.289868,-8000.000000,-20.858000,0,32355,14015,17462,164,0.442938,0.551879,136.185232
20260510_171523,2026-05-10 18:16:00,266,9.2172,1,500,105,100,5,3,20,20,549,450,65,13754.961109,-4998.747155,4291.065183,1865.000317,450.000000,46.372689,349.190000,-11.205942,740.836912,-912.865755,-6200.000000,-28.790000,0,29645,13429,15592,16,0.462479,0.536970,137.688560
20260510_171523,2026-05-10 18:16:10,267,9.6981,1,500,105,100,5,9,20,20,600,483,62,14555.368601,-4618.363799,4457.394715,1727.737228,483.000000,46.735295,357.540000,-11.770913,776.316546,-945.533641,-6000.000000,-25.388000,0,33905,15260,17872,18,0.460332,0.539125,141.938567
20260510_171523,2026-05-10 18:16:20,268,9.3284,1,500,105,100,5,9,20,20,681,560,83,18012.917789,-6684.871891,3290.380943,2090.495923,560.000000,46.163440,346.440000,-12.591165,726.301783,-1012.121188,-8000.000000,-20.894000,0,30699,13014,16393,626,0.433323,0.545833,136.432581
20260510_171523,2026-05-10 18:16:30,269,9.0082,1,500,105,100,5,5,20,20,458,420,64,9052.253987,-5041.826700,3888.367188,1863.844244,420.000000,36.880210,312.315000,-10.085115,648.317564,-825.062207,-6000.000000,-17.996000,0,27912,12264,15068,1,0.448688,0.551275,133.880158
20260510_171523,2026-05-10 18:16:41,270,10.8648,1,500,105,100,5,19,20,20,818,691,60,18126.200988,-4122.533647,4487.202695,1801.125738,691.000000,58.012198,439.910000,-11.004075,699.613480,-850.879528,-5700.000000,-20.184000,0,29093,13539,14792,110,0.476038,0.520094,141.174628
20260510_171523,2026-05-10 18:16:52,271,10.2705,1,500,105,100,5,12,20,20,694,638,68,6787.717796,-5140.786402,3065.712306,1893.169089,638.000000,51.499711,388.855000,-13.782206,842.521390,-1048.180761,-6300.000000,-20.132000,0,34012,15237,17616,452,0.457499,0.528930,137.120157
20260510_171523,2026-05-10 18:17:01,272,8.1221,1,500,105,100,5,8,20,20,558,506,78,14378.265676,-6349.602787,2873.018604,2016.174303,506.000000,38.477993,299.965000,-11.168863,702.786186,-960.838023,-7400.000000,-18.492000,0,30710,13767,15911,345,0.458548,0.529960,140.631883
20260510_171523,2026-05-10 18:17:10,273,8.9781,1,500,105,100,5,4,20,20,435,329,65,12768.306150,-5082.148735,3846.859384,1732.122220,329.000000,39.571146,320.945000,-13.320505,609.842541,-747.131261,-6200.000000,-23.010000,0,30138,13707,15751,161,0.462777,0.531787,127.115071
20260510_171523,2026-05-10 18:17:20,274,9.4590,1,500,105,100,5,13,20,20,671,464,78,17625.903525,-6137.522238,4078.704224,1980.291957,464.000000,44.377483,331.750000,-11.289713,620.099849,-825.927229,-7600.000000,-21.820000,0,31403,14008,16684,38,0.455841,0.542922,137.341957
20260510_171523,2026-05-10 18:17:29,275,8.4500,1,500,105,100,5,9,20,20,495,355,74,20749.339523,-5961.875474,3662.353485,1963.243041,355.000000,38.446912,287.925000,-8.667789,416.125087,-604.472201,-7100.000000,-21.702000,0,24988,10533,13481,474,0.430129,0.550515,134.590699
20260510_171523,2026-05-10 18:17:37,276,7.4477,1,500,105,100,5,6,20,20,515,485,86,12018.114611,-7175.789496,3268.067499,2070.882054,485.000000,37.156137,276.280000,-10.391954,608.818281,-859.519066,-8200.000000,-12.258000,0,24941,10446,13953,27,0.427659,0.571236,134.957680
20260510_171523,2026-05-10 18:17:48,277,10.7184,1,500,105,100,5,9,20,20,549,430,59,15351.969908,-4315.068537,3293.891513,1736.711492,430.000000,49.170555,406.530000,-10.293144,691.214867,-834.505238,-5600.000000,-18.482000,0,30160,13224,15496,744,0.448819,0.525930,144.775237
20260510_171523,2026-05-10 18:17:58,278,9.6363,1,500,105,100,5,7,20,20,421,280,55,17913.923405,-4133.566167,3880.333948,1613.632957,280.000000,41.163419,329.245000,-10.130904,538.375841,-688.298876,-5400.000000,-30.162000,0,30537,13751,14048,2167,0.458887,0.468798,142.192721
20260510_171523,2026-05-10 18:18:08,279,9.0140,1,500,105,100,5,5,20,20,364,300,71,13818.209127,-5787.349146,3871.718416,1816.215251,300.000000,42.286866,313.475000,-13.046179,627.718422,-831.383836,-6800.000000,-21.244000,0,35329,15263,19257,157,0.440148,0.555325,136.170849
20260510_171523,2026-05-10 18:18:17,280,8.6446,1,500,105,100,5,7,20,20,456,350,69,16023.741033,-5547.146607,3272.361406,1814.615824,350.000000,41.292307,316.905000,-9.737763,418.381939,-666.778203,-6600.000000,-14.900000,0,25171,10552,13425,716,0.427328,0.543676,137.659217
20260510_171523,2026-05-10 18:18:27,281,9.2086,1,500,105,100,5,1,20,20,566,450,78,5214.631758,-6328.820908,3484.734592,1924.818278,450.000000,41.397531,331.910000,-15.175716,904.570411,-1195.019518,-7300.000000,-11.524000,0,38131,17547,19723,19,0.470568,0.528923,137.477118
20260510_171523,2026-05-10 18:18:36,282,8.5481,1,500,105,100,5,4,20,20,434,359,77,16247.773098,-6347.446235,3672.355342,1873.646370,359.000000,37.905077,292.365000,-11.123799,657.653201,-880.573994,-7300.000000,-12.394000,0,29115,12152,15603,752,0.426281,0.547339,138.709307
20260510_171523,2026-05-10 18:18:48,283,11.3760,1,500,105,100,5,20,20,20,892,823,70,14974.970917,-5025.349500,5467.135186,1902.310826,823.000000,63.190729,471.040000,-11.111060,725.535466,-919.938772,-6600.000000,-15.914000,0,31425,13860,16715,88,0.452011,0.545120,145.493999
20260510_171523,2026-05-10 18:18:57,284,8.7432,1,500,105,100,5,4,20,20,392,288,59,19822.736072,-4615.401580,3247.659906,1703.303595,288.000000,38.470005,307.545000,-10.683267,660.484435,-871.796830,-5800.000000,-12.044000,0,29689,13063,15818,222,0.448854,0.543518,139.909156
20260510_171523,2026-05-10 18:19:07,285,9.2430,1,500,105,100,5,5,20,20,384,366,51,9563.143334,-3734.087659,3268.825272,1644.109422,366.000000,44.347738,367.320000,-11.361710,790.280979,-893.690473,-4700.000000,-14.144000,0,31159,14460,16009,4,0.474518,0.525350,144.508998
20260510_171523,2026-05-10 18:19:19,286,11.2846,1,500,105,100,5,4,20,20,477,371,43,16094.442777,-2791.007324,2667.470172,1483.131920,371.000000,50.622198,422.075000,-10.351241,713.608249,-789.733378,-3900.000000,-14.192000,0,28790,13621,14502,56,0.483374,0.514639,144.334073
20260510_171523,2026-05-10 18:19:31,287,11.3864,1,500,105,100,5,10,20,20,631,450,49,18740.795859,-3156.739293,3881.848857,1665.210170,450.000000,54.454708,412.850000,-8.536530,623.752402,-683.890916,-4800.000000,-21.142000,0,27772,12973,14087,43,0.478655,0.519758,140.691380
20260510_171523,2026-05-10 18:19:44,288,12.1027,1,500,105,100,5,8,20,20,548,484,39,15812.806477,-2275.237936,2680.385534,1513.906574,484.000000,59.997933,466.320000,-11.282783,796.921252,-857.234438,-3700.000000,-26.042000,0,32185,14984,16047,394,0.476818,0.510644,145.973449
20260510_171523,2026-05-10 18:19:56,289,11.5401,1,500,105,100,5,14,20,20,691,647,58,13472.822312,-4085.064483,3103.957419,1775.047093,647.000000,59.853049,452.040000,-18.664151,1337.006822,-1519.196803,-5500.000000,-13.332000,0,50896,23357,26396,23,0.469242,0.530296,143.981417
20260510_171523,2026-05-10 18:20:08,290,11.5984,1,500,105,100,5,8,20,20,666,569,53,17647.265166,-3592.137808,2474.791292,1680.499477,569.000000,56.137685,430.695000,-12.679251,1034.108446,-1144.605805,-4900.000000,-28.476000,0,39825,18781,20067,15,0.483262,0.516352,149.167151
20260510_171523,2026-05-10 18:20:20,291,11.5057,1,500,105,100,5,13,20,20,587,563,44,11627.740417,-2736.678465,2658.767124,1574.826084,563.000000,55.766815,436.175000,-14.775231,1127.847701,-1175.799582,-4200.000000,-21.132000,0,41837,19764,21011,48,0.484139,0.514685,145.057297
20260510_171523,2026-05-10 18:20:32,292,11.7481,1,500,105,100,5,12,20,20,774,651,54,16251.190575,-3562.469781,2874.131960,1651.213958,651.000000,54.197719,435.775000,-16.105801,845.747654,-975.456845,-5300.000000,-18.748000,0,38950,17722,19720,770,0.463781,0.516068,135.662804
20260510_171523,2026-05-10 18:20:45,293,12.3860,1,500,105,100,5,18,20,20,994,861,56,17206.945587,-3498.592940,2886.813827,1674.294311,861.000000,60.838753,469.690000,-18.468402,1419.270489,-1544.446769,-5400.000000,-6.992000,0,54597,25540,27544,344,0.478027,0.515535,141.726459
20260510_171523,2026-05-10 18:20:58,294,12.3955,1,500,105,100,5,15,20,20,790,687,53,14998.561013,-3372.482869,2832.072761,1730.744572,687.000000,58.537302,466.450000,-12.163282,1019.945012,-1093.845251,-5000.000000,-5.972000,0,35249,16639,17677,47,0.484213,0.514420,142.825456
20260510_171523,2026-05-10 18:21:12,295,13.3750,1,500,105,100,5,19,20,20,953,902,57,5020.648915,-3588.637474,2676.652181,1821.511890,902.000000,71.518400,558.790000,-14.393230,1189.610515,-1319.933352,-5200.000000,-6.698000,0,41671,19494,21103,19,0.479959,0.519574,146.100141
20260510_171523,2026-05-10 18:21:55,296,42.1477,0,1,105,100,5,21,20,20,1025,847,45,20144.291443,-2313.816747,2881.561771,1642.123620,847.000000,70.131190,556.665000,-9.258791,698.704066,-790.980373,-4200.000000,-9.442000,0,29040,12989,15333,12,0.458425,0.541152,147.077660
20260510_171523,2026-05-10 18:22:37,297,41.9052,0,1,105,100,5,27,20,20,1307,1115,50,19151.496044,-2481.323908,4466.072674,1772.196179,1115.000000,79.025807,595.970000,-11.554850,848.376447,-959.076418,-4800.000000,-12.788000,0,32094,14591,15968,765,0.465809,0.509769,141.133674
20260510_171523,2026-05-10 18:23:20,298,41.8384,0,1,105,100,5,26,20,20,1103,898,38,19181.607184,-1467.964912,2666.782683,1589.898375,898.000000,76.335030,600.870000,-15.990588,1264.804759,-1320.983103,-3700.000000,-20.230000,0,48412,22993,24082,167,0.486707,0.509758,147.728630
20260510_171523,2026-05-10 18:24:03,299,42.4078,0,1,105,100,5,17,20,20,879,717,55,15323.078659,-3512.397009,3285.756813,1828.096822,717.000000,60.767764,484.595000,-16.988288,1313.293631,-1435.993242,-5200.000000,-26.200000,0,46225,21798,23305,31,0.482962,0.516351,141.703931
20260510_171523,2026-05-10 18:24:46,300,42.6808,0,1,105,100,5,18,20,20,995,815,37,19693.245678,-1524.349255,2675.242473,1566.212664,815.000000,71.712806,575.675000,-14.240095,1228.379857,-1295.904394,-3600.000000,-17.358000,0,44664,21097,22360,29,0.485145,0.514188,149.298905
20260510_182634,2026-05-10 18:27:16,0,41.8198,0,1,100,100,0,0,20,20,327,327,75,1858.086739,-7194.904262,2639.823961,1627.579826,327.000000,37.268200,267.905000,-13.181244,764.640829,-1000.147047,-7500.000000,-78.390000,0,28727,13082,15057,0,0.464906,0.535094,131.491979
20260510_182634,2026-05-10 18:27:33,1,17.4507,1,500,101,100,1,1,20,20,234,232,53,2613.169081,-4863.332629,3017.078148,1444.717486,232.000000,42.338875,307.400000,-13.959252,869.417289,-994.106263,-5200.000000,-75.640000,0,35409,16616,18157,4,0.477787,0.522098,141.638984
20260510_182634,2026-05-10 18:27:42,2,8.4420,1,500,102,100,2,1,20,20,342,325,65,4111.384647,-5859.872716,2452.956299,1717.775598,325.000000,45.549320,324.795000,-15.061670,858.715749,-1012.494966,-6400.000000,-75.968000,0,36531,16698,19153,6,0.465683,0.534150,136.556094
20260510_182634,2026-05-10 18:27:51,3,8.8249,1,500,103,100,3,2,20,20,330,321,59,4083.966843,-5152.414960,2080.379841,1520.966359,321.000000,47.964020,334.605000,-13.756316,813.123259,-915.529170,-5600.000000,-74.948000,0,32886,15088,17109,4,0.468557,0.531319,137.344844
20260510_182634,2026-05-10 18:28:01,4,10.0169,1,500,104,100,4,1,20,20,374,348,33,5938.860712,-2395.062302,2189.653124,1246.628921,348.000000,50.091944,365.285000,-13.891574,810.852387,-825.813196,-3200.000000,-82.182000,0,35429,17248,17626,2,0.494552,0.505391,139.457348
20260510_182634,2026-05-10 18:28:11,5,9.6998,1,500,105,100,5,1,20,20,315,292,44,6274.299260,-3458.559377,2464.536057,1481.890933,292.000000,52.289754,376.940000,-16.502635,1027.561604,-1068.773759,-4000.000000,-82.758000,0,45544,21468,23149,133,0.479732,0.517296,142.982618
20260510_182634,2026-05-10 18:28:53,6,41.9871,0,1,105,100,5,2,20,20,333,299,65,5370.713476,-5623.812534,2653.554841,1609.074289,299.000000,43.874303,304.675000,-13.736318,867.300852,-1049.245179,-6200.000000,-70.814000,0,38230,17442,20051,1,0.465194,0.534779,138.503496
20260510_182634,2026-05-10 18:29:35,7,42.3144,0,1,105,100,5,2,20,20,304,276,55,5378.404940,-4600.878474,3049.383719,1647.124982,276.000000,46.886804,327.675000,-13.383364,724.432955,-835.367274,-5100.000000,-75.640000,0,32862,15108,17195,0,0.467696,0.532304,137.377140
20260510_182634,2026-05-10 18:30:18,8,42.7177,0,1,105,100,5,3,20,20,332,296,43,6509.789812,-3366.162712,2676.182482,1528.395872,296.000000,53.379276,378.425000,-15.781263,911.818259,-1024.020272,-4100.000000,-81.674000,0,39014,18210,20085,0,0.475519,0.524481,138.865748
20260510_182634,2026-05-10 18:31:00,9,41.8262,0,1,105,100,5,7,20,20,487,456,58,7087.078479,-4637.002136,2357.541417,1748.695995,456.000000,55.322156,398.995000,-14.226698,910.860585,-1083.135600,-5600.000000,-68.476000,0,37844,16939,20164,1,0.456528,0.543445,142.794997
20260510_182634,2026-05-10 18:31:42,10,41.7186,0,1,105,100,5,2,20,20,408,367,52,8625.961048,-4087.756672,2336.106717,1671.711304,367.000000,56.346023,399.375000,-19.549900,1208.991471,-1340.499168,-5000.000000,-73.584000,0,45863,21277,23731,105,0.471638,0.526035,136.238297
20260510_182634,2026-05-10 18:32:24,11,41.5873,0,1,105,100,5,7,20,20,536,453,63,8953.752170,-5038.144726,2509.471583,1749.195016,453.000000,56.228525,401.000000,-17.869692,1023.439111,-1206.280507,-6100.000000,-62.508000,0,44349,20126,23398,7,0.462337,0.537502,135.851839
20260510_182634,2026-05-10 18:33:05,12,41.7276,0,1,105,100,5,7,20,20,538,485,52,8031.275344,-3872.517492,3090.490457,1581.909521,485.000000,59.010312,440.085000,-13.662120,877.877474,-994.642255,-5100.000000,-60.778000,0,35311,16266,17866,434,0.470578,0.516866,140.155641
20260510_182634,2026-05-10 18:33:47,13,41.8467,0,1,105,100,5,5,20,20,565,507,54,8142.528718,-4066.104245,2354.178180,1612.159797,507.000000,59.703562,430.200000,-16.612017,1033.072535,-1178.857263,-5200.000000,-55.410000,0,43237,19833,22558,6,0.467793,0.532066,138.829327
20260510_182634,2026-05-10 18:34:29,14,41.6725,0,1,105,100,5,2,20,20,442,398,44,8654.858186,-3190.832835,2665.136587,1523.016577,398.000000,56.734775,442.415000,-12.713920,891.029140,-986.222987,-4100.000000,-65.464000,0,33308,14909,17382,241,0.458287,0.534305,142.940019
20260510_182634,2026-05-10 18:35:11,15,41.5926,0,1,105,100,5,4,20,20,461,422,61,8020.401411,-4894.205940,2601.870956,1705.033072,422.000000,49.302350,361.595000,-12.281755,808.560332,-943.206465,-6000.000000,-56.214000,0,31729,14526,16557,8,0.467209,0.532534,141.000606
20260510_182634,2026-05-10 18:35:53,16,41.6579,0,1,105,100,5,7,20,20,547,498,61,9012.641868,-4818.049086,2674.335496,1735.420973,498.000000,58.351714,421.190000,-16.313822,1082.247940,-1273.836881,-5900.000000,-59.630000,0,45126,20355,23777,97,0.460218,0.537588,140.863960
20260510_182634,2026-05-10 18:36:34,17,41.4308,0,1,105,100,5,5,20,20,513,430,60,9642.168379,-4726.121307,2579.847272,1672.522047,430.000000,56.035423,402.740000,-14.536433,898.784593,-1043.870302,-5700.000000,-63.922000,0,37947,18068,19119,6,0.485790,0.514048,135.096851
20260510_182634,2026-05-10 18:37:16,18,41.5332,0,1,105,100,5,1,20,20,387,354,58,7304.077715,-4722.593983,2727.035852,1651.036946,354.000000,45.198198,343.055000,-13.582092,847.194014,-983.245673,-5500.000000,-56.028000,0,32689,15231,16777,63,0.474915,0.523121,134.846925
20260510_182634,2026-05-10 18:37:57,19,41.4573,0,1,105,100,5,2,20,20,384,312,58,11134.037573,-4715.605540,2663.661924,1581.331241,312.000000,44.098465,330.190000,-11.342702,739.035110,-861.677343,-5600.000000,-56.292000,0,30075,13694,15448,258,0.465782,0.525442,140.931462
20260510_182634,2026-05-10 18:38:39,20,41.3880,0,1,105,100,5,8,20,20,465,431,70,8206.073620,-5774.817860,2860.827134,1829.649455,431.000000,52.405781,375.265000,-16.149493,1109.389699,-1258.013228,-6600.000000,-72.148000,0,41190,18932,21344,62,0.469334,0.529129,137.277895
20260510_182634,2026-05-10 18:39:20,21,41.4067,0,1,105,100,5,4,20,20,443,380,68,8476.521791,-5612.190471,2892.209790,1735.272905,380.000000,46.186039,326.210000,-15.346710,932.136047,-1057.682779,-6500.000000,-53.602000,0,36890,16851,19285,22,0.466038,0.533354,133.691652
20260510_182634,2026-05-10 18:40:02,22,41.5414,0,1,105,100,5,4,20,20,494,482,78,5103.099343,-6706.030111,3284.539740,1964.555499,482.000000,45.209801,327.285000,-13.575665,821.009625,-1111.939713,-7300.000000,-51.048000,0,32440,13934,17817,17,0.438617,0.560847,135.909090
20260510_182634,2026-05-10 18:40:44,23,41.6552,0,1,105,100,5,3,20,20,563,522,84,6057.732797,-7100.809232,3088.467279,2055.062577,522.000000,49.027594,359.715000,-14.223304,920.953673,-1155.938596,-8000.000000,-57.746000,0,35781,15821,19231,0,0.451358,0.548642,136.619216
20260510_182634,2026-05-10 18:41:25,24,41.5232,0,1,105,100,5,7,20,20,446,386,67,9582.830635,-5553.405391,3216.847055,1840.583116,386.000000,47.911371,337.085000,-11.694460,738.227264,-925.729185,-6600.000000,-64.166000,0,30563,13458,16431,20,0.449965,0.549366,140.524505
20260510_182634,2026-05-10 18:42:07,25,41.6616,0,1,105,100,5,1,20,20,495,448,70,8132.873599,-5749.268232,2887.605654,1912.256787,448.000000,51.626453,387.580000,-15.327262,949.219137,-1140.700728,-6900.000000,-77.656000,0,38846,17408,20662,13,0.457107,0.542552,137.717579
20260510_182634,2026-05-10 18:42:49,26,41.5707,0,1,105,100,5,3,20,20,463,447,63,8233.939054,-5200.833828,3080.666254,1834.347461,447.000000,50.132343,367.280000,-14.428921,949.886955,-1162.636929,-5900.000000,-77.106000,0,36739,16095,19938,12,0.446525,0.553142,139.305337
20260510_182634,2026-05-10 18:43:30,27,41.4963,0,1,105,100,5,1,20,20,337,312,76,7434.032325,-6675.575325,2860.701988,1952.955478,312.000000,39.467895,287.920000,-12.817464,743.469348,-1029.803713,-7400.000000,-57.182000,0,31169,13014,17441,77,0.426241,0.571237,136.138518
20260510_182634,2026-05-10 18:44:12,28,41.4923,0,1,105,100,5,4,20,20,437,371,71,9195.887585,-5948.039474,3678.535192,1924.118234,371.000000,46.840231,340.805000,-11.694206,746.847166,-933.969257,-6800.000000,-65.378000,0,30521,13340,16468,56,0.446692,0.551433,136.898273
20260510_182634,2026-05-10 18:44:54,29,41.7826,0,1,105,100,5,1,20,20,360,317,69,5668.834666,-5885.453645,3696.692527,1919.832236,317.000000,42.537098,323.075000,-14.979986,946.408230,-1144.550869,-6500.000000,-61.118000,0,36997,16723,19504,51,0.460968,0.537626,137.114839
20260510_182634,2026-05-10 18:45:35,30,41.4242,0,1,105,100,5,4,20,20,352,307,65,9309.090427,-5500.718083,3887.506223,1864.691669,307.000000,45.458726,320.310000,-11.340315,742.190194,-953.307886,-6300.000000,-65.898000,0,27278,12225,14459,4,0.458071,0.541779,135.875276
20260510_182634,2026-05-10 18:46:17,31,41.4957,0,1,105,100,5,3,20,20,368,303,75,9838.208279,-6447.282167,3689.074803,1927.862438,303.000000,43.831993,303.325000,-11.876053,732.690652,-927.154652,-7200.000000,-64.214000,0,32002,14490,16609,223,0.462614,0.530266,139.702923
20260510_182634,2026-05-10 18:46:59,32,41.6157,0,1,105,100,5,7,20,20,455,350,58,10756.993027,-4614.830543,2889.062760,1826.292264,350.000000,54.331079,383.720000,-15.692373,1056.129009,-1212.387390,-5600.000000,-64.780000,0,42344,19958,21443,124,0.480626,0.516388,138.401226
20260510_182634,2026-05-10 18:47:40,33,41.4778,0,1,105,100,5,3,20,20,318,253,70,10590.679126,-6007.407999,3485.341699,1887.027026,253.000000,36.031297,273.190000,-12.829044,832.013520,-1015.089116,-6900.000000,-33.886000,0,33696,14926,17726,373,0.451961,0.536745,138.878323
20260510_182634,2026-05-10 18:48:22,34,41.5671,0,1,105,100,5,0,20,20,358,320,60,7791.132756,-4928.206098,3078.362750,1829.911515,320.000000,43.788244,331.855000,-11.219824,701.900048,-851.229503,-5800.000000,-49.500000,0,28126,12689,14818,21,0.460949,0.538288,137.610672
20260510_182634,2026-05-10 18:49:04,35,41.5839,0,1,105,100,5,4,20,20,464,431,73,7026.828739,-6125.888244,2893.663959,1978.397135,431.000000,52.114470,368.280000,-17.702476,1135.806041,-1346.278271,-6900.000000,-59.796000,0,43179,19418,22634,292,0.458577,0.534527,136.176170
20260510_182634,2026-05-10 18:49:45,36,41.6169,0,1,105,100,5,5,20,20,465,409,63,9232.303266,-5079.930338,3080.794803,1873.080635,409.000000,54.200532,384.075000,-14.893786,939.918556,-1100.104574,-6100.000000,-67.098000,0,39716,18498,20398,48,0.474990,0.523778,140.211642
20260510_182634,2026-05-10 18:50:27,37,41.5019,0,1,105,100,5,3,20,20,395,376,57,6772.656601,-4597.455409,2680.829262,1733.335904,376.000000,52.950968,376.980000,-13.082094,779.473281,-919.848188,-5300.000000,-72.976000,0,31286,14127,16273,290,0.460313,0.530238,136.671725
20260510_182634,2026-05-10 18:51:09,38,41.4796,0,1,105,100,5,5,20,20,441,352,64,10143.407824,-5242.219089,3675.805403,1879.024967,352.000000,49.454164,356.435000,-13.466814,917.103893,-1090.473057,-6100.000000,-62.042000,0,35315,16079,18336,123,0.465545,0.530894,140.899008
20260510_182634,2026-05-10 18:51:50,39,41.4798,0,1,105,100,5,7,20,20,479,426,59,8141.640590,-4654.887578,2690.236965,1793.452137,426.000000,50.986891,369.410000,-12.258550,915.405026,-1022.120449,-5700.000000,-57.156000,0,33129,15285,17019,53,0.472386,0.525976,143.109999
20260510_182634,2026-05-10 18:52:32,40,41.5384,0,1,105,100,5,14,20,20,635,505,51,10514.830744,-3642.229751,2710.032661,1780.552880,505.000000,62.277912,457.960000,-11.357712,757.673749,-872.184782,-5000.000000,-70.400000,0,31682,14278,16424,256,0.461206,0.530525,140.995407
20260510_182634,2026-05-10 18:53:14,41,41.7350,0,1,105,100,5,12,20,20,668,580,73,8961.474107,-5881.803833,3681.274258,2009.749496,580.000000,59.090958,420.025000,-19.632769,1243.708510,-1477.307524,-7000.000000,-58.374000,0,50169,22047,27040,84,0.448374,0.549918,137.979032
20260510_182634,2026-05-10 18:53:56,42,42.0748,0,1,105,100,5,16,20,20,710,630,50,10343.098906,-3476.263432,2670.777783,1767.953801,630.000000,66.230942,475.680000,-10.917261,851.710027,-979.761591,-4800.000000,-69.556000,0,31897,14594,16303,134,0.470304,0.525378,145.784103
20260510_182634,2026-05-10 18:54:38,43,41.7959,0,1,105,100,5,6,20,20,443,388,59,9426.231726,-4648.310708,3266.755707,1816.876869,388.000000,50.852718,382.615000,-12.544688,695.935306,-797.175867,-5700.000000,-47.834000,0,30482,12997,16706,215,0.434421,0.558393,139.265834
20260510_182634,2026-05-10 18:55:20,44,42.0309,0,1,105,100,5,5,20,20,548,532,54,6639.101206,-4043.327392,2678.023452,1747.016526,532.000000,62.967470,467.010000,-13.147745,809.831959,-933.553875,-5100.000000,-67.688000,0,32846,14756,17277,136,0.458702,0.537070,139.643213
20260510_182634,2026-05-10 18:56:02,45,41.6440,0,1,105,100,5,7,20,20,536,487,53,10559.066957,-3981.506107,2684.554275,1792.915543,487.000000,55.028980,416.415000,-10.713090,755.290419,-871.134106,-5000.000000,-62.060000,0,28867,12569,15567,70,0.445614,0.551904,143.138456
20260510_182634,2026-05-10 18:56:14,46,12.2338,1,500,105,100,5,6,20,20,388,366,55,7197.857614,-4354.290285,3081.866745,1787.005942,366.000000,52.842503,388.585000,-11.815033,829.028797,-943.193820,-5200.000000,-61.326000,0,34539,15472,18124,197,0.457846,0.536324,146.134111
20260510_194144,2026-05-10 19:41:54,0,9.6073,1,500,105,100,5,2,20,20,349,321,66,7658.577733,-5590.186823,3068.755922,1596.430862,321.000000,40.818696,295.125000,-14.459475,781.642836,-945.602430,-6400.000000,-71.722000,0,34607,16421,17569,57,0.482304,0.516022,132.125757
20260510_194144,2026-05-10 19:42:04,1,10.6395,1,500,105,100,5,0,20,20,341,304,70,7547.061574,-6020.346714,3301.052892,1654.891559,304.000000,40.342042,299.035000,-14.837730,907.609884,-1109.168567,-6800.000000,-78.998000,0,36624,16967,18783,160,0.472487,0.523058,138.353442
20260510_194144,2026-05-10 19:42:14,2,9.7061,1,500,105,100,5,1,20,20,241,210,62,9394.108358,-5333.385495,2633.228654,1567.808636,210.000000,33.953727,251.725000,-12.390945,730.842691,-878.098225,-6000.000000,-64.558000,0,32492,15096,16770,45,0.473066,0.525524,134.233531
20260510_194144,2026-05-10 19:42:26,3,11.6584,1,500,105,100,5,2,20,20,363,310,68,8676.890397,-5744.225840,4034.922211,1681.320079,310.000000,42.460573,309.305000,-15.746103,906.851758,-1060.145202,-6500.000000,-72.574000,0,36059,16638,18545,233,0.469788,0.523633,131.267229
20260510_194144,2026-05-10 19:42:36,4,9.4337,1,500,105,100,5,1,20,20,256,191,81,8978.168795,-7242.666220,3271.159710,1900.923134,191.000000,30.430975,218.040000,-9.820043,600.120629,-847.528423,-7800.000000,-52.056000,0,26899,11440,14450,390,0.435312,0.549848,137.891107
20260510_194144,2026-05-10 19:42:44,5,7.9124,1,500,105,100,5,0,20,20,206,198,78,6438.772224,-7022.888975,2672.650225,1880.735776,198.000000,30.415985,217.440000,-12.709360,648.096224,-896.518966,-7500.000000,-50.484000,0,27312,11815,15021,32,0.439742,0.559067,127.165294
20260510_194144,2026-05-10 19:42:53,6,9.6433,1,500,105,100,5,1,20,20,239,197,76,8678.351988,-6748.650495,3071.594466,1877.240972,197.000000,31.196558,232.630000,-11.624028,669.630693,-883.381365,-7300.000000,-63.536000,0,28851,12732,14779,787,0.449926,0.522263,137.413602
20260510_194144,2026-05-10 19:43:03,7,9.7021,1,500,105,100,5,1,20,20,246,189,78,9219.160997,-6918.455023,3748.546537,1889.085838,189.000000,32.558157,231.760000,-11.949151,655.046890,-842.515640,-7400.000000,-68.850000,0,29101,12988,15494,51,0.455192,0.543020,134.456743
20260510_194144,2026-05-10 19:43:13,8,9.9750,1,500,105,100,5,1,20,20,203,178,69,6411.610282,-6068.734851,3079.382328,1734.023275,178.000000,34.815196,247.150000,-11.610383,637.196804,-798.880864,-6600.000000,-68.276000,0,28979,13091,15166,185,0.460270,0.533226,135.815535
20260510_194144,2026-05-10 19:43:26,9,12.6271,1,500,105,100,5,1,20,20,310,262,50,9384.153667,-3974.284845,2482.538498,1606.100141,262.000000,48.943387,358.740000,-13.537061,924.343922,-1027.203118,-4900.000000,-85.122000,0,35945,16651,18579,35,0.472168,0.526840,141.719266
20260510_194144,2026-05-10 19:43:38,10,12.2635,1,500,105,100,5,2,20,20,297,278,60,6085.166853,-5041.869595,2690.853035,1822.030989,278.000000,44.945330,326.530000,-14.789314,927.024167,-1094.012624,-5700.000000,-73.886000,0,35524,15722,18923,169,0.451600,0.543546,136.163573
20260510_194144,2026-05-10 19:43:49,11,10.6545,1,500,105,100,5,0,20,20,305,279,54,7823.637811,-4427.734549,2407.140651,1739.493662,279.000000,43.586965,314.865000,-14.743839,972.284279,-1102.001844,-5300.000000,-77.582000,0,35444,16149,18536,77,0.464559,0.533226,137.257677
20260510_194144,2026-05-10 19:44:00,12,10.5306,1,500,105,100,5,2,20,20,357,331,75,6275.546208,-6436.093773,3072.937634,1975.676427,331.000000,43.375966,306.160000,-15.068951,940.002390,-1095.667276,-7100.000000,-85.970000,0,39023,18047,20169,49,0.471632,0.527087,137.989960
20260510_194144,2026-05-10 19:44:12,13,12.2306,1,500,105,100,5,3,20,20,272,239,64,8629.994496,-5413.923041,3281.312264,1863.215130,239.000000,39.240824,290.270000,-13.392500,844.240153,-959.496036,-6200.000000,-65.932000,0,32164,14593,16941,23,0.462433,0.536838,136.802286
20260510_194144,2026-05-10 19:44:25,14,12.6402,1,500,105,100,5,2,20,20,389,333,56,9631.773494,-4471.075210,2465.649680,1773.539518,333.000000,47.844873,354.830000,-14.701281,994.382894,-1115.154297,-5600.000000,-83.904000,0,38697,18148,19630,156,0.478410,0.517478,141.906505
20260510_194144,2026-05-10 19:44:38,15,12.9388,1,500,105,100,5,5,20,20,338,314,54,7619.943982,-4365.642876,2672.970653,1758.780053,314.000000,47.988689,347.395000,-15.940222,1059.578572,-1174.824161,-5300.000000,-90.496000,0,40428,18416,21183,4,0.465015,0.534884,138.553054
20260510_194144,2026-05-10 19:44:54,16,15.3814,1,500,105,100,5,11,20,20,464,428,52,8665.657130,-4003.398795,2654.896646,1729.859522,428.000000,56.445269,424.905000,-13.782341,986.712633,-1141.621019,-5200.000000,-93.780000,0,35827,17076,17962,39,0.486815,0.512073,141.722054
20260510_194643,2026-05-10 19:46:52,0,8.8199,1,500,105,100,5,0,20,20,315,255,69,8595.028077,-5943.407237,2402.112381,1633.616202,255.000000,33.879875,245.890000,-12.052210,698.245096,-878.113601,-6800.000000,-67.032000,0,30035,13909,15585,6,0.471492,0.528305,135.105695
20260510_194643,2026-05-10 19:47:02,1,10.0327,1,500,105,100,5,3,20,20,377,283,76,12031.113183,-6520.323083,3634.897880,1782.197848,283.000000,38.189680,268.850000,-14.992065,911.274165,-1097.995614,-7600.000000,-69.022000,0,42437,19985,21551,105,0.479936,0.517543,140.196755
20260510_194643,2026-05-10 19:47:12,2,9.7484,1,500,105,100,5,0,20,20,363,300,68,8352.225464,-5764.311435,2374.670439,1733.706548,300.000000,40.609064,300.030000,-12.296541,753.736173,-955.094434,-6700.000000,-70.656000,0,33402,15085,17608,38,0.460878,0.537961,139.512757
20260510_194643,2026-05-10 19:47:23,3,10.4359,1,500,105,100,5,2,20,20,387,352,83,8192.441736,-7249.678243,3057.153689,1926.162850,352.000000,40.538682,291.995000,-13.532030,812.079958,-1050.607185,-8000.000000,-73.544000,0,31783,14311,16842,7,0.459275,0.540501,133.759814
20260510_194643,2026-05-10 19:47:32,4,8.8173,1,500,105,100,5,1,20,20,247,221,84,9647.508954,-7508.408454,3477.215059,1888.237766,221.000000,31.969146,229.160000,-13.097892,883.779112,-1106.043452,-8100.000000,-54.730000,0,31323,14125,16562,25,0.459918,0.539268,133.030456
20260510_194643,2026-05-10 19:47:41,5,9.2937,1,500,105,100,5,1,20,20,308,261,83,8978.230445,-7359.631884,3693.580597,1992.192069,261.000000,37.247009,259.350000,-14.808293,978.250747,-1234.331490,-8200.000000,-68.100000,0,38436,17054,20580,10,0.453034,0.546701,135.971856
20260510_194743,2026-05-10 19:47:53,0,9.6898,1,500,105,100,5,0,20,20,216,198,73,7911.820939,-6461.442711,3315.770148,1631.361078,198.000000,29.797825,211.225000,-8.351084,439.884048,-626.122182,-7100.000000,-56.076000,0,21558,9526,11620,9,0.450295,0.549279,140.962096
20260510_194643,2026-05-10 19:47:58,6,17.0842,1,500,105,100,5,1,20,20,255,200,59,8480.628687,-4968.696449,3051.144924,1696.174020,200.000000,37.562976,277.335000,-13.134703,808.946388,-924.803410,-5700.000000,-63.502000,0,33359,15696,16937,168,0.478522,0.516356,134.270417
20260510_194743,2026-05-10 19:48:05,1,11.7359,1,500,105,100,5,2,20,20,437,402,69,7740.180305,-5803.341026,3099.550228,1657.676347,402.000000,43.196434,315.245000,-14.123808,816.678803,-1014.226062,-6600.000000,-74.922000,0,35262,16062,18280,319,0.463403,0.527394,134.622596
20260510_194643,2026-05-10 19:48:16,7,17.8757,1,500,105,100,5,1,20,20,262,230,73,8976.912078,-6350.926579,3867.034864,1781.098691,230.000000,38.704313,279.730000,-11.555404,726.009648,-894.338268,-6900.000000,-53.738000,0,28838,12684,15511,64,0.448848,0.548887,137.638728
20260510_194743,2026-05-10 19:48:18,2,12.4706,1,500,105,100,5,3,20,20,465,380,72,10260.168127,-6033.569184,3816.599048,1727.183709,380.000000,44.226941,313.525000,-14.465776,881.738324,-1052.358179,-7000.000000,-77.992000,0,37741,17243,19786,31,0.465273,0.533891,139.145538
20260510_194643,2026-05-10 19:48:31,8,14.3096,1,500,105,100,5,4,20,20,386,343,71,7668.592535,-6037.678217,2495.767938,1847.513826,343.000000,39.977767,283.600000,-10.555124,659.796768,-834.071521,-6800.000000,-59.718000,0,29648,13290,15655,97,0.457613,0.539047,139.037447
20260510_194743,2026-05-10 19:48:31,3,13.1758,1,500,105,100,5,2,20,20,341,302,62,7502.174378,-5178.724816,2629.347410,1672.908932,302.000000,42.446397,310.290000,-14.982396,948.367125,-1091.622404,-6000.000000,-79.146000,0,40483,18886,20756,118,0.475000,0.522032,139.698455
20260510_194743,2026-05-10 19:48:43,4,12.1400,1,500,105,100,5,3,20,20,356,279,78,9735.728542,-6800.901545,3637.302079,1899.363496,279.000000,35.403343,253.025000,-11.422851,714.662300,-942.044523,-7600.000000,-55.236000,0,30465,13788,16049,39,0.461508,0.537187,137.906441
20260510_194643,2026-05-10 19:48:47,9,15.8174,1,500,105,100,5,5,20,20,406,311,80,10168.294879,-6905.442205,3174.464814,1943.435507,311.000000,35.880338,252.185000,-11.543739,710.932322,-925.884303,-7900.000000,-48.470000,0,29246,12471,16078,74,0.435699,0.561716,137.592946
20260510_194743,2026-05-10 19:48:54,5,10.2371,1,500,105,100,5,1,20,20,232,197,67,8076.759402,-5818.647645,3022.159155,1764.658563,197.000000,34.639015,253.485000,-9.973018,581.217303,-750.782842,-6600.000000,-54.538000,0,24291,10746,12990,64,0.451513,0.545798,135.376408
20260510_194643,2026-05-10 19:49:03,10,16.3493,1,500,105,100,5,1,20,20,407,329,71,9514.775654,-5984.490643,2870.429186,1828.613319,329.000000,43.838671,309.030000,-13.232194,830.050216,-1029.249014,-6900.000000,-56.364000,0,34057,15075,17965,320,0.451888,0.538519,139.944950
20260510_194743,2026-05-10 19:49:04,6,10.2997,1,500,105,100,5,0,20,20,280,252,70,6737.617107,-6051.226055,3485.976236,1780.632965,252.000000,41.129226,302.580000,-9.384525,562.149941,-752.771346,-6700.000000,-65.046000,0,23171,10066,12538,48,0.444376,0.553505,136.601100
20260510_194743,2026-05-10 19:49:14,7,9.9268,1,500,105,100,5,2,20,20,338,279,79,7760.195639,-6972.497035,3484.782494,1985.657581,279.000000,33.429781,241.180000,-12.179274,683.540600,-973.983676,-7800.000000,-48.566000,0,31423,13622,17145,62,0.441857,0.556132,132.609765
20260510_194643,2026-05-10 19:49:14,11,10.7547,1,500,105,100,5,4,20,20,344,246,76,10132.101797,-6546.843666,3272.860440,1879.743295,246.000000,38.765174,279.620000,-14.236455,929.957254,-1135.289754,-7500.000000,-52.598000,0,38347,17075,20439,67,0.454352,0.543865,136.845553
20260510_194643,2026-05-10 19:49:26,12,11.7969,1,500,105,100,5,2,20,20,362,305,63,10088.545934,-5243.081071,3410.599111,1673.663913,305.000000,45.451866,329.075000,-16.088932,975.266847,-1160.314040,-6100.000000,-74.546000,0,42930,19792,22091,206,0.470242,0.524864,140.977371
20260510_194643,2026-05-10 19:49:38,13,11.7571,1,500,105,100,5,4,20,20,415,335,56,10464.949973,-4471.501319,2469.041172,1618.412738,335.000000,44.331428,323.795000,-13.629937,884.926266,-1020.674254,-5600.000000,-63.906000,0,34991,16149,18198,6,0.470090,0.529735,135.329114
20260510_194643,2026-05-10 19:49:50,14,11.8882,1,500,105,100,5,2,20,20,364,304,71,9803.611809,-6031.754383,3080.815197,1867.310406,304.000000,43.272307,311.325000,-12.832523,933.634812,-1121.787490,-6800.000000,-65.662000,0,37612,16442,20338,3,0.447000,0.552918,145.470221
20260510_194643,2026-05-10 19:50:01,15,10.7428,1,500,105,100,5,2,20,20,259,235,75,7155.238624,-6572.183351,3729.179719,1939.464532,235.000000,36.989636,266.495000,-14.319481,894.198862,-1089.359428,-7300.000000,-58.144000,0,36782,16814,19242,6,0.466253,0.533581,135.797121
20260510_200004,2026-05-10 20:00:05,0,1.3327,1,500,105,100,5,4,20,9,245,245,81,8901.301661,-96.831587,3875.063721,1639.219598,0.000000,0.000000,0.000000,0.000000,0.000000,0.000000,0.000000,0.000000,0,0,0,0,0,0.000000,0.000000,0.000000
20260510_200004,2026-05-10 20:00:06,1,0.7051,1,500,105,100,5,11,20,11,364,364,71,8026.207342,231.078429,3941.816406,1601.702913,0.000000,0.000000,0.000000,0.000000,0.000000,0.000000,0.000000,0.000000,0,0,0,0,0,0.000000,0.000000,0.000000
20260510_200004,2026-05-10 20:00:07,2,0.6741,1,500,105,100,5,6,20,13,317,317,86,2763.288818,-204.801534,3163.982666,1962.479523,0.000000,0.000000,0.000000,0.000000,0.000000,0.000000,0.000000,0.000000,0,0,0,0,0,0.000000,0.000000,0.000000
20260510_200004,2026-05-10 20:00:08,3,0.7048,1,500,105,100,5,11,20,9,458,458,84,7472.567067,161.584335,3286.751953,1822.771146,0.000000,0.000000,0.000000,0.000000,0.000000,0.000000,0.000000,0.000000,0,0,0,0,0,0.000000,0.000000,0.000000
20260510_200004,2026-05-10 20:00:09,4,0.7073,1,500,105,100,5,7,20,11,410,410,91,7843.255665,-112.769795,3503.032715,1932.244215,0.000000,0.000000,0.000000,0.000000,0.000000,0.000000,0.000000,0.000000,0,0,0,0,0,0.000000,0.000000,0.000000
20260510_200004,2026-05-10 20:00:09,5,0.7130,1,500,105,100,5,10,20,10,361,361,83,3588.102051,46.992841,3362.481689,1794.197152,0.000000,0.000000,0.000000,0.000000,0.000000,0.000000,0.000000,0.000000,0,0,0,0,0,0.000000,0.000000,0.000000
20260510_200004,2026-05-10 20:00:10,6,0.7169,1,500,105,100,5,10,20,10,331,331,84,2834.114502,-150.686230,3237.371582,1938.994122,0.000000,0.000000,0.000000,0.000000,0.000000,0.000000,0.000000,0.000000,0,0,0,0,0,0.000000,0.000000,0.000000
20260510_200004,2026-05-10 20:00:11,7,0.7022,1,500,105,100,5,3,20,12,233,233,92,2395.062256,-438.043704,3237.822998,1941.611112,0.000000,0.000000,0.000000,0.000000,0.000000,0.000000,0.000000,0.000000,0,0,0,0,0,0.000000,0.000000,0.000000
20260510_200004,2026-05-10 20:00:12,8,0.6886,1,500,105,100,5,5,20,11,286,286,83,6530.473133,-206.697700,3533.311279,1832.127874,0.000000,0.000000,0.000000,0.000000,0.000000,0.000000,0.000000,0.000000,0,0,0,0,0,0.000000,0.000000,0.000000
20260510_200004,2026-05-10 20:00:12,9,0.6839,1,500,105,100,5,0,20,13,214,214,90,6569.021347,-377.166280,3273.620605,1930.402515,0.000000,0.000000,0.000000,0.000000,0.000000,0.000000,0.000000,0.000000,0,0,0,0,0,0.000000,0.000000,0.000000
20260510_200004,2026-05-10 20:00:13,10,0.6976,1,500,105,100,5,2,20,12,229,229,94,2532.591553,-415.572780,3941.867920,1961.560866,0.000000,0.000000,0.000000,0.000000,0.000000,0.000000,0.000000,0.000000,0,0,0,0,0,0.000000,0.000000,0.000000
20260510_200004,2026-05-10 20:00:14,11,0.6820,1,500,105,100,5,3,20,12,253,253,85,2466.106689,-376.433386,3079.084961,1937.917439,0.000000,0.000000,0.000000,0.000000,0.000000,0.000000,0.000000,0.000000,0,0,0,0,0,0.000000,0.000000,0.000000
20260510_200004,2026-05-10 20:00:15,12,0.6968,1,500,105,100,5,2,20,11,276,276,96,7200.193043,-321.880177,4318.353027,1978.848596,0.000000,0.000000,0.000000,0.000000,0.000000,0.000000,0.000000,0.000000,0,0,0,0,0,0.000000,0.000000,0.000000
20260510_200004,2026-05-10 20:00:16,13,0.7362,1,500,105,100,5,7,20,13,364,364,85,6421.386219,-34.932717,2890.498047,1915.978159,0.000000,0.000000,0.000000,0.000000,0.000000,0.000000,0.000000,0.000000,0,0,0,0,0,0.000000,0.000000,0.000000
20260510_200004,2026-05-10 20:00:16,14,0.7292,1,500,105,100,5,13,20,9,395,395,74,8041.470265,59.814745,3381.982910,1855.939630,0.000000,0.000000,0.000000,0.000000,0.000000,0.000000,0.000000,0.000000,0,0,0,0,0,0.000000,0.000000,0.000000
20260510_200004,2026-05-10 20:00:17,15,0.7158,1,500,105,100,5,4,20,13,367,367,92,6040.782639,-205.448451,3354.028564,2004.030930,0.000000,0.000000,0.000000,0.000000,0.000000,0.000000,0.000000,0.000000,0,0,0,0,0,0.000000,0.000000,0.000000
20260510_200004,2026-05-10 20:00:18,16,0.7438,1,500,105,100,5,7,20,10,377,377,82,5450.228027,-129.459784,3531.555420,1927.107695,0.000000,0.000000,0.000000,0.000000,0.000000,0.000000,0.000000,0.000000,0,0,0,0,0,0.000000,0.000000,0.000000
20260510_200004,2026-05-10 20:00:19,17,0.7306,1,500,105,100,5,10,20,12,358,358,83,4352.207520,131.187985,3755.924561,1889.536732,0.000000,0.000000,0.000000,0.000000,0.000000,0.000000,0.000000,0.000000,0,0,0,0,0,0.000000,0.000000,0.000000
20260510_200004,2026-05-10 20:00:20,18,0.7173,1,500,105,100,5,4,20,13,297,297,94,6495.292347,-72.528027,3315.495850,1940.900494,0.000000,0.000000,0.000000,0.000000,0.000000,0.000000,0.000000,0.000000,0,0,0,0,0,0.000000,0.000000,0.000000
20260510_200004,2026-05-10 20:00:21,19,0.7565,1,500,105,100,5,10,20,11,457,457,92,9792.700978,426.166517,3978.013916,1920.555357,0.000000,0.000000,0.000000,0.000000,0.000000,0.000000,0.000000,0.000000,0,0,0,0,0,0.000000,0.000000,0.000000
20260510_200004,2026-05-10 20:00:22,20,0.7365,1,500,105,100,5,10,20,10,443,443,90,4465.463379,213.872400,3547.715576,2044.319919,0.000000,0.000000,0.000000,0.000000,0.000000,0.000000,0.000000,0.000000,0,0,0,0,0,0.000000,0.000000,0.000000
20260510_200004,2026-05-10 20:00:22,21,0.7571,1,500,105,100,5,12,20,13,542,542,80,11657.782765,206.365078,2954.534424,2009.232196,0.000000,0.000000,0.000000,0.000000,0.000000,0.000000,0.000000,0.000000,0,0,0,0,0,0.000000,0.000000,0.000000
20260510_200004,2026-05-10 20:00:23,22,0.7615,1,500,105,100,5,14,20,11,644,644,83,6043.026855,291.910672,3749.671387,1960.190918,0.000000,0.000000,0.000000,0.000000,0.000000,0.000000,0.000000,0.000000,0,0,0,0,0,0.000000,0.000000,0.000000
20260510_200004,2026-05-10 20:00:24,23,0.7561,1,500,105,100,5,11,20,12,582,582,84,4610.862305,237.578873,2955.333984,1986.361502,0.000000,0.000000,0.000000,0.000000,0.000000,0.000000,0.000000,0.000000,0,0,0,0,0,0.000000,0.000000,0.000000
20260510_200004,2026-05-10 20:00:25,24,0.7501,1,500,105,100,5,6,20,15,424,424,93,5186.114258,-167.851054,3130.657715,2101.032556,0.000000,0.000000,0.000000,0.000000,0.000000,0.000000,0.000000,0.000000,0,0,0,0,0,0.000000,0.000000,0.000000
20260510_200004,2026-05-10 20:00:26,25,0.8250,1,500,105,100,5,9,20,13,540,540,86,5611.208008,39.677129,3559.120361,1982.289897,0.000000,0.000000,0.000000,0.000000,0.000000,0.000000,0.000000,0.000000,0,0,0,0,0,0.000000,0.000000,0.000000
20260510_200004,2026-05-10 20:00:27,26,0.7657,1,500,105,100,5,13,20,12,603,603,82,5052.985352,143.427307,3728.776123,1884.124893,0.000000,0.000000,0.000000,0.000000,0.000000,0.000000,0.000000,0.000000,0,0,0,0,0,0.000000,0.000000,0.000000
20260510_200004,2026-05-10 20:00:28,27,0.7403,1,500,105,100,5,8,20,13,523,523,86,15174.996582,92.493391,2917.635742,1992.734549,0.000000,0.000000,0.000000,0.000000,0.000000,0.000000,0.000000,0.000000,0,0,0,0,0,0.000000,0.000000,0.000000
20260510_200004,2026-05-10 20:00:29,28,0.8193,1,500,105,100,5,15,20,9,538,538,83,13603.600586,390.517483,3741.708252,2013.125220,0.000000,0.000000,0.000000,0.000000,0.000000,0.000000,0.000000,0.000000,0,0,0,0,0,0.000000,0.000000,0.000000
20260510_200004,2026-05-10 20:00:30,29,0.7346,1,500,105,100,5,13,20,13,553,553,85,5337.294434,32.957481,3125.601318,1936.913458,0.000000,0.000000,0.000000,0.000000,0.000000,0.000000,0.000000,0.000000,0,0,0,0,0,0.000000,0.000000,0.000000
20260510_200004,2026-05-10 20:00:30,30,0.7978,1,500,105,100,5,18,20,9,517,517,63,4741.371582,423.097039,2751.540771,1577.822849,0.000000,0.000000,0.000000,0.000000,0.000000,0.000000,0.000000,0.000000,0,0,0,0,0,0.000000,0.000000,0.000000
20260510_200004,2026-05-10 20:00:31,31,0.8234,1,500,105,100,5,12,20,9,701,701,83,6339.979182,635.007529,3940.388916,1788.754590,0.000000,0.000000,0.000000,0.000000,0.000000,0.000000,0.000000,0.000000,0,0,0,0,0,0.000000,0.000000,0.000000
20260510_200004,2026-05-10 20:00:32,32,0.7976,1,500,105,100,5,21,20,8,757,757,63,8244.466064,786.454294,3365.459717,1626.662859,0.000000,0.000000,0.000000,0.000000,0.000000,0.000000,0.000000,0.000000,0,0,0,0,0,0.000000,0.000000,0.000000
20260510_200004,2026-05-10 20:00:33,33,0.7865,1,500,105,100,5,20,20,10,674,674,73,13543.292969,737.030926,3954.791016,1733.560852,0.000000,0.000000,0.000000,0.000000,0.000000,0.000000,0.000000,0.000000,0,0,0,0,0,0.000000,0.000000,0.000000
20260510_200004,2026-05-10 20:00:34,34,0.8014,1,500,105,100,5,14,20,9,518,518,74,13224.505371,296.020633,3971.544678,1784.586240,0.000000,0.000000,0.000000,0.000000,0.000000,0.000000,0.000000,0.000000,0,0,0,0,0,0.000000,0.000000,0.000000
20260510_200004,2026-05-10 20:00:35,35,0.8093,1,500,105,100,5,27,20,8,765,765,65,10561.606445,1031.199047,3143.032227,1642.202031,0.000000,0.000000,0.000000,0.000000,0.000000,0.000000,0.000000,0.000000,0,0,0,0,0,0.000000,0.000000,0.000000
20260510_200004,2026-05-10 20:00:36,36,0.8131,1,500,105,100,5,39,20,6,1106,1106,49,13715.770996,1728.562450,2780.198975,1368.336105,0.000000,0.000000,0.000000,0.000000,0.000000,0.000000,0.000000,0.000000,0,0,0,0,0,0.000000,0.000000,0.000000
20260510_200004,2026-05-10 20:00:37,37,0.8164,1,500,105,100,5,31,20,6,900,900,57,13157.116699,1311.830970,2742.321289,1625.482103,0.000000,0.000000,0.000000,0.000000,0.000000,0.000000,0.000000,0.000000,0,0,0,0,0,0.000000,0.000000,0.000000
20260510_200004,2026-05-10 20:00:38,38,0.8755,1,500,105,100,5,23,20,10,811,811,65,10755.758057,823.383092,3182.863770,1549.571483,0.000000,0.000000,0.000000,0.000000,0.000000,0.000000,0.000000,0.000000,0,0,0,0,0,0.000000,0.000000,0.000000
20260510_200004,2026-05-10 20:00:39,39,0.8259,1,500,105,100,5,21,20,10,757,757,73,12078.817383,894.454124,3330.265381,1828.100586,0.000000,0.000000,0.000000,0.000000,0.000000,0.000000,0.000000,0.000000,0,0,0,0,0,0.000000,0.000000,0.000000
20260510_200004,2026-05-10 20:00:40,40,0.7891,1,500,105,100,5,24,20,10,634,634,68,9654.087891,760.600762,2530.145996,1750.650485,0.000000,0.000000,0.000000,0.000000,0.000000,0.000000,0.000000,0.000000,0,0,0,0,0,0.000000,0.000000,0.000000
20260510_200004,2026-05-10 20:00:41,41,0.8664,1,500,105,100,5,30,20,7,881,881,65,15945.682617,1186.251158,2750.521729,1753.093324,0.000000,0.000000,0.000000,0.000000,0.000000,0.000000,0.000000,0.000000,0,0,0,0,0,0.000000,0.000000,0.000000
20260510_200004,2026-05-10 20:00:42,42,0.7822,1,500,105,100,5,24,20,8,522,522,64,9972.170410,724.348480,2959.047363,1671.992876,0.000000,0.000000,0.000000,0.000000,0.000000,0.000000,0.000000,0.000000,0,0,0,0,0,0.000000,0.000000,0.000000
20260510_200004,2026-05-10 20:00:43,43,0.7688,1,500,105,100,5,17,20,3,499,499,48,9263.603760,722.669645,3155.660889,1253.168935,0.000000,0.000000,0.000000,0.000000,0.000000,0.000000,0.000000,0.000000,0,0,0,0,0,0.000000,0.000000,0.000000
20260510_200004,2026-05-10 20:00:44,44,0.8459,1,500,105,100,5,21,20,11,659,659,72,14601.202637,619.457971,3127.394531,1664.242606,0.000000,0.000000,0.000000,0.000000,0.000000,0.000000,0.000000,0.000000,0,0,0,0,0,0.000000,0.000000,0.000000
20260510_200004,2026-05-10 20:00:45,45,0.8131,1,500,105,100,5,28,20,9,787,787,60,11246.962402,1022.656093,2965.655518,1532.182982,0.000000,0.000000,0.000000,0.000000,0.000000,0.000000,0.000000,0.000000,0,0,0,0,0,0.000000,0.000000,0.000000
20260510_200004,2026-05-10 20:00:45,46,0.8038,1,500,105,100,5,24,20,6,758,758,58,11150.607910,983.920826,2635.714844,1577.323311,0.000000,0.000000,0.000000,0.000000,0.000000,0.000000,0.000000,0.000000,0,0,0,0,0,0.000000,0.000000,0.000000
20260510_200004,2026-05-10 20:00:46,47,0.7702,1,500,105,100,5,16,20,11,755,755,77,13948.360352,755.559513,3584.870117,1709.374659,0.000000,0.000000,0.000000,0.000000,0.000000,0.000000,0.000000,0.000000,0,0,0,0,0,0.000000,0.000000,0.000000
20260510_200004,2026-05-10 20:00:47,48,0.7871,1,500,105,100,5,27,20,8,873,873,65,13906.716797,1195.709241,2999.096924,1613.087038,0.000000,0.000000,0.000000,0.000000,0.000000,0.000000,0.000000,0.000000,0,0,0,0,0,0.000000,0.000000,0.000000
20260510_200004,2026-05-10 20:00:48,49,0.8136,1,500,105,100,5,20,20,9,931,931,80,11016.815430,1112.562566,3985.841309,1818.731545,0.000000,0.000000,0.000000,0.000000,0.000000,0.000000,0.000000,0.000000,0,0,0,0,0,0.000000,0.000000,0.000000
20260510_200004,2026-05-10 20:00:49,50,0.7878,1,500,105,100,5,14,20,12,799,799,83,14605.516602,796.670366,3361.108643,1961.117828,0.000000,0.000000,0.000000,0.000000,0.000000,0.000000,0.000000,0.000000,0,0,0,0,0,0.000000,0.000000,0.000000
20260510_200236,2026-05-10 20:03:19,0,42.3739,0,1,105,100,5,0,20,20,281,270,75,7598.459906,-6532.716672,2822.250875,1688.139030,270.000000,34.078827,249.255000,-13.627690,829.166289,-1030.231800,-7300.000000,-68.222000,0,34615,16119,17921,1,0.473517,0.526453,137.593665
20260510_200236,2026-05-10 20:04:01,1,42.6909,0,1,105,100,5,0,20,20,300,275,68,9430.280008,-5746.357036,2582.151700,1586.494891,275.000000,40.955475,278.380000,-13.667222,731.792446,-865.092806,-6500.000000,-73.018000,0,33447,15402,17456,12,0.468573,0.531062,139.423254
20260510_200449,2026-05-10 20:04:50,0,0.7760,1,500,105,100,5,6,20,14,304,304,88,11317.225098,-30.877835,2420.663574,1822.592389,0.000000,0.000000,0.000000,0.000000,0.000000,0.000000,0.000000,0.000000,0,0,0,0,0,0.000000,0.000000,0.000000
20260510_200449,2026-05-10 20:04:51,1,0.7251,1,500,105,100,5,5,20,10,311,311,77,14833.308594,137.955893,2912.956055,1580.515753,0.000000,0.000000,0.000000,0.000000,0.000000,0.000000,0.000000,0.000000,0,0,0,0,0,0.000000,0.000000,0.000000
20260510_200449,2026-05-10 20:04:52,2,0.7508,1,500,105,100,5,11,20,9,507,507,64,12853.653320,671.633161,3145.469971,1340.607282,0.000000,0.000000,0.000000,0.000000,0.000000,0.000000,0.000000,0.000000,0,0,0,0,0,0.000000,0.000000,0.000000
20260510_200449,2026-05-10 20:04:52,3,0.7573,1,500,105,100,5,14,20,8,509,509,76,12813.834961,329.260873,3285.766602,1591.567426,0.000000,0.000000,0.000000,0.000000,0.000000,0.000000,0.000000,0.000000,0,0,0,0,0,0.000000,0.000000,0.000000
20260510_200449,2026-05-10 20:04:53,4,0.7682,1,500,105,100,5,10,20,11,430,430,79,4028.016602,42.372754,3284.091797,1594.034450,0.000000,0.000000,0.000000,0.000000,0.000000,0.000000,0.000000,0.000000,0,0,0,0,0,0.000000,0.000000,0.000000
20260510_200449,2026-05-10 20:04:54,5,0.7409,1,500,105,100,5,15,20,8,584,584,69,12950.221680,825.741752,2648.536621,1481.435385,0.000000,0.000000,0.000000,0.000000,0.000000,0.000000,0.000000,0.000000,0,0,0,0,0,0.000000,0.000000,0.000000
20260510_200449,2026-05-10 20:04:55,6,0.7742,1,500,105,100,5,15,20,6,566,566,64,13815.441895,456.837571,4685.357910,1387.170077,0.000000,0.000000,0.000000,0.000000,0.000000,0.000000,0.000000,0.000000,0,0,0,0,0,0.000000,0.000000,0.000000
20260510_200449,2026-05-10 20:04:56,7,0.7876,1,500,105,100,5,11,20,7,379,379,75,10249.870605,303.182506,3553.613525,1573.071925,0.000000,0.000000,0.000000,0.000000,0.000000,0.000000,0.000000,0.000000,0,0,0,0,0,0.000000,0.000000,0.000000
20260510_200449,2026-05-10 20:04:57,8,0.7744,1,500,105,100,5,10,20,8,367,367,72,10239.212646,413.356352,3861.866699,1576.278206,0.000000,0.000000,0.000000,0.000000,0.000000,0.000000,0.000000,0.000000,0,0,0,0,0,0.000000,0.000000,0.000000
20260510_200449,2026-05-10 20:04:58,9,0.7227,1,500,105,100,5,10,20,9,355,355,82,10840.211426,-34.979754,3653.821777,1817.927118,0.000000,0.000000,0.000000,0.000000,0.000000,0.000000,0.000000,0.000000,0,0,0,0,0,0.000000,0.000000,0.000000
20260510_200449,2026-05-10 20:04:58,10,0.7520,1,500,105,100,5,10,20,10,478,478,80,11792.916992,308.424644,4132.979492,1712.545569,0.000000,0.000000,0.000000,0.000000,0.000000,0.000000,0.000000,0.000000,0,0,0,0,0,0.000000,0.000000,0.000000
20260510_200449,2026-05-10 20:04:59,11,0.7603,1,500,105,100,5,16,20,10,674,674,69,11359.551270,710.974675,3378.299072,1587.127147,0.000000,0.000000,0.000000,0.000000,0.000000,0.000000,0.000000,0.000000,0,0,0,0,0,0.000000,0.000000,0.000000
20260510_200449,2026-05-10 20:05:00,12,0.7519,1,500,105,100,5,18,20,11,473,473,70,11070.011230,328.021239,2932.969727,1683.240999,0.000000,0.000000,0.000000,0.000000,0.000000,0.000000,0.000000,0.000000,0,0,0,0,0,0.000000,0.000000,0.000000
20260510_200449,2026-05-10 20:05:01,13,0.7521,1,500,105,100,5,24,20,8,622,622,67,11095.613525,701.936125,3560.789551,1536.830040,0.000000,0.000000,0.000000,0.000000,0.000000,0.000000,0.000000,0.000000,0,0,0,0,0,0.000000,0.000000,0.000000
20260510_200449,2026-05-10 20:05:02,14,0.7489,1,500,105,100,5,25,20,9,690,690,63,12549.777832,713.257096,3001.712158,1501.744180,0.000000,0.000000,0.000000,0.000000,0.000000,0.000000,0.000000,0.000000,0,0,0,0,0,0.000000,0.000000,0.000000
20260510_200449,2026-05-10 20:05:03,15,0.7573,1,500,105,100,5,17,20,8,503,503,71,10301.611816,457.510448,3156.702881,1727.544299,0.000000,0.000000,0.000000,0.000000,0.000000,0.000000,0.000000,0.000000,0,0,0,0,0,0.000000,0.000000,0.000000
20260510_200449,2026-05-10 20:05:04,16,0.7958,1,500,105,100,5,19,20,11,649,649,68,13823.825195,609.829380,3155.206299,1659.240837,0.000000,0.000000,0.000000,0.000000,0.000000,0.000000,0.000000,0.000000,0,0,0,0,0,0.000000,0.000000,0.000000
20260510_200449,2026-05-10 20:05:05,17,0.7699,1,500,105,100,5,21,20,8,783,783,67,14195.804688,918.129649,4923.354492,1610.700363,0.000000,0.000000,0.000000,0.000000,0.000000,0.000000,0.000000,0.000000,0,0,0,0,0,0.000000,0.000000,0.000000
20260510_200449,2026-05-10 20:05:05,18,0.7635,1,500,105,100,5,29,20,7,858,858,67,12728.838867,1050.782458,3560.705322,1635.597021,0.000000,0.000000,0.000000,0.000000,0.000000,0.000000,0.000000,0.000000,0,0,0,0,0,0.000000,0.000000,0.000000
20260510_200449,2026-05-10 20:05:06,19,0.7763,1,500,105,100,5,23,20,8,785,785,77,11756.958496,529.763078,3735.324951,1651.163686,0.000000,0.000000,0.000000,0.000000,0.000000,0.000000,0.000000,0.000000,0,0,0,0,0,0.000000,0.000000,0.000000
20260510_200449,2026-05-10 20:05:07,20,0.8235,1,500,105,100,5,26,20,10,661,661,65,12900.036133,955.051051,2972.418457,1544.030061,0.000000,0.000000,0.000000,0.000000,0.000000,0.000000,0.000000,0.000000,0,0,0,0,0,0.000000,0.000000,0.000000
20260510_200449,2026-05-10 20:05:08,21,0.8113,1,500,105,100,5,26,20,9,889,889,68,12211.922363,1079.038024,3164.905029,1691.142519,0.000000,0.000000,0.000000,0.000000,0.000000,0.000000,0.000000,0.000000,0,0,0,0,0,0.000000,0.000000,0.000000
20260510_200449,2026-05-10 20:05:09,22,0.8145,1,500,105,100,5,45,20,4,1125,1125,40,12626.095703,1801.076111,2603.790771,1274.615572,0.000000,0.000000,0.000000,0.000000,0.000000,0.000000,0.000000,0.000000,0,0,0,0,0,0.000000,0.000000,0.000000
20260510_200449,2026-05-10 20:05:10,23,0.7735,1,500,105,100,5,18,20,11,1057,1057,85,15874.839355,1006.142640,3166.181885,1899.356117,0.000000,0.000000,0.000000,0.000000,0.000000,0.000000,0.000000,0.000000,0,0,0,0,0,0.000000,0.000000,0.000000
20260510_200449,2026-05-10 20:05:11,24,0.8018,1,500,105,100,5,22,20,10,933,933,78,10985.218506,657.071855,3365.627197,1837.151337,0.000000,0.000000,0.000000,0.000000,0.000000,0.000000,0.000000,0.000000,0,0,0,0,0,0.000000,0.000000,0.000000
20260510_200449,2026-05-10 20:05:12,25,0.7983,1,500,105,100,5,26,20,12,1065,1065,72,16117.220703,1233.104480,3584.479004,1734.021205,0.000000,0.000000,0.000000,0.000000,0.000000,0.000000,0.000000,0.000000,0,0,0,0,0,0.000000,0.000000,0.000000
20260510_200449,2026-05-10 20:05:13,26,0.8218,1,500,105,100,5,29,20,6,1144,1144,70,15589.910645,1265.856278,4972.975098,1589.634607,0.000000,0.000000,0.000000,0.000000,0.000000,0.000000,0.000000,0.000000,0,0,0,0,0,0.000000,0.000000,0.000000
20260510_200449,2026-05-10 20:05:14,27,0.8438,1,500,105,100,5,23,20,10,961,961,74,13847.193359,562.286369,5172.696289,1662.585265,0.000000,0.000000,0.000000,0.000000,0.000000,0.000000,0.000000,0.000000,0,0,0,0,0,0.000000,0.000000,0.000000
20260510_200449,2026-05-10 20:05:15,28,0.7961,1,500,105,100,5,27,20,9,928,928,69,14549.033691,1223.577161,2773.010986,1785.271877,0.000000,0.000000,0.000000,0.000000,0.000000,0.000000,0.000000,0.000000,0,0,0,0,0,0.000000,0.000000,0.000000
20260510_200449,2026-05-10 20:05:16,29,0.8256,1,500,105,100,5,24,20,7,895,895,70,11851.423340,937.617338,3775.962402,1690.701523,0.000000,0.000000,0.000000,0.000000,0.000000,0.000000,0.000000,0.000000,0,0,0,0,0,0.000000,0.000000,0.000000
20260510_200449,2026-05-10 20:05:17,30,0.7849,1,500,105,100,5,23,20,10,829,829,77,6108.127441,594.377618,3457.661133,1728.777220,0.000000,0.000000,0.000000,0.000000,0.000000,0.000000,0.000000,0.000000,0,0,0,0,0,0.000000,0.000000,0.000000
20260510_200449,2026-05-10 20:05:17,31,0.8140,1,500,105,100,5,34,20,4,816,816,47,17198.872070,1275.764767,3521.952881,1216.574172,0.000000,0.000000,0.000000,0.000000,0.000000,0.000000,0.000000,0.000000,0,0,0,0,0,0.000000,0.000000,0.000000
20260510_200449,2026-05-10 20:05:18,32,0.8157,1,500,105,100,5,25,20,9,920,920,67,15490.075684,942.844539,3350.078857,1636.915276,0.000000,0.000000,0.000000,0.000000,0.000000,0.000000,0.000000,0.000000,0,0,0,0,0,0.000000,0.000000,0.000000
20260510_200449,2026-05-10 20:05:19,33,0.8062,1,500,105,100,5,19,20,10,827,827,76,18744.219238,1138.482676,3303.868652,1760.545547,0.000000,0.000000,0.000000,0.000000,0.000000,0.000000,0.000000,0.000000,0,0,0,0,0,0.000000,0.000000,0.000000
20260510_200449,2026-05-10 20:05:20,34,0.8484,1,500,105,100,5,26,20,8,731,731,65,12500.955566,939.762217,2952.936279,1522.380750,0.000000,0.000000,0.000000,0.000000,0.000000,0.000000,0.000000,0.000000,0,0,0,0,0,0.000000,0.000000,0.000000
20260510_200449,2026-05-10 20:05:21,35,0.8690,1,500,105,100,5,17,20,8,757,757,72,11808.378418,652.073525,2937.532227,1663.962453,0.000000,0.000000,0.000000,0.000000,0.000000,0.000000,0.000000,0.000000,0,0,0,0,0,0.000000,0.000000,0.000000
20260510_200449,2026-05-10 20:05:22,36,0.8486,1,500,105,100,5,20,20,6,727,727,59,16373.910645,841.695829,2775.905518,1533.210365,0.000000,0.000000,0.000000,0.000000,0.000000,0.000000,0.000000,0.000000,0,0,0,0,0,0.000000,0.000000,0.000000
20260510_200449,2026-05-10 20:05:23,37,0.8168,1,500,105,100,5,22,20,9,716,716,72,6954.163086,753.758587,3544.697510,1620.492224,0.000000,0.000000,0.000000,0.000000,0.000000,0.000000,0.000000,0.000000,0,0,0,0,0,0.000000,0.000000,0.000000
20260510_200449,2026-05-10 20:05:24,38,0.8043,1,500,105,100,5,28,20,9,935,935,60,10265.017822,1119.144960,2843.020508,1480.694925,0.000000,0.000000,0.000000,0.000000,0.000000,0.000000,0.000000,0.000000,0,0,0,0,0,0.000000,0.000000,0.000000
20260510_200449,2026-05-10 20:05:25,39,0.7846,1,500,105,100,5,15,20,8,688,688,74,10551.428711,637.492228,3083.708496,1635.226137,0.000000,0.000000,0.000000,0.000000,0.000000,0.000000,0.000000,0.000000,0,0,0,0,0,0.000000,0.000000,0.000000
20260510_200449,2026-05-10 20:05:26,40,0.8075,1,500,105,100,5,34,20,6,923,923,54,10869.789551,1256.184797,3135.100098,1473.297442,0.000000,0.000000,0.000000,0.000000,0.000000,0.000000,0.000000,0.000000,0,0,0,0,0,0.000000,0.000000,0.000000
20260510_200449,2026-05-10 20:05:27,41,0.8085,1,500,105,100,5,20,20,9,954,954,78,17878.384766,855.874647,3727.899658,1824.673539,0.000000,0.000000,0.000000,0.000000,0.000000,0.000000,0.000000,0.000000,0,0,0,0,0,0.000000,0.000000,0.000000
20260510_200449,2026-05-10 20:05:28,42,0.8132,1,500,105,100,5,28,20,9,924,924,67,11503.882324,1169.756828,3771.047607,1732.429254,0.000000,0.000000,0.000000,0.000000,0.000000,0.000000,0.000000,0.000000,0,0,0,0,0,0.000000,0.000000,0.000000
20260510_200449,2026-05-10 20:05:29,43,0.8210,1,500,105,100,5,17,20,10,768,768,84,14627.926270,560.766518,4132.251953,1815.539413,0.000000,0.000000,0.000000,0.000000,0.000000,0.000000,0.000000,0.000000,0,0,0,0,0,0.000000,0.000000,0.000000
20260510_200449,2026-05-10 20:05:30,44,0.7983,1,500,105,100,5,21,20,7,831,831,75,17744.946777,761.354801,4171.482910,1814.786189,0.000000,0.000000,0.000000,0.000000,0.000000,0.000000,0.000000,0.000000,0,0,0,0,0,0.000000,0.000000,0.000000
20260510_200449,2026-05-10 20:05:31,45,0.7767,1,500,105,100,5,19,20,7,703,703,72,12886.525879,638.215011,3768.741455,1689.657053,0.000000,0.000000,0.000000,0.000000,0.000000,0.000000,0.000000,0.000000,0,0,0,0,0,0.000000,0.000000,0.000000
20260510_200449,2026-05-10 20:05:32,46,0.7509,1,500,105,100,5,16,20,10,674,674,76,9364.068359,252.409758,3286.222900,1731.160132,0.000000,0.000000,0.000000,0.000000,0.000000,0.000000,0.000000,0.000000,0,0,0,0,0,0.000000,0.000000,0.000000
20260510_200449,2026-05-10 20:05:33,47,0.7792,1,500,105,100,5,20,20,8,538,538,58,13294.190430,658.994307,2540.195068,1490.349482,0.000000,0.000000,0.000000,0.000000,0.000000,0.000000,0.000000,0.000000,0,0,0,0,0,0.000000,0.000000,0.000000
20260510_200449,2026-05-10 20:05:33,48,0.7932,1,500,105,100,5,18,20,8,891,891,72,8957.563477,978.193567,3758.975098,1685.777959,0.000000,0.000000,0.000000,0.000000,0.000000,0.000000,0.000000,0.000000,0,0,0,0,0,0.000000,0.000000,0.000000
20260510_200449,2026-05-10 20:05:34,49,0.7955,1,500,105,100,5,17,20,9,982,982,78,14457.968262,895.548461,4589.938477,1753.584958,0.000000,0.000000,0.000000,0.000000,0.000000,0.000000,0.000000,0.000000,0,0,0,0,0,0.000000,0.000000,0.000000
20260510_200449,2026-05-10 20:05:35,50,0.7712,1,500,105,100,5,17,20,10,1121,1121,80,7821.175781,1015.925746,3977.023438,1804.202611,0.000000,0.000000,0.000000,0.000000,0.000000,0.000000,0.000000,0.000000,0,0,0,0,0,0.000000,0.000000,0.000000
20260510_200449,2026-05-10 20:05:36,51,0.7919,1,500,105,100,5,29,20,7,1125,1125,67,17893.047852,1479.415865,3756.119629,1649.915253,0.000000,0.000000,0.000000,0.000000,0.000000,0.000000,0.000000,0.000000,0,0,0,0,0,0.000000,0.000000,0.000000
20260510_200449,2026-05-10 20:05:37,52,0.7720,1,500,105,100,5,18,20,11,964,964,85,15916.954590,929.870910,3370.806396,1906.409650,0.000000,0.000000,0.000000,0.000000,0.000000,0.000000,0.000000,0.000000,0,0,0,0,0,0.000000,0.000000,0.000000
20260510_200449,2026-05-10 20:05:38,53,0.7654,1,500,105,100,5,17,20,11,1027,1027,83,15161.294434,761.934770,3360.463379,1909.416608,0.000000,0.000000,0.000000,0.000000,0.000000,0.000000,0.000000,0.000000,0,0,0,0,0,0.000000,0.000000,0.000000
20260510_200449,2026-05-10 20:05:39,54,0.8188,1,500,105,100,5,33,20,8,1508,1508,72,18042.294922,1838.954453,3953.396729,1681.608437,0.000000,0.000000,0.000000,0.000000,0.000000,0.000000,0.000000,0.000000,0,0,0,0,0,0.000000,0.000000,0.000000
20260510_200449,2026-05-10 20:05:40,55,0.7816,1,500,105,100,5,25,20,8,1019,1019,68,17510.202148,1341.470269,2952.633057,1731.240209,0.000000,0.000000,0.000000,0.000000,0.000000,0.000000,0.000000,0.000000,0,0,0,0,0,0.000000,0.000000,0.000000
20260510_200449,2026-05-10 20:05:41,56,0.8273,1,500,105,100,5,37,20,6,1349,1349,61,17791.522461,1670.391366,2926.411621,1709.983157,0.000000,0.000000,0.000000,0.000000,0.000000,0.000000,0.000000,0.000000,0,0,0,0,0,0.000000,0.000000,0.000000
20260510_200449,2026-05-10 20:05:42,57,0.7983,1,500,105,100,5,46,20,4,1374,1374,46,18141.766602,1890.822735,2780.101807,1435.176254,0.000000,0.000000,0.000000,0.000000,0.000000,0.000000,0.000000,0.000000,0,0,0,0,0,0.000000,0.000000,0.000000
20260510_200449,2026-05-10 20:05:43,58,0.8053,1,500,105,100,5,39,20,5,1676,1676,59,18137.784180,1946.997134,3769.723145,1519.284261,0.000000,0.000000,0.000000,0.000000,0.000000,0.000000,0.000000,0.000000,0,0,0,0,0,0.000000,0.000000,0.000000
20260510_200449,2026-05-10 20:05:44,59,0.8049,1,500,105,100,5,26,20,7,1120,1120,69,17091.982910,1168.252154,4578.715332,1679.363530,0.000000,0.000000,0.000000,0.000000,0.000000,0.000000,0.000000,0.000000,0,0,0,0,0,0.000000,0.000000,0.000000
20260510_200449,2026-05-10 20:05:45,60,0.8956,1,500,105,100,5,15,20,14,885,885,82,9125.780273,798.822188,3132.721680,1921.514139,0.000000,0.000000,0.000000,0.000000,0.000000,0.000000,0.000000,0.000000,0,0,0,0,0,0.000000,0.000000,0.000000
20260510_200449,2026-05-10 20:05:46,61,0.7667,1,500,105,100,5,24,20,8,1076,1076,71,7618.393555,1079.723658,3398.036865,1663.003653,0.000000,0.000000,0.000000,0.000000,0.000000,0.000000,0.000000,0.000000,0,0,0,0,0,0.000000,0.000000,0.000000
20260510_200449,2026-05-10 20:05:47,62,0.8197,1,500,105,100,5,20,20,11,971,971,77,15038.735840,957.722212,3954.089844,1803.554112,0.000000,0.000000,0.000000,0.000000,0.000000,0.000000,0.000000,0.000000,0,0,0,0,0,0.000000,0.000000,0.000000
20260510_200449,2026-05-10 20:05:48,63,0.8025,1,500,105,100,5,20,20,8,1005,1005,71,8049.993164,899.854000,3333.892822,1815.839996,0.000000,0.000000,0.000000,0.000000,0.000000,0.000000,0.000000,0.000000,0,0,0,0,0,0.000000,0.000000,0.000000
20260510_200449,2026-05-10 20:05:49,64,0.8128,1,500,105,100,5,29,20,10,1304,1304,62,17898.726562,1568.067212,2772.245850,1599.409082,0.000000,0.000000,0.000000,0.000000,0.000000,0.000000,0.000000,0.000000,0,0,0,0,0,0.000000,0.000000,0.000000
20260510_200449,2026-05-10 20:05:49,65,0.8361,1,500,105,100,5,30,20,10,1434,1434,73,15410.163574,1800.370931,3973.916748,1866.677110,0.000000,0.000000,0.000000,0.000000,0.000000,0.000000,0.000000,0.000000,0,0,0,0,0,0.000000,0.000000,0.000000
20260510_200449,2026-05-10 20:05:50,66,0.7757,1,500,105,100,5,15,20,9,880,880,81,8663.253906,744.662439,3731.257568,1872.910625,0.000000,0.000000,0.000000,0.000000,0.000000,0.000000,0.000000,0.000000,0,0,0,0,0,0.000000,0.000000,0.000000
20260510_200449,2026-05-10 20:05:51,67,0.7991,1,500,105,100,5,20,20,8,1106,1106,72,16736.909668,1169.995070,4187.982910,1692.922534,0.000000,0.000000,0.000000,0.000000,0.000000,0.000000,0.000000,0.000000,0,0,0,0,0,0.000000,0.000000,0.000000
20260510_200449,2026-05-10 20:05:52,68,0.7967,1,500,105,100,5,25,20,9,1532,1532,74,13588.922852,1572.159875,3948.744385,1834.560937,0.000000,0.000000,0.000000,0.000000,0.000000,0.000000,0.000000,0.000000,0,0,0,0,0,0.000000,0.000000,0.000000
20260510_200449,2026-05-10 20:05:53,69,0.8143,1,500,105,100,5,25,20,9,1164,1164,64,10288.563477,1227.871400,3768.548340,1578.456485,0.000000,0.000000,0.000000,0.000000,0.000000,0.000000,0.000000,0.000000,0,0,0,0,0,0.000000,0.000000,0.000000
20260510_200449,2026-05-10 20:05:54,70,0.7776,1,500,105,100,5,9,20,7,765,765,77,17433.160645,453.543053,3566.293945,1897.850182,0.000000,0.000000,0.000000,0.000000,0.000000,0.000000,0.000000,0.000000,0,0,0,0,0,0.000000,0.000000,0.000000
20260510_200449,2026-05-10 20:05:55,71,0.8085,1,500,105,100,5,10,20,10,863,863,84,5560.823242,835.817576,4176.760742,1936.088586,0.000000,0.000000,0.000000,0.000000,0.000000,0.000000,0.000000,0.000000,0,0,0,0,0,0.000000,0.000000,0.000000
20260510_200449,2026-05-10 20:05:56,72,0.8876,1,500,105,100,5,12,20,5,814,814,63,17511.523438,834.267019,3565.291748,1529.973341,0.000000,0.000000,0.000000,0.000000,0.000000,0.000000,0.000000,0.000000,0,0,0,0,0,0.000000,0.000000,0.000000
20260510_200449,2026-05-10 20:05:57,73,0.7908,1,500,105,100,5,9,20,9,728,728,76,8738.275391,375.301846,3945.438232,1712.041672,0.000000,0.000000,0.000000,0.000000,0.000000,0.000000,0.000000,0.000000,0,0,0,0,0,0.000000,0.000000,0.000000
20260510_200449,2026-05-10 20:05:58,74,0.7836,1,500,105,100,5,12,20,9,765,765,77,18200.768555,699.046763,4147.095703,1751.894566,0.000000,0.000000,0.000000,0.000000,0.000000,0.000000,0.000000,0.000000,0,0,0,0,0,0.000000,0.000000,0.000000
20260510_200449,2026-05-10 20:05:59,75,0.8327,1,500,105,100,5,10,20,9,689,689,85,7175.243652,409.550092,4132.508789,1812.876940,0.000000,0.000000,0.000000,0.000000,0.000000,0.000000,0.000000,0.000000,0,0,0,0,0,0.000000,0.000000,0.000000
20260510_200449,2026-05-10 20:06:00,76,0.7441,1,500,105,100,5,15,20,8,657,657,76,5705.123047,479.550402,3539.504883,1831.415808,0.000000,0.000000,0.000000,0.000000,0.000000,0.000000,0.000000,0.000000,0,0,0,0,0,0.000000,0.000000,0.000000
20260510_200449,2026-05-10 20:06:01,77,0.7546,1,500,105,100,5,19,20,7,671,671,66,11731.873657,867.549339,3965.714844,1568.348921,0.000000,0.000000,0.000000,0.000000,0.000000,0.000000,0.000000,0.000000,0,0,0,0,0,0.000000,0.000000,0.000000
20260510_200449,2026-05-10 20:06:02,78,0.7266,1,500,105,100,5,10,20,10,664,664,87,6133.028320,375.535257,3531.563232,1916.169316,0.000000,0.000000,0.000000,0.000000,0.000000,0.000000,0.000000,0.000000,0,0,0,0,0,0.000000,0.000000,0.000000
20260510_200449,2026-05-10 20:06:03,79,0.8211,1,500,105,100,5,29,20,4,891,891,45,16162.053223,1220.779264,2954.455566,1230.681172,0.000000,0.000000,0.000000,0.000000,0.000000,0.000000,0.000000,0.000000,0,0,0,0,0,0.000000,0.000000,0.000000
20260510_200449,2026-05-10 20:06:04,80,0.7729,1,500,105,100,5,10,20,10,623,623,87,4879.834961,269.407953,4761.889648,1844.141214,0.000000,0.000000,0.000000,0.000000,0.000000,0.000000,0.000000,0.000000,0,0,0,0,0,0.000000,0.000000,0.000000
20260510_200449,2026-05-10 20:06:05,81,0.7383,1,500,105,100,5,6,20,11,586,586,93,4848.431152,354.894201,4929.250000,1916.679619,0.000000,0.000000,0.000000,0.000000,0.000000,0.000000,0.000000,0.000000,0,0,0,0,0,0.000000,0.000000,0.000000
20260510_200449,2026-05-10 20:06:06,82,0.7335,1,500,105,100,5,2,20,7,658,658,93,6895.458008,320.394968,10125.284180,1776.035043,0.000000,0.000000,0.000000,0.000000,0.000000,0.000000,0.000000,0.000000,0,0,0,0,0,0.000000,0.000000,0.000000
20260510_200449,2026-05-10 20:06:06,83,0.7100,1,500,105,100,5,1,20,5,362,362,92,4803.521973,32.163600,9706.265625,1685.218365,0.000000,0.000000,0.000000,0.000000,0.000000,0.000000,0.000000,0.000000,0,0,0,0,0,0.000000,0.000000,0.000000
20260510_200449,2026-05-10 20:06:07,84,0.7694,1,500,105,100,5,0,20,8,186,186,102,2050.404053,-318.608785,6085.179199,1873.649188,0.000000,0.000000,0.000000,0.000000,0.000000,0.000000,0.000000,0.000000,0,0,0,0,0,0.000000,0.000000,0.000000
20260510_200449,2026-05-10 20:06:08,85,0.7350,1,500,105,100,5,0,20,8,208,208,101,2358.825684,-286.676735,8288.394531,1930.303799,0.000000,0.000000,0.000000,0.000000,0.000000,0.000000,0.000000,0.000000,0,0,0,0,0,0.000000,0.000000,0.000000
20260510_200449,2026-05-10 20:06:09,86,0.6999,1,500,105,100,5,0,20,6,129,129,105,2088.089355,-426.949680,10078.809570,1798.488452,0.000000,0.000000,0.000000,0.000000,0.000000,0.000000,0.000000,0.000000,0,0,0,0,0,0.000000,0.000000,0.000000
20260510_200449,2026-05-10 20:06:10,87,0.7188,1,500,105,100,5,0,20,10,135,135,105,1211.868164,-436.713555,5871.903809,2033.657515,0.000000,0.000000,0.000000,0.000000,0.000000,0.000000,0.000000,0.000000,0,0,0,0,0,0.000000,0.000000,0.000000
20260510_200449,2026-05-10 20:06:11,88,0.7046,1,500,105,100,5,0,20,9,148,148,105,1634.279297,-520.600937,5673.152832,1996.568079,0.000000,0.000000,0.000000,0.000000,0.000000,0.000000,0.000000,0.000000,0,0,0,0,0,0.000000,0.000000,0.000000
20260510_200449,2026-05-10 20:06:12,89,0.6971,1,500,105,100,5,1,20,7,232,232,102,3662.463623,-286.791019,8283.022461,1937.536940,0.000000,0.000000,0.000000,0.000000,0.000000,0.000000,0.000000,0.000000,0,0,0,0,0,0.000000,0.000000,0.000000
20260510_200449,2026-05-10 20:06:12,90,0.6761,1,500,105,100,5,0,20,9,152,152,105,1227.245117,-482.693008,7476.692383,1999.633139,0.000000,0.000000,0.000000,0.000000,0.000000,0.000000,0.000000,0.000000,0,0,0,0,0,0.000000,0.000000,0.000000
20260510_200449,2026-05-10 20:06:13,91,0.7141,1,500,105,100,5,0,20,8,223,223,105,3269.114258,-258.655421,5888.688965,2005.716908,0.000000,0.000000,0.000000,0.000000,0.000000,0.000000,0.000000,0.000000,0,0,0,0,0,0.000000,0.000000,0.000000
20260510_200449,2026-05-10 20:06:14,92,0.6687,1,500,105,100,5,0,20,7,192,192,104,1984.975586,-363.206717,6072.591797,1874.956166,0.000000,0.000000,0.000000,0.000000,0.000000,0.000000,0.000000,0.000000,0,0,0,0,0,0.000000,0.000000,0.000000
20260510_200449,2026-05-10 20:06:15,93,0.6799,1,500,105,100,5,0,20,11,196,196,105,1961.427368,-360.327335,4470.525391,2158.216669,0.000000,0.000000,0.000000,0.000000,0.000000,0.000000,0.000000,0.000000,0,0,0,0,0,0.000000,0.000000,0.000000
20260510_200449,2026-05-10 20:06:16,94,0.7059,1,500,105,100,5,0,20,12,338,338,105,1852.489258,-262.516535,3688.651855,2150.525964,0.000000,0.000000,0.000000,0.000000,0.000000,0.000000,0.000000,0.000000,0,0,0,0,0,0.000000,0.000000,0.000000
20260510_200449,2026-05-10 20:06:17,95,0.6905,1,500,105,100,5,0,20,13,406,406,105,3671.178223,-96.566838,4270.625977,2221.212199,0.000000,0.000000,0.000000,0.000000,0.000000,0.000000,0.000000,0.000000,0,0,0,0,0,0.000000,0.000000,0.000000
20260510_200449,2026-05-10 20:06:17,96,0.6863,1,500,105,100,5,0,20,13,330,330,105,2058.242188,-190.438604,3460.515869,2253.622565,0.000000,0.000000,0.000000,0.000000,0.000000,0.000000,0.000000,0.000000,0,0,0,0,0,0.000000,0.000000,0.000000
20260510_200449,2026-05-10 20:06:18,97,0.7090,1,500,105,100,5,0,20,12,279,279,105,1932.919189,-314.891454,6466.851074,2106.303549,0.000000,0.000000,0.000000,0.000000,0.000000,0.000000,0.000000,0.000000,0,0,0,0,0,0.000000,0.000000,0.000000
20260510_200449,2026-05-10 20:06:19,98,0.6916,1,500,105,100,5,0,20,10,304,304,105,3115.462646,-221.998302,5262.060059,2086.745528,0.000000,0.000000,0.000000,0.000000,0.000000,0.000000,0.000000,0.000000,0,0,0,0,0,0.000000,0.000000,0.000000
20260510_200449,2026-05-10 20:06:20,99,0.6931,1,500,105,100,5,0,20,12,350,350,105,2163.404541,-209.260408,4465.375977,2093.116945,0.000000,0.000000,0.000000,0.000000,0.000000,0.000000,0.000000,0.000000,0,0,0,0,0,0.000000,0.000000,0.000000
20260510_200449,2026-05-10 20:06:21,100,0.7825,1,500,105,100,5,0,20,11,315,315,105,3507.892334,-163.953166,4863.638184,2155.811562,0.000000,0.000000,0.000000,0.000000,0.000000,0.000000,0.000000,0.000000,0,0,0,0,0,0.000000,0.000000,0.000000
20260510_200449,2026-05-10 20:06:22,101,0.6921,1,500,105,100,5,0,20,13,371,371,105,2718.253662,-166.740682,3864.612061,2234.541003,0.000000,0.000000,0.000000,0.000000,0.000000,0.000000,0.000000,0.000000,0,0,0,0,0,0.000000,0.000000,0.000000
20260510_200449,2026-05-10 20:06:23,102,0.6910,1,500,105,100,5,0,20,13,352,352,105,2759.419189,-85.887739,5268.050293,2189.054303,0.000000,0.000000,0.000000,0.000000,0.000000,0.000000,0.000000,0.000000,0,0,0,0,0,0.000000,0.000000,0.000000
20260510_200449,2026-05-10 20:06:24,103,0.6829,1,500,105,100,5,0,20,13,400,400,105,3045.804688,-102.692551,3666.484619,2202.853198,0.000000,0.000000,0.000000,0.000000,0.000000,0.000000,0.000000,0.000000,0,0,0,0,0,0.000000,0.000000,0.000000
20260510_200449,2026-05-10 20:06:24,104,0.7275,1,500,105,100,5,0,20,12,351,351,105,2208.596680,-149.789017,5069.086426,2155.740155,0.000000,0.000000,0.000000,0.000000,0.000000,0.000000,0.000000,0.000000,0,0,0,0,0,0.000000,0.000000,0.000000
20260510_200449,2026-05-10 20:06:25,105,0.6901,1,500,105,100,5,0,20,15,405,405,105,3990.147461,-85.519805,3858.261719,2172.540396,0.000000,0.000000,0.000000,0.000000,0.000000,0.000000,0.000000,0.000000,0,0,0,0,0,0.000000,0.000000,0.000000
20260510_200449,2026-05-10 20:06:26,106,0.7242,1,500,105,100,5,0,20,12,369,369,105,3902.416016,-148.846308,3467.438477,2192.984946,0.000000,0.000000,0.000000,0.000000,0.000000,0.000000,0.000000,0.000000,0,0,0,0,0,0.000000,0.000000,0.000000
20260510_200449,2026-05-10 20:06:27,107,0.7448,1,500,105,100,5,0,20,11,398,398,105,5738.927246,-92.792141,3866.697266,2095.614244,0.000000,0.000000,0.000000,0.000000,0.000000,0.000000,0.000000,0.000000,0,0,0,0,0,0.000000,0.000000,0.000000
20260510_200449,2026-05-10 20:06:28,108,0.7236,1,500,105,100,5,0,20,14,280,280,105,1829.970337,-213.473800,4060.574219,2161.259190,0.000000,0.000000,0.000000,0.000000,0.000000,0.000000,0.000000,0.000000,0,0,0,0,0,0.000000,0.000000,0.000000
20260510_200449,2026-05-10 20:06:29,109,0.6845,1,500,105,100,5,0,20,10,297,297,105,1437.200562,-298.340416,4064.095215,2152.818280,0.000000,0.000000,0.000000,0.000000,0.000000,0.000000,0.000000,0.000000,0,0,0,0,0,0.000000,0.000000,0.000000
20260510_200449,2026-05-10 20:06:30,110,0.6718,1,500,105,100,5,0,20,11,295,295,105,1862.103882,-165.377513,4457.114258,2197.139792,0.000000,0.000000,0.000000,0.000000,0.000000,0.000000,0.000000,0.000000,0,0,0,0,0,0.000000,0.000000,0.000000
20260510_200449,2026-05-10 20:06:31,111,0.7180,1,500,105,100,5,0,20,13,284,284,105,2426.122559,-257.886422,4658.590820,2147.766885,0.000000,0.000000,0.000000,0.000000,0.000000,0.000000,0.000000,0.000000,0,0,0,0,0,0.000000,0.000000,0.000000
20260510_200449,2026-05-10 20:06:32,112,0.7069,1,500,105,100,5,0,20,12,204,204,105,1690.590820,-292.407542,3457.666748,2244.369836,0.000000,0.000000,0.000000,0.000000,0.000000,0.000000,0.000000,0.000000,0,0,0,0,0,0.000000,0.000000,0.000000
20260510_200449,2026-05-10 20:06:32,113,0.6869,1,500,105,100,5,0,20,11,252,252,104,1738.470581,-180.420312,4463.760742,2159.722678,0.000000,0.000000,0.000000,0.000000,0.000000,0.000000,0.000000,0.000000,0,0,0,0,0,0.000000,0.000000,0.000000
20260510_200449,2026-05-10 20:06:33,114,0.6798,1,500,105,100,5,0,20,12,264,264,105,1529.953979,-204.212979,4259.395508,2198.261542,0.000000,0.000000,0.000000,0.000000,0.000000,0.000000,0.000000,0.000000,0,0,0,0,0,0.000000,0.000000,0.000000
20260510_200449,2026-05-10 20:06:34,115,0.7346,1,500,105,100,5,0,20,15,188,188,105,1174.207642,-474.795930,3656.643799,2289.120935,0.000000,0.000000,0.000000,0.000000,0.000000,0.000000,0.000000,0.000000,0,0,0,0,0,0.000000,0.000000,0.000000
20260510_200449,2026-05-10 20:06:35,116,0.7114,1,500,105,100,5,0,20,14,256,256,105,1919.498047,-224.416400,3657.601807,2145.954903,0.000000,0.000000,0.000000,0.000000,0.000000,0.000000,0.000000,0.000000,0,0,0,0,0,0.000000,0.000000,0.000000
20260510_200449,2026-05-10 20:06:36,117,0.6899,1,500,105,100,5,0,20,13,328,328,105,4056.630859,-215.237002,3658.391113,2229.717728,0.000000,0.000000,0.000000,0.000000,0.000000,0.000000,0.000000,0.000000,0,0,0,0,0,0.000000,0.000000,0.000000
20260510_200449,2026-05-10 20:06:37,118,0.6840,1,500,105,100,5,0,20,10,355,355,105,1968.472046,-90.866810,4464.231445,2127.774440,0.000000,0.000000,0.000000,0.000000,0.000000,0.000000,0.000000,0.000000,0,0,0,0,0,0.000000,0.000000,0.000000
20260510_200449,2026-05-10 20:06:38,119,0.7147,1,500,105,100,5,0,20,14,313,313,105,1896.364990,-147.851484,3668.794434,2153.614554,0.000000,0.000000,0.000000,0.000000,0.000000,0.000000,0.000000,0.000000,0,0,0,0,0,0.000000,0.000000,0.000000
20260510_200449,2026-05-10 20:06:39,120,0.7028,1,500,105,100,5,0,20,14,263,263,105,4291.103027,-183.933161,4058.914795,2214.016135,0.000000,0.000000,0.000000,0.000000,0.000000,0.000000,0.000000,0.000000,0,0,0,0,0,0.000000,0.000000,0.000000
20260510_200449,2026-05-10 20:06:40,121,0.6788,1,500,105,100,5,0,20,12,377,377,105,3494.028564,-121.890839,5261.210938,2135.013647,0.000000,0.000000,0.000000,0.000000,0.000000,0.000000,0.000000,0.000000,0,0,0,0,0,0.000000,0.000000,0.000000
20260510_200449,2026-05-10 20:06:40,122,0.6824,1,500,105,100,5,0,20,11,299,299,104,1739.516602,-154.499182,4663.649902,2131.387465,0.000000,0.000000,0.000000,0.000000,0.000000,0.000000,0.000000,0.000000,0,0,0,0,0,0.000000,0.000000,0.000000
20260510_200449,2026-05-10 20:06:41,123,0.7122,1,500,105,100,5,0,20,13,289,289,105,1456.090210,-186.787790,4064.604004,2238.391397,0.000000,0.000000,0.000000,0.000000,0.000000,0.000000,0.000000,0.000000,0,0,0,0,0,0.000000,0.000000,0.000000
20260510_200449,2026-05-10 20:06:42,124,0.7038,1,500,105,100,5,0,20,12,268,268,105,2318.635010,-207.820871,5260.210449,2106.935988,0.000000,0.000000,0.000000,0.000000,0.000000,0.000000,0.000000,0.000000,0,0,0,0,0,0.000000,0.000000,0.000000
20260510_200449,2026-05-10 20:06:43,125,0.6853,1,500,105,100,5,0,20,11,291,291,105,2254.165283,-172.818168,4662.363281,2042.804649,0.000000,0.000000,0.000000,0.000000,0.000000,0.000000,0.000000,0.000000,0,0,0,0,0,0.000000,0.000000,0.000000
20260510_200449,2026-05-10 20:06:44,126,0.6745,1,500,105,100,5,0,20,14,324,324,105,3443.842529,-85.963709,3861.632812,2226.726965,0.000000,0.000000,0.000000,0.000000,0.000000,0.000000,0.000000,0.000000,0,0,0,0,0,0.000000,0.000000,0.000000
20260510_200449,2026-05-10 20:06:45,127,0.7379,1,500,105,100,5,0,20,12,214,214,105,1737.853516,-219.150980,4054.015137,2210.898242,0.000000,0.000000,0.000000,0.000000,0.000000,0.000000,0.000000,0.000000,0,0,0,0,0,0.000000,0.000000,0.000000
20260510_200449,2026-05-10 20:06:46,128,0.7255,1,500,105,100,5,0,20,12,300,300,105,1949.778931,-169.763384,4460.016602,2103.584008,0.000000,0.000000,0.000000,0.000000,0.000000,0.000000,0.000000,0.000000,0,0,0,0,0,0.000000,0.000000,0.000000
20260510_200449,2026-05-10 20:06:47,129,0.6719,1,500,105,100,5,0,20,12,309,309,105,2910.574707,-88.202108,4259.595703,2165.150018,0.000000,0.000000,0.000000,0.000000,0.000000,0.000000,0.000000,0.000000,0,0,0,0,0,0.000000,0.000000,0.000000
20260510_200449,2026-05-10 20:06:47,130,0.6694,1,500,105,100,5,0,20,8,306,306,105,3762.070312,-158.928814,4659.890625,2073.762590,0.000000,0.000000,0.000000,0.000000,0.000000,0.000000,0.000000,0.000000,0,0,0,0,0,0.000000,0.000000,0.000000
20260510_200449,2026-05-10 20:06:48,131,0.7001,1,500,105,100,5,0,20,10,302,302,105,2883.772461,-149.901556,4661.712402,2066.911569,0.000000,0.000000,0.000000,0.000000,0.000000,0.000000,0.000000,0.000000,0,0,0,0,0,0.000000,0.000000,0.000000
20260510_200449,2026-05-10 20:06:49,132,0.6646,1,500,105,100,5,0,20,12,223,223,105,1505.087769,-267.002099,3855.006592,2109.471716,0.000000,0.000000,0.000000,0.000000,0.000000,0.000000,0.000000,0.000000,0,0,0,0,0,0.000000,0.000000,0.000000
20260510_200449,2026-05-10 20:06:50,133,0.6727,1,500,105,100,5,0,20,14,338,338,105,2541.051758,-133.324798,3857.564697,2182.274290,0.000000,0.000000,0.000000,0.000000,0.000000,0.000000,0.000000,0.000000,0,0,0,0,0,0.000000,0.000000,0.000000
20260510_200449,2026-05-10 20:06:51,134,0.7023,1,500,105,100,5,0,20,12,301,301,105,1892.878418,-236.721205,3658.626953,2150.193817,0.000000,0.000000,0.000000,0.000000,0.000000,0.000000,0.000000,0.000000,0,0,0,0,0,0.000000,0.000000,0.000000
20260510_200449,2026-05-10 20:06:52,135,0.7100,1,500,105,100,5,0,20,12,315,315,105,2247.807373,-116.851288,4461.488281,2279.144128,0.000000,0.000000,0.000000,0.000000,0.000000,0.000000,0.000000,0.000000,0,0,0,0,0,0.000000,0.000000,0.000000
20260510_200449,2026-05-10 20:06:53,136,0.6800,1,500,105,100,5,0,20,14,327,327,105,5582.753418,-111.451161,5467.907715,2132.183873,0.000000,0.000000,0.000000,0.000000,0.000000,0.000000,0.000000,0.000000,0,0,0,0,0,0.000000,0.000000,0.000000
20260510_200449,2026-05-10 20:06:54,137,0.7456,1,500,105,100,5,0,20,15,401,401,105,2471.376465,-294.826042,3660.192383,2181.614772,0.000000,0.000000,0.000000,0.000000,0.000000,0.000000,0.000000,0.000000,0,0,0,0,0,0.000000,0.000000,0.000000
20260510_200449,2026-05-10 20:06:54,138,0.6838,1,500,105,100,5,0,20,14,282,282,105,3001.937744,-166.488748,4058.406982,2209.566443,0.000000,0.000000,0.000000,0.000000,0.000000,0.000000,0.000000,0.000000,0,0,0,0,0,0.000000,0.000000,0.000000
20260510_200449,2026-05-10 20:06:55,139,0.6830,1,500,105,100,5,0,20,14,275,275,105,2159.671631,-182.127346,4656.353516,2133.008176,0.000000,0.000000,0.000000,0.000000,0.000000,0.000000,0.000000,0.000000,0,0,0,0,0,0.000000,0.000000,0.000000
20260510_200449,2026-05-10 20:06:56,140,0.6561,1,500,105,100,5,0,20,12,275,275,105,1895.013428,-272.667592,4660.944336,2142.009012,0.000000,0.000000,0.000000,0.000000,0.000000,0.000000,0.000000,0.000000,0,0,0,0,0,0.000000,0.000000,0.000000
20260510_200449,2026-05-10 20:06:57,141,0.6471,1,500,105,100,5,0,20,13,241,241,105,1734.644653,-209.037557,4259.147461,2111.390733,0.000000,0.000000,0.000000,0.000000,0.000000,0.000000,0.000000,0.000000,0,0,0,0,0,0.000000,0.000000,0.000000
20260510_200449,2026-05-10 20:06:58,142,0.6501,1,500,105,100,5,0,20,11,265,265,105,1724.695923,-281.358867,4860.311035,2137.034000,0.000000,0.000000,0.000000,0.000000,0.000000,0.000000,0.000000,0.000000,0,0,0,0,0,0.000000,0.000000,0.000000
20260510_200449,2026-05-10 20:06:59,143,0.6645,1,500,105,100,5,0,20,11,304,304,105,1914.216919,-85.277611,5260.715332,2153.115218,0.000000,0.000000,0.000000,0.000000,0.000000,0.000000,0.000000,0.000000,0,0,0,0,0,0.000000,0.000000,0.000000
20260510_200449,2026-05-10 20:07:00,144,0.6776,1,500,105,100,5,0,20,8,290,290,105,2604.462158,-111.422070,6261.219238,2022.414832,0.000000,0.000000,0.000000,0.000000,0.000000,0.000000,0.000000,0.000000,0,0,0,0,0,0.000000,0.000000,0.000000
20260510_200449,2026-05-10 20:07:00,145,0.6624,1,500,105,100,5,0,20,15,232,232,105,2303.768799,-211.034953,3458.613281,2213.729257,0.000000,0.000000,0.000000,0.000000,0.000000,0.000000,0.000000,0.000000,0,0,0,0,0,0.000000,0.000000,0.000000
20260510_200449,2026-05-10 20:07:01,146,0.6731,1,500,105,100,5,0,20,11,350,350,105,2729.561768,-90.483234,5068.682129,2141.199713,0.000000,0.000000,0.000000,0.000000,0.000000,0.000000,0.000000,0.000000,0,0,0,0,0,0.000000,0.000000,0.000000
20260510_200449,2026-05-10 20:07:02,147,0.7021,1,500,105,100,5,0,20,9,280,280,105,2517.437988,-146.811494,5458.606445,2037.280580,0.000000,0.000000,0.000000,0.000000,0.000000,0.000000,0.000000,0.000000,0,0,0,0,0,0.000000,0.000000,0.000000
20260510_200449,2026-05-10 20:07:03,148,0.6708,1,500,105,100,5,0,20,12,191,191,105,1272.874023,-217.379913,4457.112305,2196.682684,0.000000,0.000000,0.000000,0.000000,0.000000,0.000000,0.000000,0.000000,0,0,0,0,0,0.000000,0.000000,0.000000
20260510_200449,2026-05-10 20:07:04,149,0.6636,1,500,105,100,5,0,20,12,250,250,105,1410.719238,-268.147290,3657.410400,2164.919827,0.000000,0.000000,0.000000,0.000000,0.000000,0.000000,0.000000,0.000000,0,0,0,0,0,0.000000,0.000000,0.000000
20260510_200449,2026-05-10 20:07:05,150,0.6987,1,500,105,100,5,0,20,11,276,276,105,2030.461792,-140.279478,4658.137695,2154.981419,0.000000,0.000000,0.000000,0.000000,0.000000,0.000000,0.000000,0.000000,0,0,0,0,0,0.000000,0.000000,0.000000
20260510_200449,2026-05-10 20:07:06,151,0.6827,1,500,105,100,5,0,20,11,253,253,105,1868.492920,-323.887653,4658.574219,2135.312759,0.000000,0.000000,0.000000,0.000000,0.000000,0.000000,0.000000,0.000000,0,0,0,0,0,0.000000,0.000000,0.000000
20260510_200449,2026-05-10 20:07:06,152,0.6600,1,500,105,100,5,0,20,13,215,215,105,1920.073242,-202.874133,3657.764160,2164.932825,0.000000,0.000000,0.000000,0.000000,0.000000,0.000000,0.000000,0.000000,0,0,0,0,0,0.000000,0.000000,0.000000
20260510_200449,2026-05-10 20:07:07,153,0.6683,1,500,105,100,5,0,20,15,228,228,105,3176.793457,-166.448450,3857.529541,2150.121318,0.000000,0.000000,0.000000,0.000000,0.000000,0.000000,0.000000,0.000000,0,0,0,0,0,0.000000,0.000000,0.000000
20260510_200449,2026-05-10 20:07:08,154,0.7190,1,500,105,100,5,0,20,12,273,273,105,3098.270996,-263.118931,4058.575684,2182.895242,0.000000,0.000000,0.000000,0.000000,0.000000,0.000000,0.000000,0.000000,0,0,0,0,0,0.000000,0.000000,0.000000
20260510_200449,2026-05-10 20:07:09,155,0.6686,1,500,105,100,5,0,20,12,271,271,105,2140.325195,-281.525517,4259.679688,2071.953821,0.000000,0.000000,0.000000,0.000000,0.000000,0.000000,0.000000,0.000000,0,0,0,0,0,0.000000,0.000000,0.000000
20260510_200449,2026-05-10 20:07:10,156,0.6796,1,500,105,100,5,0,20,13,274,274,105,2485.721191,-104.191321,3660.369141,2163.939233,0.000000,0.000000,0.000000,0.000000,0.000000,0.000000,0.000000,0.000000,0,0,0,0,0,0.000000,0.000000,0.000000
20260510_200449,2026-05-10 20:07:11,157,0.7249,1,500,105,100,5,0,20,13,241,241,105,2619.420166,-125.453580,3459.300781,2129.598079,0.000000,0.000000,0.000000,0.000000,0.000000,0.000000,0.000000,0.000000,0,0,0,0,0,0.000000,0.000000,0.000000
20260510_200449,2026-05-10 20:07:12,158,0.8133,1,500,105,100,5,0,20,14,167,167,105,1750.137695,-235.227987,4257.009766,2141.153165,0.000000,0.000000,0.000000,0.000000,0.000000,0.000000,0.000000,0.000000,0,0,0,0,0,0.000000,0.000000,0.000000
20260510_200449,2026-05-10 20:07:13,159,0.8148,1,500,105,100,5,0,20,14,227,227,105,1866.050781,-131.925418,4059.278320,2128.930939,0.000000,0.000000,0.000000,0.000000,0.000000,0.000000,0.000000,0.000000,0,0,0,0,0,0.000000,0.000000,0.000000
20260510_200449,2026-05-10 20:07:14,160,0.7414,1,500,105,100,5,0,20,15,200,200,105,2080.677246,-268.187036,3857.385742,2229.844608,0.000000,0.000000,0.000000,0.000000,0.000000,0.000000,0.000000,0.000000,0,0,0,0,0,0.000000,0.000000,0.000000
20260510_200449,2026-05-10 20:07:15,161,0.8146,1,500,105,100,5,0,20,11,239,239,105,3303.837158,-186.860251,3863.821777,2180.718683,0.000000,0.000000,0.000000,0.000000,0.000000,0.000000,0.000000,0.000000,0,0,0,0,0,0.000000,0.000000,0.000000
20260510_200449,2026-05-10 20:07:16,162,0.8165,1,500,105,100,5,0,20,13,138,138,105,1516.198608,-258.422378,3857.350586,2179.683957,0.000000,0.000000,0.000000,0.000000,0.000000,0.000000,0.000000,0.000000,0,0,0,0,0,0.000000,0.000000,0.000000
20260510_200449,2026-05-10 20:07:17,163,0.8158,1,500,105,100,5,0,20,11,154,154,105,2542.285156,-175.911829,4061.145752,2163.631201,0.000000,0.000000,0.000000,0.000000,0.000000,0.000000,0.000000,0.000000,0,0,0,0,0,0.000000,0.000000,0.000000
20260510_200449,2026-05-10 20:07:18,164,0.7433,1,500,105,100,5,0,20,12,146,146,105,1460.766357,-223.093473,3857.413818,2098.017432,0.000000,0.000000,0.000000,0.000000,0.000000,0.000000,0.000000,0.000000,0,0,0,0,0,0.000000,0.000000,0.000000
20260510_200449,2026-05-10 20:07:19,165,0.7560,1,500,105,100,5,0,20,12,149,149,105,1440.281250,-179.835261,4258.022461,2119.332217,0.000000,0.000000,0.000000,0.000000,0.000000,0.000000,0.000000,0.000000,0,0,0,0,0,0.000000,0.000000,0.000000
20260510_200449,2026-05-10 20:07:20,166,0.7237,1,500,105,100,5,0,20,12,104,104,105,1290.978516,-236.256676,3465.856689,2083.296933,0.000000,0.000000,0.000000,0.000000,0.000000,0.000000,0.000000,0.000000,0,0,0,0,0,0.000000,0.000000,0.000000
20260510_200449,2026-05-10 20:07:21,167,0.7073,1,500,105,100,5,0,20,11,97,97,105,1982.069702,-262.194587,4060.528076,1959.866108,0.000000,0.000000,0.000000,0.000000,0.000000,0.000000,0.000000,0.000000,0,0,0,0,0,0.000000,0.000000,0.000000
20260510_200449,2026-05-10 20:07:22,168,0.7119,1,500,105,100,5,0,20,11,131,131,105,2872.146240,-174.561612,4859.482422,2014.253996,0.000000,0.000000,0.000000,0.000000,0.000000,0.000000,0.000000,0.000000,0,0,0,0,0,0.000000,0.000000,0.000000
20260510_200449,2026-05-10 20:07:23,169,0.7144,1,500,105,100,5,0,20,13,82,82,105,1111.636597,-356.658873,3459.438721,2186.460522,0.000000,0.000000,0.000000,0.000000,0.000000,0.000000,0.000000,0.000000,0,0,0,0,0,0.000000,0.000000,0.000000
20260510_200449,2026-05-10 20:07:24,170,0.7570,1,500,105,100,5,0,20,13,80,80,105,1630.535156,-192.417930,3661.903320,2053.046795,0.000000,0.000000,0.000000,0.000000,0.000000,0.000000,0.000000,0.000000,0,0,0,0,0,0.000000,0.000000,0.000000
20260510_200449,2026-05-10 20:07:25,171,0.7690,1,500,105,100,5,0,20,11,87,87,105,1953.922119,-208.847956,4260.280273,2080.369148,0.000000,0.000000,0.000000,0.000000,0.000000,0.000000,0.000000,0.000000,0,0,0,0,0,0.000000,0.000000,0.000000
20260510_200449,2026-05-10 20:07:26,172,0.7242,1,500,105,100,5,0,20,14,96,96,105,1384.213379,-371.999000,3263.753174,2203.399420,0.000000,0.000000,0.000000,0.000000,0.000000,0.000000,0.000000,0.000000,0,0,0,0,0,0.000000,0.000000,0.000000
20260510_200449,2026-05-10 20:07:27,173,0.7798,1,500,105,100,5,0,20,11,137,137,105,1725.047852,-290.637929,4061.033936,2009.527659,0.000000,0.000000,0.000000,0.000000,0.000000,0.000000,0.000000,0.000000,0,0,0,0,0,0.000000,0.000000,0.000000
20260510_200449,2026-05-10 20:07:27,174,0.6982,1,500,105,100,5,0,20,11,121,121,105,2274.997314,-266.262656,3864.389160,2061.274039,0.000000,0.000000,0.000000,0.000000,0.000000,0.000000,0.000000,0.000000,0,0,0,0,0,0.000000,0.000000,0.000000
20260510_200449,2026-05-10 20:07:28,175,0.6637,1,500,105,100,5,0,20,12,89,89,105,1434.053711,-244.727789,4662.137695,2051.848972,0.000000,0.000000,0.000000,0.000000,0.000000,0.000000,0.000000,0.000000,0,0,0,0,0,0.000000,0.000000,0.000000
20260510_200449,2026-05-10 20:07:29,176,0.6619,1,500,105,100,5,0,20,11,38,38,105,1365.045898,-381.736046,4060.287109,2054.434304,0.000000,0.000000,0.000000,0.000000,0.000000,0.000000,0.000000,0.000000,0,0,0,0,0,0.000000,0.000000,0.000000
20260510_200449,2026-05-10 20:07:30,177,0.6868,1,500,105,100,5,0,20,13,51,51,105,1415.519531,-255.664001,3455.221924,2107.787283,0.000000,0.000000,0.000000,0.000000,0.000000,0.000000,0.000000,0.000000,0,0,0,0,0,0.000000,0.000000,0.000000
20260510_200449,2026-05-10 20:07:31,178,0.6914,1,500,105,100,5,0,20,12,49,49,105,1509.194214,-313.367228,3861.963867,1994.155782,0.000000,0.000000,0.000000,0.000000,0.000000,0.000000,0.000000,0.000000,0,0,0,0,0,0.000000,0.000000,0.000000
20260510_200449,2026-05-10 20:07:32,179,0.6726,1,500,105,100,5,0,20,12,43,43,105,1763.537109,-295.704738,4058.822021,2091.854305,0.000000,0.000000,0.000000,0.000000,0.000000,0.000000,0.000000,0.000000,0,0,0,0,0,0.000000,0.000000,0.000000
20260510_200449,2026-05-10 20:07:33,180,0.6686,1,500,105,100,5,0,20,13,62,62,105,1513.833008,-268.280490,3858.740234,2161.001143,0.000000,0.000000,0.000000,0.000000,0.000000,0.000000,0.000000,0.000000,0,0,0,0,0,0.000000,0.000000,0.000000
20260510_200449,2026-05-10 20:07:34,181,0.7139,1,500,105,100,5,0,20,14,61,61,105,1397.969727,-381.191446,3660.475342,2196.219577,0.000000,0.000000,0.000000,0.000000,0.000000,0.000000,0.000000,0.000000,0,0,0,0,0,0.000000,0.000000,0.000000
20260510_200449,2026-05-10 20:07:35,182,0.6898,1,500,105,100,5,0,20,11,64,64,105,1620.255859,-241.326803,4060.662842,2033.648315,0.000000,0.000000,0.000000,0.000000,0.000000,0.000000,0.000000,0.000000,0,0,0,0,0,0.000000,0.000000,0.000000
20260510_200449,2026-05-10 20:07:36,183,0.6832,1,500,105,100,5,0,20,11,98,98,105,1333.090820,-249.395098,3658.583252,2150.562488,0.000000,0.000000,0.000000,0.000000,0.000000,0.000000,0.000000,0.000000,0,0,0,0,0,0.000000,0.000000,0.000000
20260510_200449,2026-05-10 20:07:37,184,0.6512,1,500,105,100,5,0,20,14,93,93,105,1806.184570,-389.383546,4060.755371,2137.502966,0.000000,0.000000,0.000000,0.000000,0.000000,0.000000,0.000000,0.000000,0,0,0,0,0,0.000000,0.000000,0.000000
20260510_200449,2026-05-10 20:07:37,185,0.6475,1,500,105,100,5,0,20,10,133,133,105,1730.245239,-160.687280,4862.161621,2062.400117,0.000000,0.000000,0.000000,0.000000,0.000000,0.000000,0.000000,0.000000,0,0,0,0,0,0.000000,0.000000,0.000000
20260510_200449,2026-05-10 20:07:38,186,0.6823,1,500,105,100,5,0,20,16,85,85,105,1931.991943,-296.929648,3459.860352,2233.890228,0.000000,0.000000,0.000000,0.000000,0.000000,0.000000,0.000000,0.000000,0,0,0,0,0,0.000000,0.000000,0.000000
20260510_200449,2026-05-10 20:07:39,187,0.6808,1,500,105,100,5,0,20,13,83,83,105,1405.733398,-270.360078,3661.732422,2185.818344,0.000000,0.000000,0.000000,0.000000,0.000000,0.000000,0.000000,0.000000,0,0,0,0,0,0.000000,0.000000,0.000000
20260510_200449,2026-05-10 20:07:40,188,0.6846,1,500,105,100,5,0,20,14,135,135,105,2959.118164,-215.762767,4465.994141,2126.948236,0.000000,0.000000,0.000000,0.000000,0.000000,0.000000,0.000000,0.000000,0,0,0,0,0,0.000000,0.000000,0.000000
20260510_200449,2026-05-10 20:07:41,189,0.6659,1,500,105,100,5,0,20,12,113,113,105,1458.872070,-270.640970,3659.359619,2139.161639,0.000000,0.000000,0.000000,0.000000,0.000000,0.000000,0.000000,0.000000,0,0,0,0,0,0.000000,0.000000,0.000000
20260510_200449,2026-05-10 20:07:42,190,0.6741,1,500,105,100,5,0,20,14,88,88,105,1633.393677,-218.222767,3461.315918,2186.052907,0.000000,0.000000,0.000000,0.000000,0.000000,0.000000,0.000000,0.000000,0,0,0,0,0,0.000000,0.000000,0.000000
20260510_200449,2026-05-10 20:07:43,191,0.6999,1,500,105,100,5,0,20,12,132,132,105,2237.696777,-236.854572,4862.293457,2047.272452,0.000000,0.000000,0.000000,0.000000,0.000000,0.000000,0.000000,0.000000,0,0,0,0,0,0.000000,0.000000,0.000000
20260510_200449,2026-05-10 20:07:44,192,0.7036,1,500,105,100,5,0,20,14,74,74,104,1140.660156,-285.164709,3660.050781,2103.599721,0.000000,0.000000,0.000000,0.000000,0.000000,0.000000,0.000000,0.000000,0,0,0,0,0,0.000000,0.000000,0.000000
20260510_200449,2026-05-10 20:07:45,193,0.7033,1,500,105,100,5,0,20,11,144,144,104,1715.761719,-395.827154,3661.228516,2101.593533,0.000000,0.000000,0.000000,0.000000,0.000000,0.000000,0.000000,0.000000,0,0,0,0,0,0.000000,0.000000,0.000000
20260510_200449,2026-05-10 20:07:46,194,0.7131,1,500,105,100,5,0,20,12,143,143,105,1592.944336,-294.084187,4058.588867,2093.049239,0.000000,0.000000,0.000000,0.000000,0.000000,0.000000,0.000000,0.000000,0,0,0,0,0,0.000000,0.000000,0.000000
20260510_200449,2026-05-10 20:07:47,195,0.6846,1,500,105,100,5,0,20,14,154,154,105,1512.565430,-215.462605,3861.609619,2146.838388,0.000000,0.000000,0.000000,0.000000,0.000000,0.000000,0.000000,0.000000,0,0,0,0,0,0.000000,0.000000,0.000000
20260510_200449,2026-05-10 20:07:48,196,0.6915,1,500,105,100,5,0,20,11,194,194,105,2773.441406,-149.099462,3861.582520,2168.461620,0.000000,0.000000,0.000000,0.000000,0.000000,0.000000,0.000000,0.000000,0,0,0,0,0,0.000000,0.000000,0.000000
20260510_200449,2026-05-10 20:07:49,197,0.6960,1,500,105,100,5,0,20,13,102,102,105,2187.526367,-264.015296,3261.375732,2114.583664,0.000000,0.000000,0.000000,0.000000,0.000000,0.000000,0.000000,0.000000,0,0,0,0,0,0.000000,0.000000,0.000000
20260510_200449,2026-05-10 20:07:50,198,0.7928,1,500,105,100,5,0,20,15,107,107,105,1381.566406,-261.065055,3658.876465,2200.570309,0.000000,0.000000,0.000000,0.000000,0.000000,0.000000,0.000000,0.000000,0,0,0,0,0,0.000000,0.000000,0.000000
20260510_200449,2026-05-10 20:07:51,199,0.6887,1,500,105,100,5,0,20,13,85,85,105,1286.062500,-267.664714,4263.790039,2136.549167,0.000000,0.000000,0.000000,0.000000,0.000000,0.000000,0.000000,0.000000,0,0,0,0,0,0.000000,0.000000,0.000000
20260510_200449,2026-05-10 20:07:52,200,0.7454,1,500,105,100,5,0,20,11,97,97,105,1215.965820,-346.001257,3668.229248,2067.181113,0.000000,0.000000,0.000000,0.000000,0.000000,0.000000,0.000000,0.000000,0,0,0,0,0,0.000000,0.000000,0.000000
20260510_200449,2026-05-10 20:07:53,201,0.7348,1,500,105,100,5,0,20,12,96,96,104,1294.514648,-309.763906,4258.292969,2112.879929,0.000000,0.000000,0.000000,0.000000,0.000000,0.000000,0.000000,0.000000,0,0,0,0,0,0.000000,0.000000,0.000000
20260510_200449,2026-05-10 20:07:54,202,0.7004,1,500,105,100,5,0,20,12,81,81,105,1273.844727,-537.823597,4263.786621,2167.624911,0.000000,0.000000,0.000000,0.000000,0.000000,0.000000,0.000000,0.000000,0,0,0,0,0,0.000000,0.000000,0.000000
20260510_200449,2026-05-10 20:07:55,203,0.6960,1,500,105,100,5,0,20,11,110,110,103,1186.155273,-531.583756,3459.673340,2146.658411,0.000000,0.000000,0.000000,0.000000,0.000000,0.000000,0.000000,0.000000,0,0,0,0,0,0.000000,0.000000,0.000000
20260510_200449,2026-05-10 20:07:56,204,0.6820,1,500,105,100,5,0,20,14,115,115,105,2475.248047,-199.490003,3659.272461,2051.648277,0.000000,0.000000,0.000000,0.000000,0.000000,0.000000,0.000000,0.000000,0,0,0,0,0,0.000000,0.000000,0.000000
20260510_200449,2026-05-10 20:07:57,205,0.7023,1,500,105,100,5,0,20,12,143,143,105,1729.372314,-195.020146,4059.699219,2084.088358,0.000000,0.000000,0.000000,0.000000,0.000000,0.000000,0.000000,0.000000,0,0,0,0,0,0.000000,0.000000,0.000000
20260510_200449,2026-05-10 20:07:58,206,0.6981,1,500,105,100,5,0,20,13,111,111,105,1269.358398,-304.141152,3457.221680,2138.857855,0.000000,0.000000,0.000000,0.000000,0.000000,0.000000,0.000000,0.000000,0,0,0,0,0,0.000000,0.000000,0.000000
20260510_200449,2026-05-10 20:07:58,207,0.6820,1,500,105,100,5,0,20,11,87,87,105,1673.110474,-262.123039,3861.909912,2198.299899,0.000000,0.000000,0.000000,0.000000,0.000000,0.000000,0.000000,0.000000,0,0,0,0,0,0.000000,0.000000,0.000000
20260510_200449,2026-05-10 20:07:59,208,0.6740,1,500,105,100,5,0,20,15,85,85,105,1871.953369,-344.183795,3661.855469,2168.296846,0.000000,0.000000,0.000000,0.000000,0.000000,0.000000,0.000000,0.000000,0,0,0,0,0,0.000000,0.000000,0.000000
20260510_200449,2026-05-10 20:08:00,209,0.6944,1,500,105,100,5,0,20,16,98,98,105,1233.604492,-325.373798,3257.550049,2243.452924,0.000000,0.000000,0.000000,0.000000,0.000000,0.000000,0.000000,0.000000,0,0,0,0,0,0.000000,0.000000,0.000000
20260510_200449,2026-05-10 20:08:01,210,0.6848,1,500,105,100,5,0,20,15,111,111,105,1382.092529,-245.764228,3456.652832,2156.904666,0.000000,0.000000,0.000000,0.000000,0.000000,0.000000,0.000000,0.000000,0,0,0,0,0,0.000000,0.000000,0.000000
20260510_200449,2026-05-10 20:08:02,211,0.6965,1,500,105,100,5,0,20,13,164,164,105,2918.820557,-140.945562,3660.958740,2150.747633,0.000000,0.000000,0.000000,0.000000,0.000000,0.000000,0.000000,0.000000,0,0,0,0,0,0.000000,0.000000,0.000000
20260510_200449,2026-05-10 20:08:03,212,0.6920,1,500,105,100,5,0,20,13,111,111,104,1976.867188,-237.101356,3261.900635,2129.118723,0.000000,0.000000,0.000000,0.000000,0.000000,0.000000,0.000000,0.000000,0,0,0,0,0,0.000000,0.000000,0.000000
20260510_200449,2026-05-10 20:08:04,213,0.6579,1,500,105,100,5,0,20,12,165,165,105,1543.452271,-189.715578,3459.534424,2096.629114,0.000000,0.000000,0.000000,0.000000,0.000000,0.000000,0.000000,0.000000,0,0,0,0,0,0.000000,0.000000,0.000000
20260510_200449,2026-05-10 20:08:05,214,0.6585,1,500,105,100,5,0,20,12,145,145,105,1671.546631,-184.999438,3868.223145,2109.315984,0.000000,0.000000,0.000000,0.000000,0.000000,0.000000,0.000000,0.000000,0,0,0,0,0,0.000000,0.000000,0.000000
20260510_200449,2026-05-10 20:08:06,215,0.6833,1,500,105,100,5,0,20,15,124,124,105,1243.335938,-232.221981,3459.637451,2164.199429,0.000000,0.000000,0.000000,0.000000,0.000000,0.000000,0.000000,0.000000,0,0,0,0,0,0.000000,0.000000,0.000000
20260510_200449,2026-05-10 20:08:07,216,0.6613,1,500,105,100,5,0,20,14,109,109,105,1302.225586,-271.183693,4272.759766,2153.522006,0.000000,0.000000,0.000000,0.000000,0.000000,0.000000,0.000000,0.000000,0,0,0,0,0,0.000000,0.000000,0.000000
20260510_200449,2026-05-10 20:08:08,217,0.7115,1,500,105,100,5,0,20,13,142,142,105,1822.322266,-282.317645,4658.617676,2148.857465,0.000000,0.000000,0.000000,0.000000,0.000000,0.000000,0.000000,0.000000,0,0,0,0,0,0.000000,0.000000,0.000000
20260510_200449,2026-05-10 20:08:09,218,0.6913,1,500,105,100,5,0,20,14,110,110,105,1269.356445,-635.916303,3859.829346,2089.364618,0.000000,0.000000,0.000000,0.000000,0.000000,0.000000,0.000000,0.000000,0,0,0,0,0,0.000000,0.000000,0.000000
20260510_200449,2026-05-10 20:08:10,219,0.7183,1,500,105,100,5,0,20,15,143,143,105,1737.196655,-519.792716,3857.748047,2165.709122,0.000000,0.000000,0.000000,0.000000,0.000000,0.000000,0.000000,0.000000,0,0,0,0,0,0.000000,0.000000,0.000000
20260510_200449,2026-05-10 20:08:11,220,0.7154,1,500,105,100,5,0,20,12,149,149,105,2710.799072,-233.501066,4062.467773,2165.605333,0.000000,0.000000,0.000000,0.000000,0.000000,0.000000,0.000000,0.000000,0,0,0,0,0,0.000000,0.000000,0.000000
20260510_200449,2026-05-10 20:08:12,221,0.7154,1,500,105,100,5,0,20,14,183,183,105,1386.530273,-181.607850,3458.714844,2180.104126,0.000000,0.000000,0.000000,0.000000,0.000000,0.000000,0.000000,0.000000,0,0,0,0,0,0.000000,0.000000,0.000000
20260510_200449,2026-05-10 20:08:13,222,0.7204,1,500,105,100,5,0,20,13,168,168,105,2729.572266,-300.868049,3259.978516,2227.487872,0.000000,0.000000,0.000000,0.000000,0.000000,0.000000,0.000000,0.000000,0,0,0,0,0,0.000000,0.000000,0.000000
20260510_200449,2026-05-10 20:08:14,223,0.7142,1,500,105,100,5,0,20,14,132,132,105,1669.164062,-319.673225,3861.494629,2175.026212,0.000000,0.000000,0.000000,0.000000,0.000000,0.000000,0.000000,0.000000,0,0,0,0,0,0.000000,0.000000,0.000000
20260510_200449,2026-05-10 20:08:15,224,0.7119,1,500,105,100,5,0,20,16,153,153,105,1360.549561,-256.354332,3056.801758,2273.406290,0.000000,0.000000,0.000000,0.000000,0.000000,0.000000,0.000000,0.000000,0,0,0,0,0,0.000000,0.000000,0.000000
20260510_200449,2026-05-10 20:08:16,225,0.6902,1,500,105,100,5,0,20,14,170,170,104,2028.036743,-195.315690,3459.805420,2220.692929,0.000000,0.000000,0.000000,0.000000,0.000000,0.000000,0.000000,0.000000,0,0,0,0,0,0.000000,0.000000,0.000000
20260510_200449,2026-05-10 20:08:17,226,0.6812,1,500,105,100,5,0,20,13,224,224,105,1957.801147,-156.380489,3463.074219,2095.160800,0.000000,0.000000,0.000000,0.000000,0.000000,0.000000,0.000000,0.000000,0,0,0,0,0,0.000000,0.000000,0.000000
20260510_200449,2026-05-10 20:08:18,227,0.6874,1,500,105,100,5,0,20,14,165,165,104,2389.283203,-169.280908,4058.699219,2203.419908,0.000000,0.000000,0.000000,0.000000,0.000000,0.000000,0.000000,0.000000,0,0,0,0,0,0.000000,0.000000,0.000000
20260510_200449,2026-05-10 20:08:19,228,0.6549,1,500,105,100,5,0,20,14,204,204,105,2189.469971,-241.582319,3658.128662,2215.208350,0.000000,0.000000,0.000000,0.000000,0.000000,0.000000,0.000000,0.000000,0,0,0,0,0,0.000000,0.000000,0.000000
20260510_200449,2026-05-10 20:08:20,229,0.6672,1,500,105,100,5,0,20,12,204,204,105,2850.041260,-282.580971,3265.038818,2135.493866,0.000000,0.000000,0.000000,0.000000,0.000000,0.000000,0.000000,0.000000,0,0,0,0,0,0.000000,0.000000,0.000000
20260510_200449,2026-05-10 20:08:21,230,0.6604,1,500,105,100,5,0,20,12,288,288,105,2029.337646,-53.728172,4263.400879,2135.423853,0.000000,0.000000,0.000000,0.000000,0.000000,0.000000,0.000000,0.000000,0,0,0,0,0,0.000000,0.000000,0.000000
20260510_200449,2026-05-10 20:08:22,231,0.6590,1,500,105,100,5,0,20,14,177,177,105,1488.687256,-275.652455,3460.845947,2136.056786,0.000000,0.000000,0.000000,0.000000,0.000000,0.000000,0.000000,0.000000,0,0,0,0,0,0.000000,0.000000,0.000000
20260510_200449,2026-05-10 20:08:23,232,0.6830,1,500,105,100,5,0,20,13,204,204,105,1719.510010,-162.370442,3860.124512,2183.318369,0.000000,0.000000,0.000000,0.000000,0.000000,0.000000,0.000000,0.000000,0,0,0,0,0,0.000000,0.000000,0.000000
20260510_200449,2026-05-10 20:08:24,233,0.6942,1,500,105,100,5,0,20,14,216,216,105,1269.266602,-121.706976,3457.839600,2173.398666,0.000000,0.000000,0.000000,0.000000,0.000000,0.000000,0.000000,0.000000,0,0,0,0,0,0.000000,0.000000,0.000000
20260510_200449,2026-05-10 20:08:25,234,0.6998,1,500,105,100,5,0,20,15,265,265,105,2326.089844,-128.259521,3461.138428,2180.350003,0.000000,0.000000,0.000000,0.000000,0.000000,0.000000,0.000000,0.000000,0,0,0,0,0,0.000000,0.000000,0.000000
20260510_200449,2026-05-10 20:08:26,235,0.7065,1,500,105,100,5,0,20,16,229,229,105,1838.505981,-142.240801,2861.234863,2171.753546,0.000000,0.000000,0.000000,0.000000,0.000000,0.000000,0.000000,0.000000,0,0,0,0,0,0.000000,0.000000,0.000000
20260510_200449,2026-05-10 20:08:27,236,0.7051,1,500,105,100,5,0,20,13,258,258,104,1577.054688,-189.259338,3259.017822,2186.074240,0.000000,0.000000,0.000000,0.000000,0.000000,0.000000,0.000000,0.000000,0,0,0,0,0,0.000000,0.000000,0.000000
20260510_200449,2026-05-10 20:08:28,237,0.7045,1,500,105,100,5,0,20,13,261,261,105,2092.869141,-102.088035,3660.255859,2138.941212,0.000000,0.000000,0.000000,0.000000,0.000000,0.000000,0.000000,0.000000,0,0,0,0,0,0.000000,0.000000,0.000000
20260510_200449,2026-05-10 20:08:29,238,0.7042,1,500,105,100,5,0,20,11,237,237,105,1679.474121,-233.226998,4464.283203,2135.151178,0.000000,0.000000,0.000000,0.000000,0.000000,0.000000,0.000000,0.000000,0,0,0,0,0,0.000000,0.000000,0.000000
20260510_200449,2026-05-10 20:08:30,239,0.7116,1,500,105,100,5,0,20,12,273,273,105,2880.957520,-186.533578,3659.822021,2128.722900,0.000000,0.000000,0.000000,0.000000,0.000000,0.000000,0.000000,0.000000,0,0,0,0,0,0.000000,0.000000,0.000000
20260510_200449,2026-05-10 20:08:31,240,0.7111,1,500,105,100,5,0,20,11,218,218,105,2036.905273,-198.333937,4257.951172,2106.344110,0.000000,0.000000,0.000000,0.000000,0.000000,0.000000,0.000000,0.000000,0,0,0,0,0,0.000000,0.000000,0.000000
20260510_200449,2026-05-10 20:08:32,241,0.7188,1,500,105,100,5,0,20,12,218,218,105,1518.807861,-148.737042,3459.804199,2177.210956,0.000000,0.000000,0.000000,0.000000,0.000000,0.000000,0.000000,0.000000,0,0,0,0,0,0.000000,0.000000,0.000000
20260510_200449,2026-05-10 20:08:33,242,0.7249,1,500,105,100,5,0,20,13,198,198,104,1800.085938,-260.685566,3666.882324,2152.823734,0.000000,0.000000,0.000000,0.000000,0.000000,0.000000,0.000000,0.000000,0,0,0,0,0,0.000000,0.000000,0.000000
20260510_200449,2026-05-10 20:08:34,243,0.7295,1,500,105,100,5,0,20,13,214,214,105,2318.943359,-158.753262,3658.601562,2173.019662,0.000000,0.000000,0.000000,0.000000,0.000000,0.000000,0.000000,0.000000,0,0,0,0,0,0.000000,0.000000,0.000000
20260510_200449,2026-05-10 20:08:35,244,0.7059,1,500,105,100,5,0,20,15,172,172,105,1485.762695,-296.268794,3460.195312,2198.246585,0.000000,0.000000,0.000000,0.000000,0.000000,0.000000,0.000000,0.000000,0,0,0,0,0,0.000000,0.000000,0.000000
20260510_200449,2026-05-10 20:08:36,245,0.7053,1,500,105,100,5,0,20,13,166,166,105,2554.633301,-118.370017,3864.647949,2140.283920,0.000000,0.000000,0.000000,0.000000,0.000000,0.000000,0.000000,0.000000,0,0,0,0,0,0.000000,0.000000,0.000000
20260510_200449,2026-05-10 20:08:37,246,0.6968,1,500,105,100,5,0,20,12,128,128,105,1431.352539,-223.372703,3659.074707,2113.942404,0.000000,0.000000,0.000000,0.000000,0.000000,0.000000,0.000000,0.000000,0,0,0,0,0,0.000000,0.000000,0.000000
20260510_200449,2026-05-10 20:08:38,247,0.7145,1,500,105,100,5,0,20,12,172,172,105,1595.148560,-188.459497,3860.674316,2104.094081,0.000000,0.000000,0.000000,0.000000,0.000000,0.000000,0.000000,0.000000,0,0,0,0,0,0.000000,0.000000,0.000000
20260510_200449,2026-05-10 20:08:39,248,0.7281,1,500,105,100,5,0,20,15,225,225,105,1728.003906,-192.864671,3664.394287,2267.456982,0.000000,0.000000,0.000000,0.000000,0.000000,0.000000,0.000000,0.000000,0,0,0,0,0,0.000000,0.000000,0.000000
20260510_200449,2026-05-10 20:08:40,249,0.7208,1,500,105,100,5,0,20,13,188,188,105,1909.989624,-140.182595,3463.041504,2120.228413,0.000000,0.000000,0.000000,0.000000,0.000000,0.000000,0.000000,0.000000,0,0,0,0,0,0.000000,0.000000,0.000000
20260510_200449,2026-05-10 20:08:41,250,0.7168,1,500,105,100,5,0,20,12,183,183,105,1634.951416,-345.550389,3457.886963,2166.300543,0.000000,0.000000,0.000000,0.000000,0.000000,0.000000,0.000000,0.000000,0,0,0,0,0,0.000000,0.000000,0.000000
20260510_200449,2026-05-10 20:08:42,251,0.7294,1,500,105,100,5,0,20,12,227,227,105,2426.773682,-127.548546,3664.254395,2199.137540,0.000000,0.000000,0.000000,0.000000,0.000000,0.000000,0.000000,0.000000,0,0,0,0,0,0.000000,0.000000,0.000000
20260510_200449,2026-05-10 20:08:43,252,0.7333,1,500,105,100,5,0,20,17,214,214,105,2484.001221,-283.116084,3058.738525,2245.679614,0.000000,0.000000,0.000000,0.000000,0.000000,0.000000,0.000000,0.000000,0,0,0,0,0,0.000000,0.000000,0.000000
20260510_200449,2026-05-10 20:08:44,253,0.7181,1,500,105,100,5,0,20,15,168,168,105,1406.926758,-168.985266,3261.342285,2205.833939,0.000000,0.000000,0.000000,0.000000,0.000000,0.000000,0.000000,0.000000,0,0,0,0,0,0.000000,0.000000,0.000000
20260510_200449,2026-05-10 20:08:45,254,0.6911,1,500,105,100,5,0,20,13,182,182,105,2391.591064,-170.956764,3659.364258,2155.911194,0.000000,0.000000,0.000000,0.000000,0.000000,0.000000,0.000000,0.000000,0,0,0,0,0,0.000000,0.000000,0.000000
20260510_200449,2026-05-10 20:08:46,255,0.7010,1,500,105,100,5,0,20,12,143,143,105,1300.509399,-301.104483,3662.479004,2201.418965,0.000000,0.000000,0.000000,0.000000,0.000000,0.000000,0.000000,0.000000,0,0,0,0,0,0.000000,0.000000,0.000000
20260510_200449,2026-05-10 20:08:48,256,0.7252,1,500,105,100,5,0,20,11,132,132,105,1835.353516,-225.232018,3857.661865,2166.805411,0.000000,0.000000,0.000000,0.000000,0.000000,0.000000,0.000000,0.000000,0,0,0,0,0,0.000000,0.000000,0.000000
20260510_200449,2026-05-10 20:08:49,257,0.7364,1,500,105,100,5,0,20,13,258,258,105,1885.683228,-102.654919,3661.623779,2201.809808,0.000000,0.000000,0.000000,0.000000,0.000000,0.000000,0.000000,0.000000,0,0,0,0,0,0.000000,0.000000,0.000000
20260510_200449,2026-05-10 20:08:50,258,0.7037,1,500,105,100,5,0,20,16,275,275,105,2595.199707,-99.698918,3860.343506,2278.309998,0.000000,0.000000,0.000000,0.000000,0.000000,0.000000,0.000000,0.000000,0,0,0,0,0,0.000000,0.000000,0.000000
20260510_200449,2026-05-10 20:08:51,259,0.7077,1,500,105,100,5,0,20,14,221,221,105,1443.414551,-314.797257,3858.499023,2114.856890,0.000000,0.000000,0.000000,0.000000,0.000000,0.000000,0.000000,0.000000,0,0,0,0,0,0.000000,0.000000,0.000000
20260510_200449,2026-05-10 20:08:52,260,0.7215,1,500,105,100,5,0,20,14,285,285,105,3190.495605,-144.424873,3660.738770,2150.317572,0.000000,0.000000,0.000000,0.000000,0.000000,0.000000,0.000000,0.000000,0,0,0,0,0,0.000000,0.000000,0.000000
20260510_200449,2026-05-10 20:08:53,261,0.7108,1,500,105,100,5,0,20,15,332,332,105,1788.180054,-54.663804,4059.078369,2194.692909,0.000000,0.000000,0.000000,0.000000,0.000000,0.000000,0.000000,0.000000,0,0,0,0,0,0.000000,0.000000,0.000000
20260510_200449,2026-05-10 20:08:54,262,0.7053,1,500,105,100,5,0,20,14,273,273,105,1636.297119,-71.960322,3458.937256,2218.158392,0.000000,0.000000,0.000000,0.000000,0.000000,0.000000,0.000000,0.000000,0,0,0,0,0,0.000000,0.000000,0.000000
20260510_200449,2026-05-10 20:08:55,263,0.7796,1,500,105,100,5,0,20,16,217,217,105,1753.094727,-231.614587,3656.000488,2243.695081,0.000000,0.000000,0.000000,0.000000,0.000000,0.000000,0.000000,0.000000,0,0,0,0,0,0.000000,0.000000,0.000000
20260510_200449,2026-05-10 20:08:56,264,0.7077,1,500,105,100,5,0,20,15,249,249,105,1555.459839,-115.992649,4063.353271,2135.116220,0.000000,0.000000,0.000000,0.000000,0.000000,0.000000,0.000000,0.000000,0,0,0,0,0,0.000000,0.000000,0.000000
20260510_200449,2026-05-10 20:08:57,265,0.7131,1,500,105,100,5,0,20,14,277,277,105,1905.895630,-189.760818,3864.031250,2028.557394,0.000000,0.000000,0.000000,0.000000,0.000000,0.000000,0.000000,0.000000,0,0,0,0,0,0.000000,0.000000,0.000000
20260510_200449,2026-05-10 20:08:58,266,0.7103,1,500,105,100,5,0,20,10,254,254,105,1963.648438,-108.016538,4063.013672,2108.753683,0.000000,0.000000,0.000000,0.000000,0.000000,0.000000,0.000000,0.000000,0,0,0,0,0,0.000000,0.000000,0.000000
20260510_200449,2026-05-10 20:08:59,267,0.7148,1,500,105,100,5,0,20,12,231,231,104,2007.125977,-98.330701,3864.001953,2045.840092,0.000000,0.000000,0.000000,0.000000,0.000000,0.000000,0.000000,0.000000,0,0,0,0,0,0.000000,0.000000,0.000000
20260510_200449,2026-05-10 20:09:00,268,0.7063,1,500,105,100,5,0,20,16,212,212,105,1653.544922,-140.135757,3258.400146,2204.244879,0.000000,0.000000,0.000000,0.000000,0.000000,0.000000,0.000000,0.000000,0,0,0,0,0,0.000000,0.000000,0.000000
20260510_200449,2026-05-10 20:09:01,269,0.7653,1,500,105,100,5,0,20,11,179,179,105,1831.230469,-183.539019,3659.563721,2162.344626,0.000000,0.000000,0.000000,0.000000,0.000000,0.000000,0.000000,0.000000,0,0,0,0,0,0.000000,0.000000,0.000000
20260510_200449,2026-05-10 20:09:02,270,0.6790,1,500,105,100,5,0,20,14,240,240,105,3939.443359,-106.997340,3656.513916,2091.869695,0.000000,0.000000,0.000000,0.000000,0.000000,0.000000,0.000000,0.000000,0,0,0,0,0,0.000000,0.000000,0.000000
20260510_200449,2026-05-10 20:09:03,271,0.6841,1,500,105,100,5,0,20,15,205,205,105,1841.924927,-256.262985,3455.973145,2140.152095,0.000000,0.000000,0.000000,0.000000,0.000000,0.000000,0.000000,0.000000,0,0,0,0,0,0.000000,0.000000,0.000000
20260510_200449,2026-05-10 20:09:04,272,0.7106,1,500,105,100,5,0,20,12,256,256,105,3126.421387,-69.350883,3460.881836,2170.133868,0.000000,0.000000,0.000000,0.000000,0.000000,0.000000,0.000000,0.000000,0,0,0,0,0,0.000000,0.000000,0.000000
20260510_200449,2026-05-10 20:09:05,273,0.7373,1,500,105,100,5,0,20,12,269,269,105,2274.454590,-88.661070,3660.329346,2214.640601,0.000000,0.000000,0.000000,0.000000,0.000000,0.000000,0.000000,0.000000,0,0,0,0,0,0.000000,0.000000,0.000000
20260510_200449,2026-05-10 20:09:07,274,0.7132,1,500,105,100,5,0,20,13,301,301,105,2380.137695,-69.969422,3864.439453,2169.756223,0.000000,0.000000,0.000000,0.000000,0.000000,0.000000,0.000000,0.000000,0,0,0,0,0,0.000000,0.000000,0.000000
20260510_200449,2026-05-10 20:09:08,275,0.7094,1,500,105,100,5,0,20,16,204,204,105,1409.404175,-276.308994,3256.399658,2242.010037,0.000000,0.000000,0.000000,0.000000,0.000000,0.000000,0.000000,0.000000,0,0,0,0,0,0.000000,0.000000,0.000000
20260510_200449,2026-05-10 20:09:09,276,0.6994,1,500,105,100,5,0,20,14,199,199,105,2212.408691,-363.482613,3256.559814,2180.333054,0.000000,0.000000,0.000000,0.000000,0.000000,0.000000,0.000000,0.000000,0,0,0,0,0,0.000000,0.000000,0.000000
20260510_200449,2026-05-10 20:09:10,277,0.7049,1,500,105,100,5,0,20,16,274,274,105,2495.009521,-116.705211,3462.519287,2243.261108,0.000000,0.000000,0.000000,0.000000,0.000000,0.000000,0.000000,0.000000,0,0,0,0,0,0.000000,0.000000,0.000000
20260510_200449,2026-05-10 20:09:11,278,0.7326,1,500,105,100,5,0,20,14,272,272,105,2464.529053,-204.908732,3659.421387,2230.929599,0.000000,0.000000,0.000000,0.000000,0.000000,0.000000,0.000000,0.000000,0,0,0,0,0,0.000000,0.000000,0.000000
20260510_200449,2026-05-10 20:09:12,279,0.7180,1,500,105,100,5,0,20,13,198,198,105,1974.916260,-349.532708,3456.311035,2149.412567,0.000000,0.000000,0.000000,0.000000,0.000000,0.000000,0.000000,0.000000,0,0,0,0,0,0.000000,0.000000,0.000000
20260510_200449,2026-05-10 20:09:13,280,0.6728,1,500,105,100,5,0,20,15,256,256,105,2645.419434,-102.312260,3663.936523,2249.037798,0.000000,0.000000,0.000000,0.000000,0.000000,0.000000,0.000000,0.000000,0,0,0,0,0,0.000000,0.000000,0.000000
20260510_200449,2026-05-10 20:09:14,281,0.6587,1,500,105,100,5,0,20,15,190,190,105,1329.799194,-183.276494,3456.141602,2182.942133,0.000000,0.000000,0.000000,0.000000,0.000000,0.000000,0.000000,0.000000,0,0,0,0,0,0.000000,0.000000,0.000000
20260510_200449,2026-05-10 20:09:15,282,0.6634,1,500,105,100,5,0,20,14,228,228,105,2684.888428,-151.705455,3459.377686,2230.592920,0.000000,0.000000,0.000000,0.000000,0.000000,0.000000,0.000000,0.000000,0,0,0,0,0,0.000000,0.000000,0.000000
20260510_200449,2026-05-10 20:09:16,283,0.6717,1,500,105,100,5,0,20,14,188,188,105,1386.176758,-356.320051,3059.283691,2246.537585,0.000000,0.000000,0.000000,0.000000,0.000000,0.000000,0.000000,0.000000,0,0,0,0,0,0.000000,0.000000,0.000000
20260510_200449,2026-05-10 20:09:17,284,0.6714,1,500,105,100,5,0,20,16,279,279,105,2349.035156,-60.577803,3260.283936,2199.306900,0.000000,0.000000,0.000000,0.000000,0.000000,0.000000,0.000000,0.000000,0,0,0,0,0,0.000000,0.000000,0.000000
20260510_200449,2026-05-10 20:09:18,285,0.7259,1,500,105,100,5,0,20,15,224,224,105,2961.149902,-95.900873,3460.399902,2181.537961,0.000000,0.000000,0.000000,0.000000,0.000000,0.000000,0.000000,0.000000,0,0,0,0,0,0.000000,0.000000,0.000000
20260510_200449,2026-05-10 20:09:19,286,0.6948,1,500,105,100,5,0,20,14,206,206,105,2304.171143,-138.868028,3257.148438,2243.545773,0.000000,0.000000,0.000000,0.000000,0.000000,0.000000,0.000000,0.000000,0,0,0,0,0,0.000000,0.000000,0.000000
20260510_200449,2026-05-10 20:09:20,287,0.7056,1,500,105,100,5,0,20,17,157,157,105,1597.143921,-271.110836,3256.857666,2259.956357,0.000000,0.000000,0.000000,0.000000,0.000000,0.000000,0.000000,0.000000,0,0,0,0,0,0.000000,0.000000,0.000000
20260510_200449,2026-05-10 20:09:21,288,0.6992,1,500,105,100,5,0,20,15,192,192,105,1485.193359,-194.335875,3456.661377,2228.025867,0.000000,0.000000,0.000000,0.000000,0.000000,0.000000,0.000000,0.000000,0,0,0,0,0,0.000000,0.000000,0.000000
20260510_200449,2026-05-10 20:09:23,289,0.6978,1,500,105,100,5,0,20,13,200,200,105,2280.070312,-290.461357,3660.868652,2191.316272,0.000000,0.000000,0.000000,0.000000,0.000000,0.000000,0.000000,0.000000,0,0,0,0,0,0.000000,0.000000,0.000000
20260510_200449,2026-05-10 20:09:24,290,0.6981,1,500,105,100,5,0,20,12,220,220,105,3468.490967,-177.977931,3461.167969,2209.874548,0.000000,0.000000,0.000000,0.000000,0.000000,0.000000,0.000000,0.000000,0,0,0,0,0,0.000000,0.000000,0.000000
20260510_200449,2026-05-10 20:09:25,291,0.6899,1,500,105,100,5,0,20,14,133,133,105,1532.004883,-307.892796,3062.062744,2124.044186,0.000000,0.000000,0.000000,0.000000,0.000000,0.000000,0.000000,0.000000,0,0,0,0,0,0.000000,0.000000,0.000000
20260510_200449,2026-05-10 20:09:26,292,0.6628,1,500,105,100,5,0,20,12,199,199,105,1367.659912,-228.261433,3459.293213,2161.273108,0.000000,0.000000,0.000000,0.000000,0.000000,0.000000,0.000000,0.000000,0,0,0,0,0,0.000000,0.000000,0.000000
20260510_200449,2026-05-10 20:09:27,293,0.6658,1,500,105,100,5,0,20,13,225,225,105,1454.759766,-148.675907,3457.822998,2165.135161,0.000000,0.000000,0.000000,0.000000,0.000000,0.000000,0.000000,0.000000,0,0,0,0,0,0.000000,0.000000,0.000000
20260510_200449,2026-05-10 20:09:28,294,0.6793,1,500,105,100,5,0,20,15,204,204,105,3056.233887,-343.984616,3258.825439,2191.736542,0.000000,0.000000,0.000000,0.000000,0.000000,0.000000,0.000000,0.000000,0,0,0,0,0,0.000000,0.000000,0.000000
20260510_200449,2026-05-10 20:09:29,295,0.6906,1,500,105,100,5,0,20,13,132,132,105,1706.857056,-250.515555,4061.925537,2113.584229,0.000000,0.000000,0.000000,0.000000,0.000000,0.000000,0.000000,0.000000,0,0,0,0,0,0.000000,0.000000,0.000000
20260510_200449,2026-05-10 20:09:30,296,0.7301,1,500,105,100,5,0,20,14,152,152,105,1963.492188,-299.979027,3257.478760,2190.890121,0.000000,0.000000,0.000000,0.000000,0.000000,0.000000,0.000000,0.000000,0,0,0,0,0,0.000000,0.000000,0.000000
20260510_200449,2026-05-10 20:09:31,297,0.7095,1,500,105,100,5,0,20,17,144,144,105,1819.202148,-302.809102,3458.295898,2227.779004,0.000000,0.000000,0.000000,0.000000,0.000000,0.000000,0.000000,0.000000,0,0,0,0,0,0.000000,0.000000,0.000000
20260510_200449,2026-05-10 20:09:32,298,0.6939,1,500,105,100,5,0,20,14,161,161,105,1707.697021,-174.615212,3259.565918,2207.758339,0.000000,0.000000,0.000000,0.000000,0.000000,0.000000,0.000000,0.000000,0,0,0,0,0,0.000000,0.000000,0.000000
20260510_200449,2026-05-10 20:09:33,299,0.6852,1,500,105,100,5,0,20,13,149,149,105,1205.279297,-255.410733,3459.714355,2199.935069,0.000000,0.000000,0.000000,0.000000,0.000000,0.000000,0.000000,0.000000,0,0,0,0,0,0.000000,0.000000,0.000000
20260510_200449,2026-05-10 20:09:34,300,0.6848,1,500,105,100,5,0,20,13,161,161,105,2733.917480,-188.776029,3256.862549,2166.006697,0.000000,0.000000,0.000000,0.000000,0.000000,0.000000,0.000000,0.000000,0,0,0,0,0,0.000000,0.000000,0.000000
20260510_200449,2026-05-10 20:09:35,301,0.6627,1,500,105,100,5,0,20,14,160,160,105,1940.870361,-267.105635,4262.982910,2126.352148,0.000000,0.000000,0.000000,0.000000,0.000000,0.000000,0.000000,0.000000,0,0,0,0,0,0.000000,0.000000,0.000000
20260510_200449,2026-05-10 20:09:36,302,0.6604,1,500,105,100,5,0,20,10,196,196,105,2106.067871,-193.155478,3464.649658,2180.651227,0.000000,0.000000,0.000000,0.000000,0.000000,0.000000,0.000000,0.000000,0,0,0,0,0,0.000000,0.000000,0.000000
20260510_200449,2026-05-10 20:09:37,303,0.6662,1,500,105,100,5,0,20,14,142,142,105,1770.421021,-327.268381,3657.263184,2197.389458,0.000000,0.000000,0.000000,0.000000,0.000000,0.000000,0.000000,0.000000,0,0,0,0,0,0.000000,0.000000,0.000000
20260510_200449,2026-05-10 20:09:39,304,0.7029,1,500,105,100,5,0,20,15,164,164,105,2420.885498,-81.721687,3657.468994,2219.028052,0.000000,0.000000,0.000000,0.000000,0.000000,0.000000,0.000000,0.000000,0,0,0,0,0,0.000000,0.000000,0.000000
20260510_200449,2026-05-10 20:09:40,305,0.7029,1,500,105,100,5,0,20,15,133,133,105,2496.795898,-215.666823,3464.936523,2196.557404,0.000000,0.000000,0.000000,0.000000,0.000000,0.000000,0.000000,0.000000,0,0,0,0,0,0.000000,0.000000,0.000000
20260510_200449,2026-05-10 20:09:41,306,0.6901,1,500,105,100,5,0,20,13,114,114,105,1868.757690,-338.035102,3461.957031,2124.960456,0.000000,0.000000,0.000000,0.000000,0.000000,0.000000,0.000000,0.000000,0,0,0,0,0,0.000000,0.000000,0.000000
20260510_200449,2026-05-10 20:09:42,307,0.6974,1,500,105,100,5,0,20,13,153,153,105,1600.899414,-267.871015,3260.464600,2140.380670,0.000000,0.000000,0.000000,0.000000,0.000000,0.000000,0.000000,0.000000,0,0,0,0,0,0.000000,0.000000,0.000000
20260510_200449,2026-05-10 20:09:43,308,0.6983,1,500,105,100,5,0,20,15,162,162,105,1732.306885,-248.791438,3458.652588,2096.022498,0.000000,0.000000,0.000000,0.000000,0.000000,0.000000,0.000000,0.000000,0,0,0,0,0,0.000000,0.000000,0.000000
20260510_200449,2026-05-10 20:09:44,309,0.6661,1,500,105,100,5,0,20,12,116,116,105,1831.622070,-186.161818,3657.506104,2099.052722,0.000000,0.000000,0.000000,0.000000,0.000000,0.000000,0.000000,0.000000,0,0,0,0,0,0.000000,0.000000,0.000000
20260510_200449,2026-05-10 20:09:45,310,0.7078,1,500,105,100,5,0,20,10,132,132,105,1490.144531,-274.392263,4665.890625,2013.791461,0.000000,0.000000,0.000000,0.000000,0.000000,0.000000,0.000000,0.000000,0,0,0,0,0,0.000000,0.000000,0.000000
20260510_200449,2026-05-10 20:09:46,311,0.7028,1,500,105,100,5,0,20,11,153,153,105,2891.887451,-171.666376,3864.221191,2037.832453,0.000000,0.000000,0.000000,0.000000,0.000000,0.000000,0.000000,0.000000,0,0,0,0,0,0.000000,0.000000,0.000000
20260510_200449,2026-05-10 20:09:48,312,0.6994,1,500,105,100,5,0,20,11,104,104,105,1404.179688,-230.247217,4262.931641,2010.562087,0.000000,0.000000,0.000000,0.000000,0.000000,0.000000,0.000000,0.000000,0,0,0,0,0,0.000000,0.000000,0.000000
20260510_200449,2026-05-10 20:09:49,313,0.7029,1,500,105,100,5,0,20,12,69,69,105,1430.103516,-221.497980,4464.209473,2070.547237,0.000000,0.000000,0.000000,0.000000,0.000000,0.000000,0.000000,0.000000,0,0,0,0,0,0.000000,0.000000,0.000000
20260510_200449,2026-05-10 20:09:50,314,0.7047,1,500,105,100,5,0,20,15,81,81,105,1453.434570,-339.928199,3465.535156,2108.592543,0.000000,0.000000,0.000000,0.000000,0.000000,0.000000,0.000000,0.000000,0,0,0,0,0,0.000000,0.000000,0.000000
20260510_200449,2026-05-10 20:09:51,315,0.7182,1,500,105,100,5,0,20,11,97,97,105,1613.011719,-206.842784,3661.330078,2148.669798,0.000000,0.000000,0.000000,0.000000,0.000000,0.000000,0.000000,0.000000,0,0,0,0,0,0.000000,0.000000,0.000000
20260510_200449,2026-05-10 20:09:52,316,0.7302,1,500,105,100,5,0,20,14,83,83,105,1450.118164,-229.324585,3459.901611,2180.318205,0.000000,0.000000,0.000000,0.000000,0.000000,0.000000,0.000000,0.000000,0,0,0,0,0,0.000000,0.000000,0.000000
20260510_200449,2026-05-10 20:09:53,317,0.7152,1,500,105,100,5,0,20,15,89,89,105,2308.084473,-412.087499,3457.073975,2145.293608,0.000000,0.000000,0.000000,0.000000,0.000000,0.000000,0.000000,0.000000,0,0,0,0,0,0.000000,0.000000,0.000000
20260510_200449,2026-05-10 20:09:55,318,0.7143,1,500,105,100,5,0,20,13,139,139,105,2151.854004,-139.381899,3860.609375,2110.301123,0.000000,0.000000,0.000000,0.000000,0.000000,0.000000,0.000000,0.000000,0,0,0,0,0,0.000000,0.000000,0.000000
20260510_200449,2026-05-10 20:09:56,319,0.7400,1,500,105,100,5,0,20,14,118,118,105,1928.865234,-161.019361,3258.592041,2161.562482,0.000000,0.000000,0.000000,0.000000,0.000000,0.000000,0.000000,0.000000,0,0,0,0,0,0.000000,0.000000,0.000000
20260510_200449,2026-05-10 20:09:57,320,0.7436,1,500,105,100,5,0,20,13,97,97,105,1375.868164,-456.990564,3457.761230,2193.508823,0.000000,0.000000,0.000000,0.000000,0.000000,0.000000,0.000000,0.000000,0,0,0,0,0,0.000000,0.000000,0.000000
20260510_200449,2026-05-10 20:09:58,321,0.7220,1,500,105,100,5,0,20,13,120,120,105,1526.033203,-225.569376,4458.915039,2105.664568,0.000000,0.000000,0.000000,0.000000,0.000000,0.000000,0.000000,0.000000,0,0,0,0,0,0.000000,0.000000,0.000000
20260510_200449,2026-05-10 20:09:59,322,0.7202,1,500,105,100,5,0,20,12,136,136,105,2126.900146,-146.870575,3662.882568,2043.226465,0.000000,0.000000,0.000000,0.000000,0.000000,0.000000,0.000000,0.000000,0,0,0,0,0,0.000000,0.000000,0.000000
20260510_200449,2026-05-10 20:10:01,323,0.7288,1,500,105,100,5,0,20,14,110,110,105,1891.534180,-251.623630,3859.592041,2152.298578,0.000000,0.000000,0.000000,0.000000,0.000000,0.000000,0.000000,0.000000,0,0,0,0,0,0.000000,0.000000,0.000000
20260510_200449,2026-05-10 20:10:02,324,0.6859,1,500,105,100,5,0,20,12,77,77,105,1131.470703,-368.359715,3456.210693,2125.414597,0.000000,0.000000,0.000000,0.000000,0.000000,0.000000,0.000000,0.000000,0,0,0,0,0,0.000000,0.000000,0.000000
20260510_200449,2026-05-10 20:10:03,325,0.7206,1,500,105,100,5,0,20,11,95,95,105,2231.901123,-184.638683,4259.049805,2073.684208,0.000000,0.000000,0.000000,0.000000,0.000000,0.000000,0.000000,0.000000,0,0,0,0,0,0.000000,0.000000,0.000000
20260510_200449,2026-05-10 20:10:04,326,0.7271,1,500,105,100,5,0,20,13,70,70,105,1295.551880,-175.410565,4060.338135,2132.776379,0.000000,0.000000,0.000000,0.000000,0.000000,0.000000,0.000000,0.000000,0,0,0,0,0,0.000000,0.000000,0.000000
20260510_200449,2026-05-10 20:10:05,327,0.7313,1,500,105,100,5,0,20,12,111,111,104,1832.333008,-328.475950,3663.064209,2098.241240,0.000000,0.000000,0.000000,0.000000,0.000000,0.000000,0.000000,0.000000,0,0,0,0,0,0.000000,0.000000,0.000000
20260510_200449,2026-05-10 20:10:06,328,0.7313,1,500,105,100,5,0,20,15,67,67,105,3318.482910,-226.176909,4061.807129,2119.698488,0.000000,0.000000,0.000000,0.000000,0.000000,0.000000,0.000000,0.000000,0,0,0,0,0,0.000000,0.000000,0.000000
20260510_200449,2026-05-10 20:10:08,329,0.7217,1,500,105,100,5,0,20,11,63,63,105,1414.376831,-268.532316,3658.541504,2042.718022,0.000000,0.000000,0.000000,0.000000,0.000000,0.000000,0.000000,0.000000,0,0,0,0,0,0.000000,0.000000,0.000000
20260510_200449,2026-05-10 20:10:09,330,0.7369,1,500,105,100,5,0,20,13,87,87,105,1526.007812,-207.914058,4065.540039,2039.498376,0.000000,0.000000,0.000000,0.000000,0.000000,0.000000,0.000000,0.000000,0,0,0,0,0,0.000000,0.000000,0.000000
20260510_200449,2026-05-10 20:10:10,331,0.7229,1,500,105,100,5,0,20,12,77,77,105,4148.846191,-194.630478,3866.274414,2000.597286,0.000000,0.000000,0.000000,0.000000,0.000000,0.000000,0.000000,0.000000,0,0,0,0,0,0.000000,0.000000,0.000000
20260510_200449,2026-05-10 20:10:11,332,0.7337,1,500,105,100,5,0,20,12,74,74,105,2114.568848,-299.032448,3459.576904,2094.200029,0.000000,0.000000,0.000000,0.000000,0.000000,0.000000,0.000000,0.000000,0,0,0,0,0,0.000000,0.000000,0.000000
20260510_200449,2026-05-10 20:10:12,333,0.6919,1,500,105,100,5,0,20,13,57,57,105,2762.144531,-303.608557,4059.529053,2102.822598,0.000000,0.000000,0.000000,0.000000,0.000000,0.000000,0.000000,0.000000,0,0,0,0,0,0.000000,0.000000,0.000000
20260510_200449,2026-05-10 20:10:14,334,0.7381,1,500,105,100,5,0,20,13,49,49,105,2774.407471,-200.088000,3258.016602,2199.622591,0.000000,0.000000,0.000000,0.000000,0.000000,0.000000,0.000000,0.000000,0,0,0,0,0,0.000000,0.000000,0.000000
20260510_200449,2026-05-10 20:10:15,335,0.7396,1,500,105,100,5,0,20,13,66,66,105,2702.156494,-355.865516,3660.351074,2139.608604,0.000000,0.000000,0.000000,0.000000,0.000000,0.000000,0.000000,0.000000,0,0,0,0,0,0.000000,0.000000,0.000000
20260510_200449,2026-05-10 20:10:16,336,0.7087,1,500,105,100,5,0,20,13,74,74,105,2313.372559,-275.121162,3657.934570,2207.695238,0.000000,0.000000,0.000000,0.000000,0.000000,0.000000,0.000000,0.000000,0,0,0,0,0,0.000000,0.000000,0.000000
20260510_200449,2026-05-10 20:10:17,337,0.6675,1,500,105,100,5,0,20,15,90,90,105,1653.193848,-246.927851,3456.252686,2225.413123,0.000000,0.000000,0.000000,0.000000,0.000000,0.000000,0.000000,0.000000,0,0,0,0,0,0.000000,0.000000,0.000000
20260510_200449,2026-05-10 20:10:18,338,0.7528,1,500,105,100,5,0,20,15,60,60,105,2345.625244,-292.299534,3462.080811,2144.554628,0.000000,0.000000,0.000000,0.000000,0.000000,0.000000,0.000000,0.000000,0,0,0,0,0,0.000000,0.000000,0.000000
20260510_200449,2026-05-10 20:10:19,339,0.7038,1,500,105,100,5,0,20,14,57,57,105,1376.028198,-293.089413,3458.130371,2199.348325,0.000000,0.000000,0.000000,0.000000,0.000000,0.000000,0.000000,0.000000,0,0,0,0,0,0.000000,0.000000,0.000000
20260510_200449,2026-05-10 20:10:21,340,0.7173,1,500,105,100,5,0,20,10,58,58,104,1858.817017,-280.509693,4463.344727,2031.629948,0.000000,0.000000,0.000000,0.000000,0.000000,0.000000,0.000000,0.000000,0,0,0,0,0,0.000000,0.000000,0.000000
20260510_200449,2026-05-10 20:10:22,341,0.7240,1,500,105,100,5,0,20,15,56,56,104,1897.531738,-176.389769,3664.950439,2118.993987,0.000000,0.000000,0.000000,0.000000,0.000000,0.000000,0.000000,0.000000,0,0,0,0,0,0.000000,0.000000,0.000000
20260510_200449,2026-05-10 20:10:23,342,0.7028,1,500,105,100,5,0,20,10,67,67,105,1803.400391,-242.307739,4264.065430,2073.848622,0.000000,0.000000,0.000000,0.000000,0.000000,0.000000,0.000000,0.000000,0,0,0,0,0,0.000000,0.000000,0.000000
20260510_200449,2026-05-10 20:10:24,343,0.7363,1,500,105,100,5,0,20,13,48,48,105,1771.434570,-293.297707,4864.742188,2094.117938,0.000000,0.000000,0.000000,0.000000,0.000000,0.000000,0.000000,0.000000,0,0,0,0,0,0.000000,0.000000,0.000000
20260510_200449,2026-05-10 20:10:25,344,0.7371,1,500,105,100,5,0,20,10,64,64,105,2033.061401,-250.931574,4064.287842,1988.255241,0.000000,0.000000,0.000000,0.000000,0.000000,0.000000,0.000000,0.000000,0,0,0,0,0,0.000000,0.000000,0.000000
20260510_200449,2026-05-10 20:10:27,345,0.7229,1,500,105,100,5,0,20,14,57,57,105,1619.336914,-316.410650,3458.919678,2161.773620,0.000000,0.000000,0.000000,0.000000,0.000000,0.000000,0.000000,0.000000,0,0,0,0,0,0.000000,0.000000,0.000000
20260510_200449,2026-05-10 20:10:28,346,0.7127,1,500,105,100,5,0,20,12,53,53,105,1127.046875,-221.027632,3864.928467,2202.119803,0.000000,0.000000,0.000000,0.000000,0.000000,0.000000,0.000000,0.000000,0,0,0,0,0,0.000000,0.000000,0.000000
20260510_200449,2026-05-10 20:10:29,347,0.7216,1,500,105,100,5,0,20,12,59,59,105,1409.745117,-267.728888,4664.862305,2026.473999,0.000000,0.000000,0.000000,0.000000,0.000000,0.000000,0.000000,0.000000,0,0,0,0,0,0.000000,0.000000,0.000000
20260510_200449,2026-05-10 20:10:30,348,0.7377,1,500,105,100,5,0,20,14,75,75,105,1577.957031,-246.825927,3460.141846,2147.210880,0.000000,0.000000,0.000000,0.000000,0.000000,0.000000,0.000000,0.000000,0,0,0,0,0,0.000000,0.000000,0.000000
20260510_200449,2026-05-10 20:10:32,349,0.7345,1,500,105,100,5,0,20,11,52,52,105,1381.380127,-398.457960,4061.270020,2051.328143,0.000000,0.000000,0.000000,0.000000,0.000000,0.000000,0.000000,0.000000,0,0,0,0,0,0.000000,0.000000,0.000000
20260510_200449,2026-05-10 20:10:33,350,0.7430,1,500,105,100,5,0,20,12,94,94,105,1296.466797,-324.070841,3461.934326,2192.432843,0.000000,0.000000,0.000000,0.000000,0.000000,0.000000,0.000000,0.000000,0,0,0,0,0,0.000000,0.000000,0.000000
20260510_200449,2026-05-10 20:10:34,351,0.7355,1,500,105,100,5,0,20,12,88,88,105,1469.149658,-355.815902,3461.023193,2093.569089,0.000000,0.000000,0.000000,0.000000,0.000000,0.000000,0.000000,0.000000,0,0,0,0,0,0.000000,0.000000,0.000000
20260510_200449,2026-05-10 20:10:35,352,0.7423,1,500,105,100,5,0,20,13,77,77,105,1852.707520,-267.883685,3864.083496,2157.587610,0.000000,0.000000,0.000000,0.000000,0.000000,0.000000,0.000000,0.000000,0,0,0,0,0,0.000000,0.000000,0.000000
20260510_200449,2026-05-10 20:10:37,353,0.7309,1,500,105,100,5,0,20,12,96,96,105,1216.402344,-362.294417,4461.374512,2090.167850,0.000000,0.000000,0.000000,0.000000,0.000000,0.000000,0.000000,0.000000,0,0,0,0,0,0.000000,0.000000,0.000000
20260510_200449,2026-05-10 20:10:38,354,0.7367,1,500,105,100,5,0,20,12,74,74,105,1380.523438,-261.494595,3856.791504,2083.069792,0.000000,0.000000,0.000000,0.000000,0.000000,0.000000,0.000000,0.000000,0,0,0,0,0,0.000000,0.000000,0.000000
20260510_200449,2026-05-10 20:10:39,355,0.7299,1,500,105,100,5,0,20,13,69,69,105,4247.140625,-328.692005,3458.338135,2115.176735,0.000000,0.000000,0.000000,0.000000,0.000000,0.000000,0.000000,0.000000,0,0,0,0,0,0.000000,0.000000,0.000000
20260510_200449,2026-05-10 20:10:40,356,0.7176,1,500,105,100,5,0,20,13,89,89,105,2872.555664,-354.907838,3861.432373,2132.491591,0.000000,0.000000,0.000000,0.000000,0.000000,0.000000,0.000000,0.000000,0,0,0,0,0,0.000000,0.000000,0.000000
20260510_200449,2026-05-10 20:10:42,357,0.7338,1,500,105,100,5,0,20,13,58,58,105,2502.233398,-319.138344,3462.312744,2163.778075,0.000000,0.000000,0.000000,0.000000,0.000000,0.000000,0.000000,0.000000,0,0,0,0,0,0.000000,0.000000,0.000000
20260510_200449,2026-05-10 20:10:43,358,0.7204,1,500,105,100,5,0,20,13,48,48,105,2157.200439,-308.517700,3658.385986,2168.095029,0.000000,0.000000,0.000000,0.000000,0.000000,0.000000,0.000000,0.000000,0,0,0,0,0,0.000000,0.000000,0.000000
20260510_200449,2026-05-10 20:10:44,359,0.7303,1,500,105,100,5,0,20,11,73,73,105,1521.317993,-290.998858,4465.451172,2139.161086,0.000000,0.000000,0.000000,0.000000,0.000000,0.000000,0.000000,0.000000,0,0,0,0,0,0.000000,0.000000,0.000000
20260510_200449,2026-05-10 20:10:45,360,0.7236,1,500,105,100,5,0,20,9,58,58,105,1490.578125,-309.641304,4265.757812,2022.399116,0.000000,0.000000,0.000000,0.000000,0.000000,0.000000,0.000000,0.000000,0,0,0,0,0,0.000000,0.000000,0.000000
20260510_200449,2026-05-10 20:10:47,361,0.7241,1,500,105,100,5,0,20,14,56,56,105,1622.881836,-263.303681,4458.787598,2135.350522,0.000000,0.000000,0.000000,0.000000,0.000000,0.000000,0.000000,0.000000,0,0,0,0,0,0.000000,0.000000,0.000000
20260510_200449,2026-05-10 20:10:48,362,0.7302,1,500,105,100,5,0,20,13,107,107,105,2825.245605,-219.439515,3261.800049,1994.239458,0.000000,0.000000,0.000000,0.000000,0.000000,0.000000,0.000000,0.000000,0,0,0,0,0,0.000000,0.000000,0.000000
20260510_200449,2026-05-10 20:10:49,363,0.7265,1,500,105,100,5,0,20,13,76,76,104,2315.673828,-339.006088,4662.548340,2088.225179,0.000000,0.000000,0.000000,0.000000,0.000000,0.000000,0.000000,0.000000,0,0,0,0,0,0.000000,0.000000,0.000000
20260510_200449,2026-05-10 20:10:50,364,0.7372,1,500,105,100,5,0,20,11,58,58,104,2557.871094,-284.909975,3865.358887,2114.207004,0.000000,0.000000,0.000000,0.000000,0.000000,0.000000,0.000000,0.000000,0,0,0,0,0,0.000000,0.000000,0.000000
20260510_200449,2026-05-10 20:10:52,365,0.7319,1,500,105,100,5,0,20,11,58,58,105,2807.300293,-280.249775,4060.233398,2080.163310,0.000000,0.000000,0.000000,0.000000,0.000000,0.000000,0.000000,0.000000,0,0,0,0,0,0.000000,0.000000,0.000000
20260510_200449,2026-05-10 20:10:53,366,0.7376,1,500,105,100,5,0,20,12,78,78,105,1554.379517,-206.659736,4061.167236,2060.503958,0.000000,0.000000,0.000000,0.000000,0.000000,0.000000,0.000000,0.000000,0,0,0,0,0,0.000000,0.000000,0.000000
20260510_200449,2026-05-10 20:10:54,367,0.7357,1,500,105,100,5,0,20,15,60,60,105,4083.641113,-265.951373,3260.275146,2089.649136,0.000000,0.000000,0.000000,0.000000,0.000000,0.000000,0.000000,0.000000,0,0,0,0,0,0.000000,0.000000,0.000000
20260510_200449,2026-05-10 20:10:56,368,0.7453,1,500,105,100,5,0,20,14,57,57,104,2315.320068,-281.914457,3261.836182,2137.430084,0.000000,0.000000,0.000000,0.000000,0.000000,0.000000,0.000000,0.000000,0,0,0,0,0,0.000000,0.000000,0.000000
20260510_200449,2026-05-10 20:10:57,369,0.7335,1,500,105,100,5,0,20,13,61,61,105,1915.041016,-220.265532,3262.417969,2143.486320,0.000000,0.000000,0.000000,0.000000,0.000000,0.000000,0.000000,0.000000,0,0,0,0,0,0.000000,0.000000,0.000000
20260510_200449,2026-05-10 20:10:58,370,0.7277,1,500,105,100,5,0,20,14,75,75,105,1262.244141,-333.843982,4858.241211,2124.411492,0.000000,0.000000,0.000000,0.000000,0.000000,0.000000,0.000000,0.000000,0,0,0,0,0,0.000000,0.000000,0.000000
20260510_200449,2026-05-10 20:11:00,371,0.7233,1,500,105,100,5,0,20,12,53,53,104,1205.661133,-266.088926,3865.666992,2108.777974,0.000000,0.000000,0.000000,0.000000,0.000000,0.000000,0.000000,0.000000,0,0,0,0,0,0.000000,0.000000,0.000000
20260510_200449,2026-05-10 20:11:01,372,0.7131,1,500,105,100,5,0,20,12,71,71,104,1343.828125,-259.858989,3658.866699,2010.229435,0.000000,0.000000,0.000000,0.000000,0.000000,0.000000,0.000000,0.000000,0,0,0,0,0,0.000000,0.000000,0.000000
20260510_200449,2026-05-10 20:11:02,373,0.7119,1,500,105,100,5,0,20,11,78,78,105,1503.661133,-405.105074,4262.157227,2056.510744,0.000000,0.000000,0.000000,0.000000,0.000000,0.000000,0.000000,0.000000,0,0,0,0,0,0.000000,0.000000,0.000000
20260510_200449,2026-05-10 20:11:03,374,0.7168,1,500,105,100,5,0,20,11,81,81,105,1245.243164,-214.187602,4066.992920,2037.219693,0.000000,0.000000,0.000000,0.000000,0.000000,0.000000,0.000000,0.000000,0,0,0,0,0,0.000000,0.000000,0.000000
20260510_200449,2026-05-10 20:11:05,375,0.7323,1,500,105,100,5,0,20,12,74,74,105,2095.311768,-257.843163,4057.402832,2112.273824,0.000000,0.000000,0.000000,0.000000,0.000000,0.000000,0.000000,0.000000,0,0,0,0,0,0.000000,0.000000,0.000000
20260510_200449,2026-05-10 20:11:06,376,0.7352,1,500,105,100,5,0,20,11,103,103,105,2303.270752,-181.636822,4459.791992,2114.647368,0.000000,0.000000,0.000000,0.000000,0.000000,0.000000,0.000000,0.000000,0,0,0,0,0,0.000000,0.000000,0.000000
20260510_200449,2026-05-10 20:11:07,377,0.7258,1,500,105,100,5,0,20,14,146,146,105,2324.070312,-194.969743,3465.031738,2194.324094,0.000000,0.000000,0.000000,0.000000,0.000000,0.000000,0.000000,0.000000,0,0,0,0,0,0.000000,0.000000,0.000000
20260510_200449,2026-05-10 20:11:09,378,0.7268,1,500,105,100,5,0,20,14,102,102,105,1202.223633,-253.947285,4061.542725,2076.561455,0.000000,0.000000,0.000000,0.000000,0.000000,0.000000,0.000000,0.000000,0,0,0,0,0,0.000000,0.000000,0.000000
20260510_200449,2026-05-10 20:11:10,379,0.7333,1,500,105,100,5,0,20,14,153,153,104,2635.865479,-295.487610,3461.954834,2100.035890,0.000000,0.000000,0.000000,0.000000,0.000000,0.000000,0.000000,0.000000,0,0,0,0,0,0.000000,0.000000,0.000000
20260510_200449,2026-05-10 20:11:11,380,0.7205,1,500,105,100,5,0,20,12,75,75,105,1605.551025,-269.017595,3262.659912,2224.147504,0.000000,0.000000,0.000000,0.000000,0.000000,0.000000,0.000000,0.000000,0,0,0,0,0,0.000000,0.000000,0.000000
20260510_200449,2026-05-10 20:11:13,381,0.7253,1,500,105,100,5,0,20,12,121,121,105,1419.089233,-337.427751,4064.592529,2128.110490,0.000000,0.000000,0.000000,0.000000,0.000000,0.000000,0.000000,0.000000,0,0,0,0,0,0.000000,0.000000,0.000000
20260510_200449,2026-05-10 20:11:14,382,0.7247,1,500,105,100,5,0,20,12,94,94,105,1591.853516,-239.558308,3462.719482,2090.449368,0.000000,0.000000,0.000000,0.000000,0.000000,0.000000,0.000000,0.000000,0,0,0,0,0,0.000000,0.000000,0.000000
20260510_200449,2026-05-10 20:11:15,383,0.7372,1,500,105,100,5,0,20,13,117,117,104,2806.091309,-190.484113,4264.686035,2065.755662,0.000000,0.000000,0.000000,0.000000,0.000000,0.000000,0.000000,0.000000,0,0,0,0,0,0.000000,0.000000,0.000000
20260510_200449,2026-05-10 20:11:17,384,0.7272,1,500,105,100,5,0,20,12,113,113,105,1730.926758,-275.972657,3867.150879,2140.341356,0.000000,0.000000,0.000000,0.000000,0.000000,0.000000,0.000000,0.000000,0,0,0,0,0,0.000000,0.000000,0.000000
20260510_200449,2026-05-10 20:11:18,385,0.7260,1,500,105,100,5,0,20,14,90,90,105,1251.853516,-276.789283,3658.709229,2215.439059,0.000000,0.000000,0.000000,0.000000,0.000000,0.000000,0.000000,0.000000,0,0,0,0,0,0.000000,0.000000,0.000000
20260510_200449,2026-05-10 20:11:19,386,0.7146,1,500,105,100,5,0,20,15,122,122,105,1894.855713,-187.066700,3859.977783,2163.044524,0.000000,0.000000,0.000000,0.000000,0.000000,0.000000,0.000000,0.000000,0,0,0,0,0,0.000000,0.000000,0.000000
20260510_200449,2026-05-10 20:11:21,387,0.7411,1,500,105,100,5,0,20,13,160,160,104,1554.907227,-233.574923,3863.336182,2141.743997,0.000000,0.000000,0.000000,0.000000,0.000000,0.000000,0.000000,0.000000,0,0,0,0,0,0.000000,0.000000,0.000000
20260510_200449,2026-05-10 20:11:22,388,0.7462,1,500,105,100,5,0,20,12,105,105,104,1922.208740,-241.056842,3862.008789,2098.787465,0.000000,0.000000,0.000000,0.000000,0.000000,0.000000,0.000000,0.000000,0,0,0,0,0,0.000000,0.000000,0.000000
20260510_200449,2026-05-10 20:11:23,389,0.7562,1,500,105,100,5,0,20,14,95,95,103,8145.992432,-298.854991,3267.225830,2134.013699,0.000000,0.000000,0.000000,0.000000,0.000000,0.000000,0.000000,0.000000,0,0,0,0,0,0.000000,0.000000,0.000000
20260510_200449,2026-05-10 20:11:25,390,0.7369,1,500,105,100,5,0,20,14,175,175,105,2536.388672,-175.080664,3262.606201,2201.910431,0.000000,0.000000,0.000000,0.000000,0.000000,0.000000,0.000000,0.000000,0,0,0,0,0,0.000000,0.000000,0.000000
20260510_200449,2026-05-10 20:11:26,391,0.7450,1,500,105,100,5,0,20,13,145,145,105,2404.995117,-428.317504,4260.329102,2293.614514,0.000000,0.000000,0.000000,0.000000,0.000000,0.000000,0.000000,0.000000,0,0,0,0,0,0.000000,0.000000,0.000000
20260510_200449,2026-05-10 20:11:27,392,0.7340,1,500,105,100,5,0,20,13,139,139,105,2741.469727,-273.530728,3663.657227,2130.994830,0.000000,0.000000,0.000000,0.000000,0.000000,0.000000,0.000000,0.000000,0,0,0,0,0,0.000000,0.000000,0.000000
20260510_200449,2026-05-10 20:11:29,393,0.7380,1,500,105,100,5,0,20,15,95,95,105,1431.434570,-394.184209,3857.909180,2137.816319,0.000000,0.000000,0.000000,0.000000,0.000000,0.000000,0.000000,0.000000,0,0,0,0,0,0.000000,0.000000,0.000000
20260510_200449,2026-05-10 20:11:30,394,0.7320,1,500,105,100,5,0,20,16,118,118,105,2032.823364,-194.919334,3257.819824,2152.802209,0.000000,0.000000,0.000000,0.000000,0.000000,0.000000,0.000000,0.000000,0,0,0,0,0,0.000000,0.000000,0.000000
20260510_200449,2026-05-10 20:11:31,395,0.7296,1,500,105,100,5,0,20,13,106,106,105,1715.485352,-295.926591,4058.273926,2189.795990,0.000000,0.000000,0.000000,0.000000,0.000000,0.000000,0.000000,0.000000,0,0,0,0,0,0.000000,0.000000,0.000000
20260510_200449,2026-05-10 20:11:33,396,0.7241,1,500,105,100,5,0,20,10,112,112,105,1720.518066,-330.000580,4861.914551,2084.697147,0.000000,0.000000,0.000000,0.000000,0.000000,0.000000,0.000000,0.000000,0,0,0,0,0,0.000000,0.000000,0.000000
20260510_200449,2026-05-10 20:11:34,397,0.7400,1,500,105,100,5,0,20,11,74,74,105,1532.275513,-323.495946,3457.957031,2075.453101,0.000000,0.000000,0.000000,0.000000,0.000000,0.000000,0.000000,0.000000,0,0,0,0,0,0.000000,0.000000,0.000000
20260510_200449,2026-05-10 20:11:36,398,0.7431,1,500,105,100,5,0,20,11,80,80,105,2175.559570,-477.957297,3858.424072,2052.359390,0.000000,0.000000,0.000000,0.000000,0.000000,0.000000,0.000000,0.000000,0,0,0,0,0,0.000000,0.000000,0.000000
20260510_200449,2026-05-10 20:11:37,399,0.7286,1,500,105,100,5,0,20,14,85,85,104,1536.077759,-356.760208,3260.417480,2107.233884,0.000000,0.000000,0.000000,0.000000,0.000000,0.000000,0.000000,0.000000,0,0,0,0,0,0.000000,0.000000,0.000000
20260510_200449,2026-05-10 20:11:38,400,0.7259,1,500,105,100,5,0,20,13,90,90,105,2653.364990,-269.609657,3660.635742,2103.836391,0.000000,0.000000,0.000000,0.000000,0.000000,0.000000,0.000000,0.000000,0,0,0,0,0,0.000000,0.000000,0.000000
20260510_200449,2026-05-10 20:11:40,401,0.7183,1,500,105,100,5,0,20,9,90,90,105,1606.661133,-254.578893,4671.706543,2010.904578,0.000000,0.000000,0.000000,0.000000,0.000000,0.000000,0.000000,0.000000,0,0,0,0,0,0.000000,0.000000,0.000000
20260510_200449,2026-05-10 20:11:41,402,0.7194,1,500,105,100,5,0,20,11,124,124,104,2231.867188,-199.096826,5064.516602,2005.262138,0.000000,0.000000,0.000000,0.000000,0.000000,0.000000,0.000000,0.000000,0,0,0,0,0,0.000000,0.000000,0.000000
20260510_200449,2026-05-10 20:11:42,403,0.7157,1,500,105,100,5,0,20,15,86,86,105,2304.840820,-269.740401,3258.185547,2186.126553,0.000000,0.000000,0.000000,0.000000,0.000000,0.000000,0.000000,0.000000,0,0,0,0,0,0.000000,0.000000,0.000000
20260510_200449,2026-05-10 20:11:44,404,0.7125,1,500,105,100,5,0,20,14,179,179,105,3502.250000,-171.890747,4862.087891,2140.461258,0.000000,0.000000,0.000000,0.000000,0.000000,0.000000,0.000000,0.000000,0,0,0,0,0,0.000000,0.000000,0.000000
20260510_200449,2026-05-10 20:11:45,405,0.7105,1,500,105,100,5,0,20,11,139,139,105,1532.603516,-445.503936,4459.500977,2047.100697,0.000000,0.000000,0.000000,0.000000,0.000000,0.000000,0.000000,0.000000,0,0,0,0,0,0.000000,0.000000,0.000000
20260510_200449,2026-05-10 20:11:46,406,0.7163,1,500,105,100,5,0,20,12,91,91,103,1248.022461,-262.817960,4457.140625,2029.415428,0.000000,0.000000,0.000000,0.000000,0.000000,0.000000,0.000000,0.000000,0,0,0,0,0,0.000000,0.000000,0.000000
20260510_200449,2026-05-10 20:11:48,407,0.7126,1,500,105,100,5,0,20,15,80,80,105,2154.879639,-337.479345,3259.557129,2144.520142,0.000000,0.000000,0.000000,0.000000,0.000000,0.000000,0.000000,0.000000,0,0,0,0,0,0.000000,0.000000,0.000000
20260510_200449,2026-05-10 20:11:49,408,0.7091,1,500,105,100,5,0,20,13,73,73,104,4155.489746,-231.537290,3854.165283,2189.374942,0.000000,0.000000,0.000000,0.000000,0.000000,0.000000,0.000000,0.000000,0,0,0,0,0,0.000000,0.000000,0.000000
20260510_200449,2026-05-10 20:11:50,409,0.7118,1,500,105,100,5,0,20,16,95,95,105,1639.848022,-315.736511,3459.473633,2243.872847,0.000000,0.000000,0.000000,0.000000,0.000000,0.000000,0.000000,0.000000,0,0,0,0,0,0.000000,0.000000,0.000000
20260510_200449,2026-05-10 20:11:52,410,0.7144,1,500,105,100,5,0,20,14,118,118,105,1713.487671,-369.590797,3464.122314,2156.410211,0.000000,0.000000,0.000000,0.000000,0.000000,0.000000,0.000000,0.000000,0,0,0,0,0,0.000000,0.000000,0.000000
20260510_200449,2026-05-10 20:11:53,411,0.7107,1,500,105,100,5,0,20,14,94,94,105,1452.730591,-220.705952,3860.249756,2184.617587,0.000000,0.000000,0.000000,0.000000,0.000000,0.000000,0.000000,0.000000,0,0,0,0,0,0.000000,0.000000,0.000000
20260510_200449,2026-05-10 20:11:55,412,0.7185,1,500,105,100,5,0,20,12,122,122,105,2111.564453,-174.425659,4457.795898,2129.183006,0.000000,0.000000,0.000000,0.000000,0.000000,0.000000,0.000000,0.000000,0,0,0,0,0,0.000000,0.000000,0.000000
20260510_200449,2026-05-10 20:11:56,413,0.7231,1,500,105,100,5,0,20,14,104,104,105,1691.285645,-216.958312,3859.263916,2203.313000,0.000000,0.000000,0.000000,0.000000,0.000000,0.000000,0.000000,0.000000,0,0,0,0,0,0.000000,0.000000,0.000000
20260510_200449,2026-05-10 20:11:57,414,0.7134,1,500,105,100,5,0,20,12,59,59,105,3744.449951,-259.935971,4065.059326,2079.740906,0.000000,0.000000,0.000000,0.000000,0.000000,0.000000,0.000000,0.000000,0,0,0,0,0,0.000000,0.000000,0.000000
20260510_200449,2026-05-10 20:11:59,415,0.7898,1,500,105,100,5,0,20,13,68,68,105,1766.711670,-170.685431,4261.011719,2164.732809,0.000000,0.000000,0.000000,0.000000,0.000000,0.000000,0.000000,0.000000,0,0,0,0,0,0.000000,0.000000,0.000000
20260510_200449,2026-05-10 20:12:00,416,0.7338,1,500,105,100,5,0,20,15,70,70,105,1423.269531,-205.375179,3258.368896,2136.108542,0.000000,0.000000,0.000000,0.000000,0.000000,0.000000,0.000000,0.000000,0,0,0,0,0,0.000000,0.000000,0.000000
20260510_200449,2026-05-10 20:12:02,417,0.6947,1,500,105,100,5,0,20,15,54,54,105,2037.499634,-354.805650,4060.333984,2169.540036,0.000000,0.000000,0.000000,0.000000,0.000000,0.000000,0.000000,0.000000,0,0,0,0,0,0.000000,0.000000,0.000000
20260510_200449,2026-05-10 20:12:03,418,0.6976,1,500,105,100,5,0,20,13,72,72,105,1441.295044,-310.991953,3460.917969,2123.029504,0.000000,0.000000,0.000000,0.000000,0.000000,0.000000,0.000000,0.000000,0,0,0,0,0,0.000000,0.000000,0.000000
20260510_200449,2026-05-10 20:12:04,419,0.6963,1,500,105,100,5,0,20,12,83,83,105,1314.972656,-307.229863,3455.847168,2152.232349,0.000000,0.000000,0.000000,0.000000,0.000000,0.000000,0.000000,0.000000,0,0,0,0,0,0.000000,0.000000,0.000000
20260510_200449,2026-05-10 20:12:06,420,0.7078,1,500,105,100,5,0,20,11,73,73,105,1613.879883,-306.484729,3259.195801,2151.528719,0.000000,0.000000,0.000000,0.000000,0.000000,0.000000,0.000000,0.000000,0,0,0,0,0,0.000000,0.000000,0.000000
20260510_200449,2026-05-10 20:12:07,421,0.7080,1,500,105,100,5,0,20,9,95,95,104,2351.882812,-333.094568,4268.583984,2018.655588,0.000000,0.000000,0.000000,0.000000,0.000000,0.000000,0.000000,0.000000,0,0,0,0,0,0.000000,0.000000,0.000000
20260510_200449,2026-05-10 20:12:09,422,0.6986,1,500,105,100,5,0,20,13,91,91,104,1817.725952,-240.573362,3864.481689,2044.847093,0.000000,0.000000,0.000000,0.000000,0.000000,0.000000,0.000000,0.000000,0,0,0,0,0,0.000000,0.000000,0.000000
20260510_200449,2026-05-10 20:12:10,423,0.7199,1,500,105,100,5,0,20,9,77,77,105,1439.201172,-392.073371,4061.047607,2101.834550,0.000000,0.000000,0.000000,0.000000,0.000000,0.000000,0.000000,0.000000,0,0,0,0,0,0.000000,0.000000,0.000000
20260510_200449,2026-05-10 20:12:11,424,0.7027,1,500,105,100,5,0,20,16,116,116,105,1427.074097,-294.506641,3259.258301,2198.102020,0.000000,0.000000,0.000000,0.000000,0.000000,0.000000,0.000000,0.000000,0,0,0,0,0,0.000000,0.000000,0.000000
20260510_200449,2026-05-10 20:12:13,425,0.7014,1,500,105,100,5,0,20,14,105,105,105,2288.029297,-331.165962,3658.316650,2198.819070,0.000000,0.000000,0.000000,0.000000,0.000000,0.000000,0.000000,0.000000,0,0,0,0,0,0.000000,0.000000,0.000000
20260510_200449,2026-05-10 20:12:14,426,0.7084,1,500,105,100,5,0,20,11,124,124,105,1866.251953,-276.989193,4058.630615,2125.281476,0.000000,0.000000,0.000000,0.000000,0.000000,0.000000,0.000000,0.000000,0,0,0,0,0,0.000000,0.000000,0.000000
20260510_200449,2026-05-10 20:12:16,427,0.6972,1,500,105,100,5,0,20,10,111,111,105,1983.505859,-232.977140,4265.626953,2047.228334,0.000000,0.000000,0.000000,0.000000,0.000000,0.000000,0.000000,0.000000,0,0,0,0,0,0.000000,0.000000,0.000000
20260510_200449,2026-05-10 20:12:17,428,0.7065,1,500,105,100,5,0,20,11,87,87,105,2405.211914,-191.012025,3860.686768,2123.570280,0.000000,0.000000,0.000000,0.000000,0.000000,0.000000,0.000000,0.000000,0,0,0,0,0,0.000000,0.000000,0.000000
20260510_200449,2026-05-10 20:12:18,429,0.7103,1,500,105,100,5,0,20,11,96,96,105,2237.096436,-226.272443,4063.996094,2078.241782,0.000000,0.000000,0.000000,0.000000,0.000000,0.000000,0.000000,0.000000,0,0,0,0,0,0.000000,0.000000,0.000000
20260510_200449,2026-05-10 20:12:20,430,0.7067,1,500,105,100,5,0,20,14,116,116,105,1865.263672,-200.960053,4064.639160,2187.648871,0.000000,0.000000,0.000000,0.000000,0.000000,0.000000,0.000000,0.000000,0,0,0,0,0,0.000000,0.000000,0.000000
20260510_200449,2026-05-10 20:12:21,431,0.6957,1,500,105,100,5,0,20,15,125,125,105,1240.544800,-271.761660,3259.680908,2190.140812,0.000000,0.000000,0.000000,0.000000,0.000000,0.000000,0.000000,0.000000,0,0,0,0,0,0.000000,0.000000,0.000000
20260510_200449,2026-05-10 20:12:23,432,0.6801,1,500,105,100,5,0,20,15,91,91,105,2085.624023,-238.210982,3463.692139,2171.271118,0.000000,0.000000,0.000000,0.000000,0.000000,0.000000,0.000000,0.000000,0,0,0,0,0,0.000000,0.000000,0.000000
20260510_200449,2026-05-10 20:12:24,433,0.6974,1,500,105,100,5,0,20,13,111,111,105,1742.569336,-148.699027,4061.510742,2134.218077,0.000000,0.000000,0.000000,0.000000,0.000000,0.000000,0.000000,0.000000,0,0,0,0,0,0.000000,0.000000,0.000000
20260510_200449,2026-05-10 20:12:26,434,0.6907,1,500,105,100,5,0,20,12,113,113,105,1868.998169,-183.062611,3659.475098,2140.248247,0.000000,0.000000,0.000000,0.000000,0.000000,0.000000,0.000000,0.000000,0,0,0,0,0,0.000000,0.000000,0.000000
20260510_200449,2026-05-10 20:12:27,435,0.7012,1,500,105,100,5,0,20,13,129,129,105,1543.445312,-226.928307,3457.509277,2122.758290,0.000000,0.000000,0.000000,0.000000,0.000000,0.000000,0.000000,0.000000,0,0,0,0,0,0.000000,0.000000,0.000000
20260510_200449,2026-05-10 20:12:28,436,0.6833,1,500,105,100,5,0,20,13,151,151,105,1909.162964,-229.738089,3864.057617,2057.545229,0.000000,0.000000,0.000000,0.000000,0.000000,0.000000,0.000000,0.000000,0,0,0,0,0,0.000000,0.000000,0.000000
20260510_200449,2026-05-10 20:12:30,437,0.7016,1,500,105,100,5,0,20,11,115,115,105,3634.832031,-161.112620,4260.748047,2005.188125,0.000000,0.000000,0.000000,0.000000,0.000000,0.000000,0.000000,0.000000,0,0,0,0,0,0.000000,0.000000,0.000000
20260510_200449,2026-05-10 20:12:31,438,0.7108,1,500,105,100,5,0,20,12,117,117,105,2292.653809,-202.109309,4058.879639,2118.483426,0.000000,0.000000,0.000000,0.000000,0.000000,0.000000,0.000000,0.000000,0,0,0,0,0,0.000000,0.000000,0.000000
20260510_200449,2026-05-10 20:12:33,439,0.7156,1,500,105,100,5,0,20,14,159,159,105,1603.910156,-182.721003,3661.035889,2246.264026,0.000000,0.000000,0.000000,0.000000,0.000000,0.000000,0.000000,0.000000,0,0,0,0,0,0.000000,0.000000,0.000000
20260510_200449,2026-05-10 20:12:34,440,0.7055,1,500,105,100,5,0,20,12,110,110,105,1365.337891,-315.100376,3858.415771,2123.694615,0.000000,0.000000,0.000000,0.000000,0.000000,0.000000,0.000000,0.000000,0,0,0,0,0,0.000000,0.000000,0.000000
20260510_200449,2026-05-10 20:12:36,441,0.7057,1,500,105,100,5,0,20,12,136,136,105,2488.327637,-346.486101,3862.409668,2156.925775,0.000000,0.000000,0.000000,0.000000,0.000000,0.000000,0.000000,0.000000,0,0,0,0,0,0.000000,0.000000,0.000000
20260510_200449,2026-05-10 20:12:37,442,0.7097,1,500,105,100,5,0,20,14,120,120,105,1554.802734,-430.651782,3257.046875,2228.530198,0.000000,0.000000,0.000000,0.000000,0.000000,0.000000,0.000000,0.000000,0,0,0,0,0,0.000000,0.000000,0.000000
20260510_200449,2026-05-10 20:12:39,443,0.7192,1,500,105,100,5,0,20,15,80,80,105,1859.676392,-255.486791,3258.599609,2232.581635,0.000000,0.000000,0.000000,0.000000,0.000000,0.000000,0.000000,0.000000,0,0,0,0,0,0.000000,0.000000,0.000000
20260510_200449,2026-05-10 20:12:40,444,0.6992,1,500,105,100,5,0,20,12,78,78,105,1474.845703,-377.704716,3657.549561,2182.318561,0.000000,0.000000,0.000000,0.000000,0.000000,0.000000,0.000000,0.000000,0,0,0,0,0,0.000000,0.000000,0.000000
20260510_200449,2026-05-10 20:12:42,445,0.6912,1,500,105,100,5,0,20,12,100,100,105,1871.672852,-191.089597,3864.833252,2075.057396,0.000000,0.000000,0.000000,0.000000,0.000000,0.000000,0.000000,0.000000,0,0,0,0,0,0.000000,0.000000,0.000000
20260510_200449,2026-05-10 20:12:43,446,0.7082,1,500,105,100,5,0,20,11,86,86,105,1226.628418,-192.435631,4063.047363,2054.576379,0.000000,0.000000,0.000000,0.000000,0.000000,0.000000,0.000000,0.000000,0,0,0,0,0,0.000000,0.000000,0.000000
20260510_200449,2026-05-10 20:12:44,447,0.6891,1,500,105,100,5,0,20,12,89,89,105,1642.154297,-231.370923,4261.229492,2088.049741,0.000000,0.000000,0.000000,0.000000,0.000000,0.000000,0.000000,0.000000,0,0,0,0,0,0.000000,0.000000,0.000000
20260510_200449,2026-05-10 20:12:46,448,0.6926,1,500,105,100,5,0,20,12,88,88,105,2529.841797,-390.700442,3859.109619,2076.849339,0.000000,0.000000,0.000000,0.000000,0.000000,0.000000,0.000000,0.000000,0,0,0,0,0,0.000000,0.000000,0.000000
20260510_200449,2026-05-10 20:12:47,449,0.7030,1,500,105,100,5,0,20,13,74,74,105,2078.055420,-208.435189,3861.831787,2067.400447,0.000000,0.000000,0.000000,0.000000,0.000000,0.000000,0.000000,0.000000,0,0,0,0,0,0.000000,0.000000,0.000000
20260510_200449,2026-05-10 20:12:49,450,0.6966,1,500,105,100,5,0,20,12,81,81,105,1503.714478,-243.071723,4062.710449,2117.016128,0.000000,0.000000,0.000000,0.000000,0.000000,0.000000,0.000000,0.000000,0,0,0,0,0,0.000000,0.000000,0.000000
20260510_200449,2026-05-10 20:12:50,451,0.6810,1,500,105,100,5,0,20,12,84,84,105,1324.005859,-231.442067,4260.387695,2124.744937,0.000000,0.000000,0.000000,0.000000,0.000000,0.000000,0.000000,0.000000,0,0,0,0,0,0.000000,0.000000,0.000000
20260510_200449,2026-05-10 20:12:52,452,0.6749,1,500,105,100,5,0,20,12,63,63,105,1129.943359,-232.194226,4065.395996,2061.662540,0.000000,0.000000,0.000000,0.000000,0.000000,0.000000,0.000000,0.000000,0,0,0,0,0,0.000000,0.000000,0.000000
20260510_200449,2026-05-10 20:12:53,453,0.6852,1,500,105,100,5,0,20,14,64,64,105,2122.166992,-228.673650,3262.914062,2248.288434,0.000000,0.000000,0.000000,0.000000,0.000000,0.000000,0.000000,0.000000,0,0,0,0,0,0.000000,0.000000,0.000000
20260510_200449,2026-05-10 20:12:55,454,0.7038,1,500,105,100,5,0,20,16,93,93,105,1851.765625,-226.055151,3659.301758,2124.649509,0.000000,0.000000,0.000000,0.000000,0.000000,0.000000,0.000000,0.000000,0,0,0,0,0,0.000000,0.000000,0.000000
20260510_200449,2026-05-10 20:12:56,455,0.6803,1,500,105,100,5,0,20,13,68,68,104,1957.257568,-328.128814,4062.583252,2113.432584,0.000000,0.000000,0.000000,0.000000,0.000000,0.000000,0.000000,0.000000,0,0,0,0,0,0.000000,0.000000,0.000000
20260510_200449,2026-05-10 20:12:57,456,0.7077,1,500,105,100,5,0,20,15,83,83,105,3701.956299,-141.618594,3265.988770,2253.233096,0.000000,0.000000,0.000000,0.000000,0.000000,0.000000,0.000000,0.000000,0,0,0,0,0,0.000000,0.000000,0.000000
20260510_200449,2026-05-10 20:12:59,457,0.7039,1,500,105,100,5,0,20,14,68,68,105,4083.718750,-264.717567,3659.738525,2154.486847,0.000000,0.000000,0.000000,0.000000,0.000000,0.000000,0.000000,0.000000,0,0,0,0,0,0.000000,0.000000,0.000000
20260510_200449,2026-05-10 20:13:01,458,0.6768,1,500,105,100,5,0,20,11,64,64,105,1425.713867,-363.646593,3861.611572,2017.801196,0.000000,0.000000,0.000000,0.000000,0.000000,0.000000,0.000000,0.000000,0,0,0,0,0,0.000000,0.000000,0.000000
20260510_200449,2026-05-10 20:13:02,459,0.6759,1,500,105,100,5,0,20,13,64,64,105,2025.000977,-206.114272,4258.660156,2121.994276,0.000000,0.000000,0.000000,0.000000,0.000000,0.000000,0.000000,0.000000,0,0,0,0,0,0.000000,0.000000,0.000000
20260510_200449,2026-05-10 20:13:03,460,0.6780,1,500,105,100,5,0,20,12,65,65,105,2095.298340,-302.392126,3456.728760,2151.230690,0.000000,0.000000,0.000000,0.000000,0.000000,0.000000,0.000000,0.000000,0,0,0,0,0,0.000000,0.000000,0.000000
20260510_200449,2026-05-10 20:13:05,461,0.6819,1,500,105,100,5,0,20,14,66,66,105,2093.599609,-223.525491,4860.767578,2181.629004,0.000000,0.000000,0.000000,0.000000,0.000000,0.000000,0.000000,0.000000,0,0,0,0,0,0.000000,0.000000,0.000000
20260510_200449,2026-05-10 20:13:06,462,0.6990,1,500,105,100,5,0,20,13,69,69,105,2091.220703,-312.121756,4061.808350,2040.952338,0.000000,0.000000,0.000000,0.000000,0.000000,0.000000,0.000000,0.000000,0,0,0,0,0,0.000000,0.000000,0.000000
20260510_200449,2026-05-10 20:13:08,463,0.6959,1,500,105,100,5,0,20,12,75,75,105,2775.976318,-333.499682,4264.929688,2076.670042,0.000000,0.000000,0.000000,0.000000,0.000000,0.000000,0.000000,0.000000,0,0,0,0,0,0.000000,0.000000,0.000000
20260510_200449,2026-05-10 20:13:09,464,0.6870,1,500,105,100,5,0,20,14,60,60,105,2168.201660,-243.151987,3461.834961,2199.815985,0.000000,0.000000,0.000000,0.000000,0.000000,0.000000,0.000000,0.000000,0,0,0,0,0,0.000000,0.000000,0.000000
20260510_200449,2026-05-10 20:13:11,465,0.6991,1,500,105,100,5,0,20,10,71,71,105,1447.273804,-422.924597,4259.421875,2139.915732,0.000000,0.000000,0.000000,0.000000,0.000000,0.000000,0.000000,0.000000,0,0,0,0,0,0.000000,0.000000,0.000000
20260510_200449,2026-05-10 20:13:12,466,0.6861,1,500,105,100,5,0,20,14,92,92,105,1402.543945,-349.332265,3461.721436,2199.822885,0.000000,0.000000,0.000000,0.000000,0.000000,0.000000,0.000000,0.000000,0,0,0,0,0,0.000000,0.000000,0.000000
20260510_200449,2026-05-10 20:13:14,467,0.7049,1,500,105,100,5,0,20,11,84,84,103,3197.998047,-163.798296,4265.740723,2044.508295,0.000000,0.000000,0.000000,0.000000,0.000000,0.000000,0.000000,0.000000,0,0,0,0,0,0.000000,0.000000,0.000000
20260510_200449,2026-05-10 20:13:15,468,0.6840,1,500,105,100,5,0,20,13,56,56,105,2397.750000,-296.954239,3459.743896,2145.417249,0.000000,0.000000,0.000000,0.000000,0.000000,0.000000,0.000000,0.000000,0,0,0,0,0,0.000000,0.000000,0.000000
20260510_200449,2026-05-10 20:13:17,469,0.6930,1,500,105,100,5,0,20,14,55,55,105,1589.169434,-244.958064,3260.818848,2168.226038,0.000000,0.000000,0.000000,0.000000,0.000000,0.000000,0.000000,0.000000,0,0,0,0,0,0.000000,0.000000,0.000000
20260510_200449,2026-05-10 20:13:18,470,0.6908,1,500,105,100,5,0,20,11,47,47,105,1197.171265,-410.578288,4864.244141,1979.215784,0.000000,0.000000,0.000000,0.000000,0.000000,0.000000,0.000000,0.000000,0,0,0,0,0,0.000000,0.000000,0.000000
20260510_200449,2026-05-10 20:13:20,471,0.6815,1,500,105,100,5,0,20,13,50,50,105,2020.667236,-346.660085,3260.070312,2183.495238,0.000000,0.000000,0.000000,0.000000,0.000000,0.000000,0.000000,0.000000,0,0,0,0,0,0.000000,0.000000,0.000000
20260510_200449,2026-05-10 20:13:21,472,0.6933,1,500,105,100,5,0,20,12,58,58,105,1943.874023,-360.655516,4064.234863,2062.224414,0.000000,0.000000,0.000000,0.000000,0.000000,0.000000,0.000000,0.000000,0,0,0,0,0,0.000000,0.000000,0.000000
20260510_200449,2026-05-10 20:13:23,473,0.6866,1,500,105,100,5,0,20,10,44,44,105,1929.806641,-395.289906,4461.429688,2061.628767,0.000000,0.000000,0.000000,0.000000,0.000000,0.000000,0.000000,0.000000,0,0,0,0,0,0.000000,0.000000,0.000000
20260510_200449,2026-05-10 20:13:24,474,0.6923,1,500,105,100,5,0,20,13,48,48,105,1424.355469,-352.140563,3661.512939,2121.249733,0.000000,0.000000,0.000000,0.000000,0.000000,0.000000,0.000000,0.000000,0,0,0,0,0,0.000000,0.000000,0.000000
20260510_200449,2026-05-10 20:13:26,475,0.6988,1,500,105,100,5,0,20,12,61,61,105,1954.902344,-243.911330,3463.622559,2216.932465,0.000000,0.000000,0.000000,0.000000,0.000000,0.000000,0.000000,0.000000,0,0,0,0,0,0.000000,0.000000,0.000000
20260510_200449,2026-05-10 20:13:28,476,0.7069,1,500,105,100,5,0,20,13,44,44,104,1650.482422,-351.129728,3460.542969,2172.384822,0.000000,0.000000,0.000000,0.000000,0.000000,0.000000,0.000000,0.000000,0,0,0,0,0,0.000000,0.000000,0.000000
20260510_200449,2026-05-10 20:13:29,477,0.6866,1,500,105,100,5,0,20,14,59,59,105,1639.022217,-271.289302,3460.041748,2136.683466,0.000000,0.000000,0.000000,0.000000,0.000000,0.000000,0.000000,0.000000,0,0,0,0,0,0.000000,0.000000,0.000000
20260510_200449,2026-05-10 20:13:31,478,0.6795,1,500,105,100,5,0,20,13,64,64,105,1382.073242,-281.391579,4457.784180,2136.403328,0.000000,0.000000,0.000000,0.000000,0.000000,0.000000,0.000000,0.000000,0,0,0,0,0,0.000000,0.000000,0.000000
20260510_200449,2026-05-10 20:13:32,479,0.6785,1,500,105,100,5,0,20,10,73,73,105,1514.485840,-210.991268,4463.386719,2045.712196,0.000000,0.000000,0.000000,0.000000,0.000000,0.000000,0.000000,0.000000,0,0,0,0,0,0.000000,0.000000,0.000000
20260510_200449,2026-05-10 20:13:34,480,0.6928,1,500,105,100,5,0,20,12,95,95,105,2163.142578,-184.993855,3661.376465,2152.654565,0.000000,0.000000,0.000000,0.000000,0.000000,0.000000,0.000000,0.000000,0,0,0,0,0,0.000000,0.000000,0.000000
20260510_200449,2026-05-10 20:13:35,481,0.7000,1,500,105,100,5,0,20,13,87,87,105,1584.477539,-296.485621,3461.165283,2146.699931,0.000000,0.000000,0.000000,0.000000,0.000000,0.000000,0.000000,0.000000,0,0,0,0,0,0.000000,0.000000,0.000000
20260510_200449,2026-05-10 20:13:37,482,0.6855,1,500,105,100,5,0,20,14,103,103,105,2508.817139,-249.492764,4664.085938,2166.475041,0.000000,0.000000,0.000000,0.000000,0.000000,0.000000,0.000000,0.000000,0,0,0,0,0,0.000000,0.000000,0.000000
20260510_200449,2026-05-10 20:13:38,483,0.6919,1,500,105,100,5,0,20,14,73,73,105,2341.295654,-224.185344,3863.444580,2139.101628,0.000000,0.000000,0.000000,0.000000,0.000000,0.000000,0.000000,0.000000,0,0,0,0,0,0.000000,0.000000,0.000000
20260510_200449,2026-05-10 20:13:40,484,0.6837,1,500,105,100,5,0,20,12,47,47,105,1578.711060,-252.788338,4060.625488,2123.579169,0.000000,0.000000,0.000000,0.000000,0.000000,0.000000,0.000000,0.000000,0,0,0,0,0,0.000000,0.000000,0.000000
20260510_200449,2026-05-10 20:13:41,485,0.6804,1,500,105,100,5,0,20,9,59,59,105,2554.316650,-227.365283,4466.250000,2015.163301,0.000000,0.000000,0.000000,0.000000,0.000000,0.000000,0.000000,0.000000,0,0,0,0,0,0.000000,0.000000,0.000000
20260510_200449,2026-05-10 20:13:43,486,0.7083,1,500,105,100,5,0,20,13,78,78,105,1525.440430,-240.306330,3861.021240,2063.568216,0.000000,0.000000,0.000000,0.000000,0.000000,0.000000,0.000000,0.000000,0,0,0,0,0,0.000000,0.000000,0.000000
20260510_200449,2026-05-10 20:13:45,487,0.6877,1,500,105,100,5,0,20,11,58,58,105,1338.062378,-206.500294,3659.708984,2105.814127,0.000000,0.000000,0.000000,0.000000,0.000000,0.000000,0.000000,0.000000,0,0,0,0,0,0.000000,0.000000,0.000000
20260510_200449,2026-05-10 20:13:46,488,0.6764,1,500,105,100,5,0,20,14,49,49,105,1669.190063,-294.905878,3462.070801,2136.439957,0.000000,0.000000,0.000000,0.000000,0.000000,0.000000,0.000000,0.000000,0,0,0,0,0,0.000000,0.000000,0.000000
20260510_200449,2026-05-10 20:13:48,489,0.6949,1,500,105,100,5,0,20,13,52,52,105,1574.567383,-245.181707,4462.195312,2151.394934,0.000000,0.000000,0.000000,0.000000,0.000000,0.000000,0.000000,0.000000,0,0,0,0,0,0.000000,0.000000,0.000000
20260510_200449,2026-05-10 20:13:49,490,0.6997,1,500,105,100,5,0,20,11,38,38,105,1724.653320,-302.087933,4059.560791,2018.345293,0.000000,0.000000,0.000000,0.000000,0.000000,0.000000,0.000000,0.000000,0,0,0,0,0,0.000000,0.000000,0.000000
20260510_200449,2026-05-10 20:13:51,491,0.7089,1,500,105,100,5,0,20,11,65,65,105,1756.207031,-240.315005,4461.273438,1998.684294,0.000000,0.000000,0.000000,0.000000,0.000000,0.000000,0.000000,0.000000,0,0,0,0,0,0.000000,0.000000,0.000000
20260510_200449,2026-05-10 20:13:53,492,0.7074,1,500,105,100,5,0,20,13,39,39,105,1412.644531,-279.021304,3659.766602,2124.199066,0.000000,0.000000,0.000000,0.000000,0.000000,0.000000,0.000000,0.000000,0,0,0,0,0,0.000000,0.000000,0.000000
20260510_200449,2026-05-10 20:13:54,493,0.6983,1,500,105,100,5,0,20,15,58,58,105,1766.916992,-269.786997,3459.680420,2115.519238,0.000000,0.000000,0.000000,0.000000,0.000000,0.000000,0.000000,0.000000,0,0,0,0,0,0.000000,0.000000,0.000000
20260510_200449,2026-05-10 20:13:56,494,0.6836,1,500,105,100,5,0,20,14,54,54,105,1634.237183,-423.823506,3459.588135,2218.200037,0.000000,0.000000,0.000000,0.000000,0.000000,0.000000,0.000000,0.000000,0,0,0,0,0,0.000000,0.000000,0.000000
20260510_200449,2026-05-10 20:13:57,495,0.6866,1,500,105,100,5,0,20,10,56,56,105,2473.886475,-232.938015,5060.717773,1963.363734,0.000000,0.000000,0.000000,0.000000,0.000000,0.000000,0.000000,0.000000,0,0,0,0,0,0.000000,0.000000,0.000000
20260510_200449,2026-05-10 20:13:59,496,0.6893,1,500,105,100,5,0,20,11,65,65,105,2913.622070,-206.265588,3664.583008,1989.795107,0.000000,0.000000,0.000000,0.000000,0.000000,0.000000,0.000000,0.000000,0,0,0,0,0,0.000000,0.000000,0.000000
20260510_200449,2026-05-10 20:14:01,497,0.6788,1,500,105,100,5,0,20,14,70,70,105,2332.873535,-320.415874,4065.135742,2082.571176,0.000000,0.000000,0.000000,0.000000,0.000000,0.000000,0.000000,0.000000,0,0,0,0,0,0.000000,0.000000,0.000000
20260510_200449,2026-05-10 20:14:02,498,0.6875,1,500,105,100,5,0,20,13,57,57,105,2470.978516,-286.691390,3465.654785,2155.415961,0.000000,0.000000,0.000000,0.000000,0.000000,0.000000,0.000000,0.000000,0,0,0,0,0,0.000000,0.000000,0.000000
20260510_200449,2026-05-10 20:14:04,499,0.6785,1,500,105,100,5,0,20,13,73,73,105,2186.166016,-255.973445,4661.789062,2079.056142,0.000000,0.000000,0.000000,0.000000,0.000000,0.000000,0.000000,0.000000,0,0,0,0,0,0.000000,0.000000,0.000000
20260510_200449,2026-05-10 20:14:05,500,0.6876,1,500,105,100,5,0,20,11,50,50,105,1556.880127,-383.324059,3859.076660,1996.998933,0.000000,0.000000,0.000000,0.000000,0.000000,0.000000,0.000000,0.000000,0,0,0,0,0,0.000000,0.000000,0.000000
20260510_200449,2026-05-10 20:14:07,501,0.6914,1,500,105,100,5,0,20,10,53,53,105,1628.351562,-260.953055,4460.003906,1981.491280,0.000000,0.000000,0.000000,0.000000,0.000000,0.000000,0.000000,0.000000,0,0,0,0,0,0.000000,0.000000,0.000000
20260510_200449,2026-05-10 20:14:09,502,0.6833,1,500,105,100,5,0,20,13,51,51,105,1791.234497,-333.519324,4058.846924,2163.549693,0.000000,0.000000,0.000000,0.000000,0.000000,0.000000,0.000000,0.000000,0,0,0,0,0,0.000000,0.000000,0.000000
20260510_200449,2026-05-10 20:14:10,503,0.6801,1,500,105,100,5,0,20,12,54,54,105,1598.269531,-257.745385,3864.051025,2103.728903,0.000000,0.000000,0.000000,0.000000,0.000000,0.000000,0.000000,0.000000,0,0,0,0,0,0.000000,0.000000,0.000000
20260510_200449,2026-05-10 20:14:12,504,0.7013,1,500,105,100,5,0,20,13,43,43,105,1438.217773,-260.223169,3261.248047,2041.098188,0.000000,0.000000,0.000000,0.000000,0.000000,0.000000,0.000000,0.000000,0,0,0,0,0,0.000000,0.000000,0.000000
20260510_200449,2026-05-10 20:14:13,505,0.7007,1,500,105,100,5,0,20,12,62,62,105,2340.506836,-379.667217,4057.598633,2031.852535,0.000000,0.000000,0.000000,0.000000,0.000000,0.000000,0.000000,0.000000,0,0,0,0,0,0.000000,0.000000,0.000000
20260510_200449,2026-05-10 20:14:15,506,0.7162,1,500,105,100,5,0,20,13,54,54,105,1700.892578,-343.467415,3459.688477,2078.769713,0.000000,0.000000,0.000000,0.000000,0.000000,0.000000,0.000000,0.000000,0,0,0,0,0,0.000000,0.000000,0.000000
20260510_200449,2026-05-10 20:14:17,507,0.8023,1,500,105,100,5,0,20,13,56,56,105,1682.784912,-257.736333,4465.818359,2080.620229,0.000000,0.000000,0.000000,0.000000,0.000000,0.000000,0.000000,0.000000,0,0,0,0,0,0.000000,0.000000,0.000000
20260510_200449,2026-05-10 20:14:18,508,0.7279,1,500,105,100,5,0,20,15,75,75,105,2257.005859,-279.465207,3658.606934,2201.069955,0.000000,0.000000,0.000000,0.000000,0.000000,0.000000,0.000000,0.000000,0,0,0,0,0,0.000000,0.000000,0.000000
20260510_200449,2026-05-10 20:14:20,509,0.7216,1,500,105,100,5,0,20,10,57,57,105,2554.930664,-210.279614,5670.395996,1943.135007,0.000000,0.000000,0.000000,0.000000,0.000000,0.000000,0.000000,0.000000,0,0,0,0,0,0.000000,0.000000,0.000000
20260510_200449,2026-05-10 20:14:22,510,0.7041,1,500,105,100,5,0,20,13,66,66,105,1393.276367,-281.076945,4061.383545,2064.248332,0.000000,0.000000,0.000000,0.000000,0.000000,0.000000,0.000000,0.000000,0,0,0,0,0,0.000000,0.000000,0.000000
20260510_200449,2026-05-10 20:14:23,511,0.7144,1,500,105,100,5,0,20,12,65,65,105,1495.589844,-350.173499,4467.564941,2040.850289,0.000000,0.000000,0.000000,0.000000,0.000000,0.000000,0.000000,0.000000,0,0,0,0,0,0.000000,0.000000,0.000000
20260510_200449,2026-05-10 20:14:25,512,0.6879,1,500,105,100,5,0,20,9,76,76,105,2874.898193,-138.944980,5271.333984,1959.455241,0.000000,0.000000,0.000000,0.000000,0.000000,0.000000,0.000000,0.000000,0,0,0,0,0,0.000000,0.000000,0.000000
20260510_200449,2026-05-10 20:14:27,513,0.6822,1,500,105,100,5,0,20,11,49,49,105,1645.471191,-245.653884,3860.166260,2023.666188,0.000000,0.000000,0.000000,0.000000,0.000000,0.000000,0.000000,0.000000,0,0,0,0,0,0.000000,0.000000,0.000000
20260510_200449,2026-05-10 20:14:28,514,0.6874,1,500,105,100,5,0,20,13,56,56,105,2126.656982,-289.993594,4663.260742,2168.648111,0.000000,0.000000,0.000000,0.000000,0.000000,0.000000,0.000000,0.000000,0,0,0,0,0,0.000000,0.000000,0.000000
20260510_200449,2026-05-10 20:14:30,515,0.6779,1,500,105,100,5,0,20,13,48,48,105,1777.435913,-345.500500,3463.000977,2181.799607,0.000000,0.000000,0.000000,0.000000,0.000000,0.000000,0.000000,0.000000,0,0,0,0,0,0.000000,0.000000,0.000000
20260510_200449,2026-05-10 20:14:32,516,0.6746,1,500,105,100,5,0,20,15,50,50,105,2496.204102,-179.770349,3262.231934,2170.168338,0.000000,0.000000,0.000000,0.000000,0.000000,0.000000,0.000000,0.000000,0,0,0,0,0,0.000000,0.000000,0.000000
20260510_200449,2026-05-10 20:14:33,517,0.6780,1,500,105,100,5,0,20,9,47,47,105,1270.575928,-267.350575,5275.329102,1936.847895,0.000000,0.000000,0.000000,0.000000,0.000000,0.000000,0.000000,0.000000,0,0,0,0,0,0.000000,0.000000,0.000000
20260510_200449,2026-05-10 20:14:35,518,0.6834,1,500,105,100,5,0,20,12,85,85,105,2780.202637,-206.351765,4064.645752,2109.385393,0.000000,0.000000,0.000000,0.000000,0.000000,0.000000,0.000000,0.000000,0,0,0,0,0,0.000000,0.000000,0.000000
20260510_200449,2026-05-10 20:14:36,519,0.6832,1,500,105,100,5,0,20,12,60,60,105,1148.096191,-299.299205,3660.943604,2154.978030,0.000000,0.000000,0.000000,0.000000,0.000000,0.000000,0.000000,0.000000,0,0,0,0,0,0.000000,0.000000,0.000000
20260510_200449,2026-05-10 20:14:38,520,0.7109,1,500,105,100,5,0,20,11,60,60,105,1511.443359,-312.652898,3858.033447,2082.005081,0.000000,0.000000,0.000000,0.000000,0.000000,0.000000,0.000000,0.000000,0,0,0,0,0,0.000000,0.000000,0.000000
20260510_200449,2026-05-10 20:14:40,521,0.7076,1,500,105,100,5,0,20,11,71,71,105,2192.269043,-268.937625,4257.975586,2200.226135,0.000000,0.000000,0.000000,0.000000,0.000000,0.000000,0.000000,0.000000,0,0,0,0,0,0.000000,0.000000,0.000000
20260510_200449,2026-05-10 20:14:41,522,0.6859,1,500,105,100,5,0,20,13,71,71,105,1255.808594,-232.166947,3660.753418,2075.902316,0.000000,0.000000,0.000000,0.000000,0.000000,0.000000,0.000000,0.000000,0,0,0,0,0,0.000000,0.000000,0.000000
20260510_200449,2026-05-10 20:14:43,523,0.6802,1,500,105,100,5,0,20,11,73,73,105,2067.419922,-384.184633,4259.675781,2120.432082,0.000000,0.000000,0.000000,0.000000,0.000000,0.000000,0.000000,0.000000,0,0,0,0,0,0.000000,0.000000,0.000000
20260510_200449,2026-05-10 20:14:45,524,0.6975,1,500,105,100,5,0,20,11,83,83,105,2654.826172,-204.908830,5460.628906,2067.783701,0.000000,0.000000,0.000000,0.000000,0.000000,0.000000,0.000000,0.000000,0,0,0,0,0,0.000000,0.000000,0.000000
20260510_200449,2026-05-10 20:14:46,525,0.7016,1,500,105,100,5,0,20,12,87,87,105,1335.642456,-321.566529,3464.791016,2105.517879,0.000000,0.000000,0.000000,0.000000,0.000000,0.000000,0.000000,0.000000,0,0,0,0,0,0.000000,0.000000,0.000000
20260510_200449,2026-05-10 20:14:48,526,0.6824,1,500,105,100,5,0,20,13,50,50,105,1313.510620,-452.308890,3656.167725,2102.183118,0.000000,0.000000,0.000000,0.000000,0.000000,0.000000,0.000000,0.000000,0,0,0,0,0,0.000000,0.000000,0.000000
20260510_200449,2026-05-10 20:14:50,527,0.6776,1,500,105,100,5,0,20,8,55,55,104,1434.289062,-421.563385,5269.369629,1923.516548,0.000000,0.000000,0.000000,0.000000,0.000000,0.000000,0.000000,0.000000,0,0,0,0,0,0.000000,0.000000,0.000000
20260510_200449,2026-05-10 20:14:51,528,0.6886,1,500,105,100,5,0,20,12,68,68,105,1325.422485,-374.698555,4863.281738,2078.392480,0.000000,0.000000,0.000000,0.000000,0.000000,0.000000,0.000000,0.000000,0,0,0,0,0,0.000000,0.000000,0.000000
20260510_200449,2026-05-10 20:14:53,529,0.6780,1,500,105,100,5,0,20,11,49,49,105,1853.270508,-282.165701,5262.839355,2041.203767,0.000000,0.000000,0.000000,0.000000,0.000000,0.000000,0.000000,0.000000,0,0,0,0,0,0.000000,0.000000,0.000000
20260510_200449,2026-05-10 20:14:55,530,0.6841,1,500,105,100,5,0,20,12,82,82,105,1433.056641,-263.991503,4462.140625,2007.586737,0.000000,0.000000,0.000000,0.000000,0.000000,0.000000,0.000000,0.000000,0,0,0,0,0,0.000000,0.000000,0.000000
20260510_200449,2026-05-10 20:14:56,531,0.6818,1,500,105,100,5,0,20,10,53,53,104,1892.041016,-297.028525,4665.800781,1947.490269,0.000000,0.000000,0.000000,0.000000,0.000000,0.000000,0.000000,0.000000,0,0,0,0,0,0.000000,0.000000,0.000000
20260510_200449,2026-05-10 20:14:58,532,0.6944,1,500,105,100,5,0,20,14,39,39,105,1452.373047,-324.613378,3662.774658,2169.351863,0.000000,0.000000,0.000000,0.000000,0.000000,0.000000,0.000000,0.000000,0,0,0,0,0,0.000000,0.000000,0.000000
20260510_200449,2026-05-10 20:15:00,533,0.7043,1,500,105,100,5,0,20,10,59,59,105,1944.570557,-327.973158,5267.491211,1989.262134,0.000000,0.000000,0.000000,0.000000,0.000000,0.000000,0.000000,0.000000,0,0,0,0,0,0.000000,0.000000,0.000000
20260510_200449,2026-05-10 20:15:01,534,0.6789,1,500,105,100,5,0,20,10,53,53,105,1793.359009,-226.947658,4462.046875,1983.157141,0.000000,0.000000,0.000000,0.000000,0.000000,0.000000,0.000000,0.000000,0,0,0,0,0,0.000000,0.000000,0.000000
20260510_200449,2026-05-10 20:15:03,535,0.6671,1,500,105,100,5,0,20,12,54,54,105,2136.735352,-263.367190,3859.165039,2167.008440,0.000000,0.000000,0.000000,0.000000,0.000000,0.000000,0.000000,0.000000,0,0,0,0,0,0.000000,0.000000,0.000000
20260510_200449,2026-05-10 20:15:05,536,0.6913,1,500,105,100,5,0,20,9,50,50,105,1843.762451,-324.426903,4263.047852,2056.027987,0.000000,0.000000,0.000000,0.000000,0.000000,0.000000,0.000000,0.000000,0,0,0,0,0,0.000000,0.000000,0.000000
20260510_200449,2026-05-10 20:15:06,537,0.6793,1,500,105,100,5,0,20,9,42,42,104,1237.191406,-358.506240,5671.616211,1946.640814,0.000000,0.000000,0.000000,0.000000,0.000000,0.000000,0.000000,0.000000,0,0,0,0,0,0.000000,0.000000,0.000000
20260510_200449,2026-05-10 20:15:08,538,0.6742,1,500,105,100,5,0,20,15,34,34,105,1023.171265,-391.839882,4661.548340,2168.752118,0.000000,0.000000,0.000000,0.000000,0.000000,0.000000,0.000000,0.000000,0,0,0,0,0,0.000000,0.000000,0.000000
20260510_200449,2026-05-10 20:15:10,539,0.6813,1,500,105,100,5,0,20,10,33,33,105,1131.217773,-419.113786,5462.013184,2114.952271,0.000000,0.000000,0.000000,0.000000,0.000000,0.000000,0.000000,0.000000,0,0,0,0,0,0.000000,0.000000,0.000000
20260510_200449,2026-05-10 20:15:11,540,0.6761,1,500,105,100,5,0,20,14,48,48,105,1188.711914,-334.221934,3260.195557,2136.131024,0.000000,0.000000,0.000000,0.000000,0.000000,0.000000,0.000000,0.000000,0,0,0,0,0,0.000000,0.000000,0.000000
20260510_200449,2026-05-10 20:15:13,541,0.6737,1,500,105,100,5,0,20,9,67,67,105,1177.850586,-328.946761,4265.528320,2079.908058,0.000000,0.000000,0.000000,0.000000,0.000000,0.000000,0.000000,0.000000,0,0,0,0,0,0.000000,0.000000,0.000000
20260510_200449,2026-05-10 20:15:15,542,0.6896,1,500,105,100,5,0,20,12,63,63,104,1843.545532,-235.574427,4662.714844,1986.349340,0.000000,0.000000,0.000000,0.000000,0.000000,0.000000,0.000000,0.000000,0,0,0,0,0,0.000000,0.000000,0.000000
20260510_200449,2026-05-10 20:15:16,543,0.6720,1,500,105,100,5,0,20,14,50,50,105,2294.367432,-289.129790,3263.363037,2144.141309,0.000000,0.000000,0.000000,0.000000,0.000000,0.000000,0.000000,0.000000,0,0,0,0,0,0.000000,0.000000,0.000000
20260510_200449,2026-05-10 20:15:18,544,0.6811,1,500,105,100,5,0,20,11,63,63,105,1023.310547,-448.268039,4262.908691,2087.544150,0.000000,0.000000,0.000000,0.000000,0.000000,0.000000,0.000000,0.000000,0,0,0,0,0,0.000000,0.000000,0.000000
20260510_200449,2026-05-10 20:15:20,545,0.6836,1,500,105,100,5,0,20,13,91,91,104,2374.964844,-213.620062,4063.044434,2094.546101,0.000000,0.000000,0.000000,0.000000,0.000000,0.000000,0.000000,0.000000,0,0,0,0,0,0.000000,0.000000,0.000000
20260510_200449,2026-05-10 20:15:21,546,0.6812,1,500,105,100,5,0,20,12,90,90,105,1585.713867,-207.972783,3462.057861,2112.962645,0.000000,0.000000,0.000000,0.000000,0.000000,0.000000,0.000000,0.000000,0,0,0,0,0,0.000000,0.000000,0.000000
20260510_200449,2026-05-10 20:15:23,547,0.6720,1,500,105,100,5,0,20,12,142,142,105,2247.028809,-147.624661,3863.034424,2015.369479,0.000000,0.000000,0.000000,0.000000,0.000000,0.000000,0.000000,0.000000,0,0,0,0,0,0.000000,0.000000,0.000000
20260510_200449,2026-05-10 20:15:25,548,0.6756,1,500,105,100,5,0,20,13,67,67,105,2978.314941,-261.884208,4062.391113,2114.868163,0.000000,0.000000,0.000000,0.000000,0.000000,0.000000,0.000000,0.000000,0,0,0,0,0,0.000000,0.000000,0.000000
20260510_200449,2026-05-10 20:15:26,549,0.6785,1,500,105,100,5,0,20,9,96,96,104,1801.464233,-90.894316,4668.787109,2028.089032,0.000000,0.000000,0.000000,0.000000,0.000000,0.000000,0.000000,0.000000,0,0,0,0,0,0.000000,0.000000,0.000000
20260510_200449,2026-05-10 20:15:28,550,0.6779,1,500,105,100,5,0,20,8,91,91,105,1892.577026,-384.414014,5063.349609,2019.826093,0.000000,0.000000,0.000000,0.000000,0.000000,0.000000,0.000000,0.000000,0,0,0,0,0,0.000000,0.000000,0.000000
20260510_200449,2026-05-10 20:15:30,551,0.6944,1,500,105,100,5,0,20,11,83,83,104,1937.914062,-230.054791,3266.338379,2121.430055,0.000000,0.000000,0.000000,0.000000,0.000000,0.000000,0.000000,0.000000,0,0,0,0,0,0.000000,0.000000,0.000000
20260510_200449,2026-05-10 20:15:31,552,0.6800,1,500,105,100,5,0,20,12,89,89,105,2383.585693,-315.562767,4062.301025,2012.911441,0.000000,0.000000,0.000000,0.000000,0.000000,0.000000,0.000000,0.000000,0,0,0,0,0,0.000000,0.000000,0.000000
20260510_200449,2026-05-10 20:15:33,553,0.6884,1,500,105,100,5,0,20,11,65,65,105,1866.951904,-223.483309,3661.007812,2140.426660,0.000000,0.000000,0.000000,0.000000,0.000000,0.000000,0.000000,0.000000,0,0,0,0,0,0.000000,0.000000,0.000000
20260510_200449,2026-05-10 20:15:35,554,0.6794,1,500,105,100,5,0,20,15,74,74,105,2327.032227,-340.191062,3661.798828,2183.173090,0.000000,0.000000,0.000000,0.000000,0.000000,0.000000,0.000000,0.000000,0,0,0,0,0,0.000000,0.000000,0.000000
20260510_200449,2026-05-10 20:15:37,555,0.6744,1,500,105,100,5,0,20,11,81,81,104,1466.452148,-356.301794,3663.888428,2068.647556,0.000000,0.000000,0.000000,0.000000,0.000000,0.000000,0.000000,0.000000,0,0,0,0,0,0.000000,0.000000,0.000000
20260510_200449,2026-05-10 20:15:38,556,0.6752,1,500,105,100,5,0,20,14,53,53,105,2071.156250,-285.044757,3464.732422,2127.180272,0.000000,0.000000,0.000000,0.000000,0.000000,0.000000,0.000000,0.000000,0,0,0,0,0,0.000000,0.000000,0.000000
20260510_200449,2026-05-10 20:15:40,557,0.6680,1,500,105,100,5,0,20,14,63,63,105,1931.591553,-271.743019,4059.605713,2059.401156,0.000000,0.000000,0.000000,0.000000,0.000000,0.000000,0.000000,0.000000,0,0,0,0,0,0.000000,0.000000,0.000000
20260510_200449,2026-05-10 20:15:42,558,0.6629,1,500,105,100,5,0,20,12,81,81,105,1718.554688,-250.478445,4059.675537,2064.463599,0.000000,0.000000,0.000000,0.000000,0.000000,0.000000,0.000000,0.000000,0,0,0,0,0,0.000000,0.000000,0.000000
20260510_200449,2026-05-10 20:15:43,559,0.6729,1,500,105,100,5,0,20,15,76,76,105,2014.543701,-239.292750,3660.798584,2093.884009,0.000000,0.000000,0.000000,0.000000,0.000000,0.000000,0.000000,0.000000,0,0,0,0,0,0.000000,0.000000,0.000000
20260510_200449,2026-05-10 20:15:45,560,0.6766,1,500,105,100,5,0,20,12,86,86,105,1426.821289,-328.201180,4058.176758,2113.469439,0.000000,0.000000,0.000000,0.000000,0.000000,0.000000,0.000000,0.000000,0,0,0,0,0,0.000000,0.000000,0.000000
20260510_200449,2026-05-10 20:15:47,561,0.6761,1,500,105,100,5,0,20,9,112,112,104,2089.660156,-149.376362,4668.582031,1919.713615,0.000000,0.000000,0.000000,0.000000,0.000000,0.000000,0.000000,0.000000,0,0,0,0,0,0.000000,0.000000,0.000000
20260510_200449,2026-05-10 20:15:48,562,0.6725,1,500,105,100,5,0,20,12,94,94,105,1763.628540,-329.721487,4262.064941,2107.260674,0.000000,0.000000,0.000000,0.000000,0.000000,0.000000,0.000000,0.000000,0,0,0,0,0,0.000000,0.000000,0.000000
20260510_200449,2026-05-10 20:15:50,563,0.6799,1,500,105,100,5,0,20,14,113,113,105,1902.852539,-240.380172,3862.175049,2141.449332,0.000000,0.000000,0.000000,0.000000,0.000000,0.000000,0.000000,0.000000,0,0,0,0,0,0.000000,0.000000,0.000000
20260510_200449,2026-05-10 20:15:52,564,0.7016,1,500,105,100,5,0,20,14,69,69,105,1349.458740,-540.010479,3457.488525,2107.784207,0.000000,0.000000,0.000000,0.000000,0.000000,0.000000,0.000000,0.000000,0,0,0,0,0,0.000000,0.000000,0.000000
20260510_200449,2026-05-10 20:15:54,565,0.7004,1,500,105,100,5,0,20,12,66,66,105,1972.341797,-255.986858,4461.078613,2075.269247,0.000000,0.000000,0.000000,0.000000,0.000000,0.000000,0.000000,0.000000,0,0,0,0,0,0.000000,0.000000,0.000000
20260510_200449,2026-05-10 20:15:56,566,0.6919,1,500,105,100,5,0,20,12,85,85,105,1438.400146,-327.448206,4460.244141,2126.411745,0.000000,0.000000,0.000000,0.000000,0.000000,0.000000,0.000000,0.000000,0,0,0,0,0,0.000000,0.000000,0.000000
20260510_200449,2026-05-10 20:15:57,567,0.6953,1,500,105,100,5,0,20,12,81,81,105,1299.242188,-288.880638,4063.663330,2099.014056,0.000000,0.000000,0.000000,0.000000,0.000000,0.000000,0.000000,0.000000,0,0,0,0,0,0.000000,0.000000,0.000000
20260510_200449,2026-05-10 20:15:59,568,0.7002,1,500,105,100,5,0,20,13,94,94,105,1238.321777,-299.705343,3258.069336,2083.608793,0.000000,0.000000,0.000000,0.000000,0.000000,0.000000,0.000000,0.000000,0,0,0,0,0,0.000000,0.000000,0.000000
20260510_200449,2026-05-10 20:16:01,569,0.6946,1,500,105,100,5,0,20,14,83,83,105,1067.427734,-426.655756,3657.271484,2146.906341,0.000000,0.000000,0.000000,0.000000,0.000000,0.000000,0.000000,0.000000,0,0,0,0,0,0.000000,0.000000,0.000000
20260510_200449,2026-05-10 20:16:03,570,0.6740,1,500,105,100,5,0,20,11,127,127,105,1963.742554,-352.777121,3661.049072,2118.338354,0.000000,0.000000,0.000000,0.000000,0.000000,0.000000,0.000000,0.000000,0,0,0,0,0,0.000000,0.000000,0.000000
20260510_200449,2026-05-10 20:16:05,571,0.6716,1,500,105,100,5,0,20,14,87,87,105,1678.182495,-228.188174,3461.257324,2178.570118,0.000000,0.000000,0.000000,0.000000,0.000000,0.000000,0.000000,0.000000,0,0,0,0,0,0.000000,0.000000,0.000000
20260510_200449,2026-05-10 20:16:06,572,0.6713,1,500,105,100,5,0,20,12,88,88,105,1735.012329,-262.213720,4059.240479,2076.964706,0.000000,0.000000,0.000000,0.000000,0.000000,0.000000,0.000000,0.000000,0,0,0,0,0,0.000000,0.000000,0.000000
20260510_200449,2026-05-10 20:16:08,573,0.6739,1,500,105,100,5,0,20,10,103,103,105,2060.128906,-306.861212,4866.244141,1914.389386,0.000000,0.000000,0.000000,0.000000,0.000000,0.000000,0.000000,0.000000,0,0,0,0,0,0.000000,0.000000,0.000000
20260510_200449,2026-05-10 20:16:10,574,0.6716,1,500,105,100,5,0,20,11,72,72,105,1675.708374,-310.165080,3863.159912,2117.653709,0.000000,0.000000,0.000000,0.000000,0.000000,0.000000,0.000000,0.000000,0,0,0,0,0,0.000000,0.000000,0.000000
20260510_200449,2026-05-10 20:16:12,575,0.6701,1,500,105,100,5,0,20,8,74,74,105,1390.864868,-333.316791,5067.104492,2048.183191,0.000000,0.000000,0.000000,0.000000,0.000000,0.000000,0.000000,0.000000,0,0,0,0,0,0.000000,0.000000,0.000000
20260510_200449,2026-05-10 20:16:14,576,0.6676,1,500,105,100,5,0,20,11,93,93,105,1998.711792,-221.747340,3860.412109,2074.530156,0.000000,0.000000,0.000000,0.000000,0.000000,0.000000,0.000000,0.000000,0,0,0,0,0,0.000000,0.000000,0.000000
20260510_200449,2026-05-10 20:16:15,577,0.6496,1,500,105,100,5,0,20,11,76,76,105,1184.530640,-253.357334,4862.621582,1995.133333,0.000000,0.000000,0.000000,0.000000,0.000000,0.000000,0.000000,0.000000,0,0,0,0,0,0.000000,0.000000,0.000000
20260510_200449,2026-05-10 20:16:17,578,0.6579,1,500,105,100,5,0,20,11,88,88,105,1816.293213,-308.622913,3661.196777,2190.788199,0.000000,0.000000,0.000000,0.000000,0.000000,0.000000,0.000000,0.000000,0,0,0,0,0,0.000000,0.000000,0.000000
20260510_200449,2026-05-10 20:16:19,579,0.6633,1,500,105,100,5,0,20,10,113,113,105,1416.739990,-390.232110,4862.819336,1972.381566,0.000000,0.000000,0.000000,0.000000,0.000000,0.000000,0.000000,0.000000,0,0,0,0,0,0.000000,0.000000,0.000000
20260510_200449,2026-05-10 20:16:21,580,0.6749,1,500,105,100,5,0,20,9,104,104,105,1442.870117,-313.076772,5261.889160,2045.307613,0.000000,0.000000,0.000000,0.000000,0.000000,0.000000,0.000000,0.000000,0,0,0,0,0,0.000000,0.000000,0.000000
20260510_200449,2026-05-10 20:16:23,581,0.6661,1,500,105,100,5,0,20,12,145,145,105,1940.795898,-183.928188,3467.306641,2187.946304,0.000000,0.000000,0.000000,0.000000,0.000000,0.000000,0.000000,0.000000,0,0,0,0,0,0.000000,0.000000,0.000000
20260510_200449,2026-05-10 20:16:24,582,0.6864,1,500,105,100,5,0,20,14,143,143,105,2681.353027,-196.229733,3863.201172,2168.913705,0.000000,0.000000,0.000000,0.000000,0.000000,0.000000,0.000000,0.000000,0,0,0,0,0,0.000000,0.000000,0.000000
20260510_200449,2026-05-10 20:16:26,583,0.6930,1,500,105,100,5,0,20,10,128,128,105,3773.211914,-158.334206,4267.339844,2038.499331,0.000000,0.000000,0.000000,0.000000,0.000000,0.000000,0.000000,0.000000,0,0,0,0,0,0.000000,0.000000,0.000000
20260510_200449,2026-05-10 20:16:28,584,0.6604,1,500,105,100,5,0,20,12,99,99,105,1223.353516,-353.952887,4260.613281,2000.498048,0.000000,0.000000,0.000000,0.000000,0.000000,0.000000,0.000000,0.000000,0,0,0,0,0,0.000000,0.000000,0.000000
20260510_200449,2026-05-10 20:16:30,585,0.6897,1,500,105,100,5,0,20,12,133,133,105,2274.669678,-369.437634,3458.281982,2051.122173,0.000000,0.000000,0.000000,0.000000,0.000000,0.000000,0.000000,0.000000,0,0,0,0,0,0.000000,0.000000,0.000000
20260510_200449,2026-05-10 20:16:32,586,0.6856,1,500,105,100,5,0,20,12,114,114,105,2064.528320,-323.450467,4058.870605,2239.917529,0.000000,0.000000,0.000000,0.000000,0.000000,0.000000,0.000000,0.000000,0,0,0,0,0,0.000000,0.000000,0.000000
20260510_200449,2026-05-10 20:16:33,587,0.6699,1,500,105,100,5,0,20,12,109,109,105,1073.583252,-283.418056,3457.610352,2118.800223,0.000000,0.000000,0.000000,0.000000,0.000000,0.000000,0.000000,0.000000,0,0,0,0,0,0.000000,0.000000,0.000000
20260510_200449,2026-05-10 20:16:35,588,0.6739,1,500,105,100,5,0,20,15,117,117,105,2278.198486,-195.155380,3257.516113,2187.713278,0.000000,0.000000,0.000000,0.000000,0.000000,0.000000,0.000000,0.000000,0,0,0,0,0,0.000000,0.000000,0.000000
20260510_200449,2026-05-10 20:16:37,589,0.6789,1,500,105,100,5,0,20,12,125,125,105,2210.231934,-228.904132,3862.572754,2071.131595,0.000000,0.000000,0.000000,0.000000,0.000000,0.000000,0.000000,0.000000,0,0,0,0,0,0.000000,0.000000,0.000000
20260510_200449,2026-05-10 20:16:39,590,0.6715,1,500,105,100,5,0,20,15,171,171,105,2307.497559,-301.054294,3260.665527,2208.711226,0.000000,0.000000,0.000000,0.000000,0.000000,0.000000,0.000000,0.000000,0,0,0,0,0,0.000000,0.000000,0.000000
20260510_200449,2026-05-10 20:16:41,591,0.6759,1,500,105,100,5,0,20,13,176,176,104,2724.139893,-216.686558,4062.270264,2030.099858,0.000000,0.000000,0.000000,0.000000,0.000000,0.000000,0.000000,0.000000,0,0,0,0,0,0.000000,0.000000,0.000000
20260510_200449,2026-05-10 20:16:43,592,0.6657,1,500,105,100,5,0,20,12,135,135,104,1462.261353,-226.357463,4065.324707,2051.888361,0.000000,0.000000,0.000000,0.000000,0.000000,0.000000,0.000000,0.000000,0,0,0,0,0,0.000000,0.000000,0.000000
20260510_200449,2026-05-10 20:16:45,593,0.6618,1,500,105,100,5,0,20,12,113,113,105,1618.010742,-383.014563,4063.514648,2075.472580,0.000000,0.000000,0.000000,0.000000,0.000000,0.000000,0.000000,0.000000,0,0,0,0,0,0.000000,0.000000,0.000000
20260510_200449,2026-05-10 20:16:46,594,0.6753,1,500,105,100,5,0,20,12,113,113,105,1299.190430,-323.837855,4061.276367,2094.002180,0.000000,0.000000,0.000000,0.000000,0.000000,0.000000,0.000000,0.000000,0,0,0,0,0,0.000000,0.000000,0.000000
20260510_200449,2026-05-10 20:16:48,595,0.6665,1,500,105,100,5,0,20,14,111,111,105,1163.358398,-344.367967,3258.970947,2164.543602,0.000000,0.000000,0.000000,0.000000,0.000000,0.000000,0.000000,0.000000,0,0,0,0,0,0.000000,0.000000,0.000000
20260510_200449,2026-05-10 20:16:50,596,0.6593,1,500,105,100,5,0,20,10,147,147,105,1732.001953,-316.910945,4860.500977,2122.145453,0.000000,0.000000,0.000000,0.000000,0.000000,0.000000,0.000000,0.000000,0,0,0,0,0,0.000000,0.000000,0.000000
20260510_200449,2026-05-10 20:16:52,597,0.6751,1,500,105,100,5,0,20,10,122,122,105,2151.807617,-223.178306,4265.023438,2067.909132,0.000000,0.000000,0.000000,0.000000,0.000000,0.000000,0.000000,0.000000,0,0,0,0,0,0.000000,0.000000,0.000000
20260510_200449,2026-05-10 20:16:54,598,0.6689,1,500,105,100,5,0,20,12,99,99,105,1645.833862,-427.466928,4260.730469,2232.597952,0.000000,0.000000,0.000000,0.000000,0.000000,0.000000,0.000000,0.000000,0,0,0,0,0,0.000000,0.000000,0.000000
20260510_200449,2026-05-10 20:16:56,599,0.6635,1,500,105,100,5,0,20,10,96,96,105,1287.846680,-255.688196,4866.441406,2099.518266,0.000000,0.000000,0.000000,0.000000,0.000000,0.000000,0.000000,0.000000,0,0,0,0,0,0.000000,0.000000,0.000000
20260510_200449,2026-05-10 20:16:58,600,0.6738,1,500,105,100,5,0,20,14,123,123,105,5696.383301,-193.509040,3664.552246,2125.953436,0.000000,0.000000,0.000000,0.000000,0.000000,0.000000,0.000000,0.000000,0,0,0,0,0,0.000000,0.000000,0.000000
20260510_200449,2026-05-10 20:16:59,601,0.6837,1,500,105,100,5,0,20,13,125,125,105,1423.791992,-330.487558,3862.884033,2154.328018,0.000000,0.000000,0.000000,0.000000,0.000000,0.000000,0.000000,0.000000,0,0,0,0,0,0.000000,0.000000,0.000000
20260510_200449,2026-05-10 20:17:01,602,0.6642,1,500,105,100,5,0,20,11,115,115,105,1909.006104,-256.568746,4264.963379,2116.046381,0.000000,0.000000,0.000000,0.000000,0.000000,0.000000,0.000000,0.000000,0,0,0,0,0,0.000000,0.000000,0.000000
20260510_200449,2026-05-10 20:17:03,603,0.6653,1,500,105,100,5,0,20,11,69,69,105,1363.810547,-277.623247,4259.036133,2051.526609,0.000000,0.000000,0.000000,0.000000,0.000000,0.000000,0.000000,0.000000,0,0,0,0,0,0.000000,0.000000,0.000000
20260510_200449,2026-05-10 20:17:05,604,0.6737,1,500,105,100,5,0,20,10,101,101,104,5064.821777,-209.147280,5870.393555,1978.627406,0.000000,0.000000,0.000000,0.000000,0.000000,0.000000,0.000000,0.000000,0,0,0,0,0,0.000000,0.000000,0.000000
20260510_200449,2026-05-10 20:17:07,605,0.6983,1,500,105,100,5,0,20,9,128,128,105,2087.904297,-257.745401,4266.772461,2059.690941,0.000000,0.000000,0.000000,0.000000,0.000000,0.000000,0.000000,0.000000,0,0,0,0,0,0.000000,0.000000,0.000000
20260510_200449,2026-05-10 20:17:09,606,0.6790,1,500,105,100,5,0,20,13,109,109,105,1802.503418,-238.183777,3062.062012,2215.039828,0.000000,0.000000,0.000000,0.000000,0.000000,0.000000,0.000000,0.000000,0,0,0,0,0,0.000000,0.000000,0.000000
20260510_200449,2026-05-10 20:17:11,607,0.6724,1,500,105,100,5,0,20,14,105,105,105,1782.026001,-199.681131,3463.666504,2113.282449,0.000000,0.000000,0.000000,0.000000,0.000000,0.000000,0.000000,0.000000,0,0,0,0,0,0.000000,0.000000,0.000000
20260510_200449,2026-05-10 20:17:13,608,0.6807,1,500,105,100,5,0,20,13,143,143,105,2623.382812,-278.891448,3661.371338,2158.140723,0.000000,0.000000,0.000000,0.000000,0.000000,0.000000,0.000000,0.000000,0,0,0,0,0,0.000000,0.000000,0.000000
20260510_200449,2026-05-10 20:17:14,609,0.6705,1,500,105,100,5,0,20,10,123,123,105,2288.458008,-183.358018,4264.809082,2001.730928,0.000000,0.000000,0.000000,0.000000,0.000000,0.000000,0.000000,0.000000,0,0,0,0,0,0.000000,0.000000,0.000000
20260510_200449,2026-05-10 20:17:16,610,0.6649,1,500,105,100,5,0,20,11,91,91,105,1270.726562,-264.941688,4057.519043,2039.114511,0.000000,0.000000,0.000000,0.000000,0.000000,0.000000,0.000000,0.000000,0,0,0,0,0,0.000000,0.000000,0.000000
20260510_200449,2026-05-10 20:17:18,611,0.6563,1,500,105,100,5,0,20,14,98,98,105,1507.301514,-247.245433,3658.632324,2138.954562,0.000000,0.000000,0.000000,0.000000,0.000000,0.000000,0.000000,0.000000,0,0,0,0,0,0.000000,0.000000,0.000000
20260510_200449,2026-05-10 20:17:20,612,0.6834,1,500,105,100,5,0,20,11,129,129,105,2597.276367,-288.308639,4063.723633,2168.317654,0.000000,0.000000,0.000000,0.000000,0.000000,0.000000,0.000000,0.000000,0,0,0,0,0,0.000000,0.000000,0.000000
20260510_200449,2026-05-10 20:17:22,613,0.6587,1,500,105,100,5,0,20,13,51,51,105,1627.431152,-245.801056,3259.038574,2175.927089,0.000000,0.000000,0.000000,0.000000,0.000000,0.000000,0.000000,0.000000,0,0,0,0,0,0.000000,0.000000,0.000000
20260510_200449,2026-05-10 20:17:24,614,0.6617,1,500,105,100,5,0,20,11,71,71,105,1874.529419,-413.813996,3659.166016,2147.508322,0.000000,0.000000,0.000000,0.000000,0.000000,0.000000,0.000000,0.000000,0,0,0,0,0,0.000000,0.000000,0.000000
20260510_200449,2026-05-10 20:17:26,615,0.6573,1,500,105,100,5,0,20,11,79,79,105,1851.766235,-335.201826,4662.458008,2016.992247,0.000000,0.000000,0.000000,0.000000,0.000000,0.000000,0.000000,0.000000,0,0,0,0,0,0.000000,0.000000,0.000000
20260510_200449,2026-05-10 20:17:28,616,0.6636,1,500,105,100,5,0,20,9,91,91,105,1425.648438,-271.821606,5066.843750,2093.735916,0.000000,0.000000,0.000000,0.000000,0.000000,0.000000,0.000000,0.000000,0,0,0,0,0,0.000000,0.000000,0.000000
20260510_200449,2026-05-10 20:17:30,617,0.6650,1,500,105,100,5,0,20,15,92,92,105,1244.142212,-298.521801,3859.711182,2201.648814,0.000000,0.000000,0.000000,0.000000,0.000000,0.000000,0.000000,0.000000,0,0,0,0,0,0.000000,0.000000,0.000000
20260510_200449,2026-05-10 20:17:32,618,0.6600,1,500,105,100,5,0,20,11,91,91,105,1543.323242,-251.236771,4263.613281,2091.730093,0.000000,0.000000,0.000000,0.000000,0.000000,0.000000,0.000000,0.000000,0,0,0,0,0,0.000000,0.000000,0.000000
20260510_200449,2026-05-10 20:17:33,619,0.6620,1,500,105,100,5,0,20,11,47,47,105,1207.978516,-284.650007,4060.339355,2124.583603,0.000000,0.000000,0.000000,0.000000,0.000000,0.000000,0.000000,0.000000,0,0,0,0,0,0.000000,0.000000,0.000000
20260510_200449,2026-05-10 20:17:35,620,0.6553,1,500,105,100,5,0,20,14,64,64,105,2702.363281,-209.041170,3656.320068,2213.064130,0.000000,0.000000,0.000000,0.000000,0.000000,0.000000,0.000000,0.000000,0,0,0,0,0,0.000000,0.000000,0.000000
20260510_200449,2026-05-10 20:17:37,621,0.6661,1,500,105,100,5,0,20,12,59,59,104,1626.483398,-224.372083,3662.061523,2112.351363,0.000000,0.000000,0.000000,0.000000,0.000000,0.000000,0.000000,0.000000,0,0,0,0,0,0.000000,0.000000,0.000000
20260510_200449,2026-05-10 20:17:39,622,0.6600,1,500,105,100,5,0,20,15,71,71,105,1274.451904,-281.035101,3658.695068,2230.231400,0.000000,0.000000,0.000000,0.000000,0.000000,0.000000,0.000000,0.000000,0,0,0,0,0,0.000000,0.000000,0.000000
20260510_200449,2026-05-10 20:17:41,623,0.6651,1,500,105,100,5,0,20,12,79,79,105,1546.257812,-214.572034,3665.201904,2153.109494,0.000000,0.000000,0.000000,0.000000,0.000000,0.000000,0.000000,0.000000,0,0,0,0,0,0.000000,0.000000,0.000000
20260510_200449,2026-05-10 20:17:43,624,0.6622,1,500,105,100,5,0,20,13,144,144,105,3295.950195,-369.104076,4064.017578,2143.461775,0.000000,0.000000,0.000000,0.000000,0.000000,0.000000,0.000000,0.000000,0,0,0,0,0,0.000000,0.000000,0.000000
20260510_200449,2026-05-10 20:17:45,625,0.6526,1,500,105,100,5,0,20,13,75,75,105,2591.586914,-266.953679,3858.099854,2078.389056,0.000000,0.000000,0.000000,0.000000,0.000000,0.000000,0.000000,0.000000,0,0,0,0,0,0.000000,0.000000,0.000000
20260510_200449,2026-05-10 20:17:46,626,0.6647,1,500,105,100,5,0,20,12,80,80,105,1180.853394,-263.719193,3859.846191,2133.999660,0.000000,0.000000,0.000000,0.000000,0.000000,0.000000,0.000000,0.000000,0,0,0,0,0,0.000000,0.000000,0.000000
20260510_200449,2026-05-10 20:17:48,627,0.6642,1,500,105,100,5,0,20,9,61,61,105,1478.355103,-270.615801,4265.613770,1917.481013,0.000000,0.000000,0.000000,0.000000,0.000000,0.000000,0.000000,0.000000,0,0,0,0,0,0.000000,0.000000,0.000000
20260510_200449,2026-05-10 20:17:50,628,0.6737,1,500,105,100,5,0,20,9,91,91,105,2279.395508,-285.244949,4464.009766,2100.614951,0.000000,0.000000,0.000000,0.000000,0.000000,0.000000,0.000000,0.000000,0,0,0,0,0,0.000000,0.000000,0.000000
20260510_200449,2026-05-10 20:17:52,629,0.6567,1,500,105,100,5,0,20,11,102,102,104,1736.519897,-342.563818,4663.083008,2008.991833,0.000000,0.000000,0.000000,0.000000,0.000000,0.000000,0.000000,0.000000,0,0,0,0,0,0.000000,0.000000,0.000000
20260510_200449,2026-05-10 20:17:54,630,0.6592,1,500,105,100,5,0,20,13,105,105,105,2284.507812,-135.569079,4462.768555,2079.844757,0.000000,0.000000,0.000000,0.000000,0.000000,0.000000,0.000000,0.000000,0,0,0,0,0,0.000000,0.000000,0.000000
20260510_200449,2026-05-10 20:17:56,631,0.6619,1,500,105,100,5,0,20,13,74,74,105,2695.704834,-172.618496,3864.394775,2102.968966,0.000000,0.000000,0.000000,0.000000,0.000000,0.000000,0.000000,0.000000,0,0,0,0,0,0.000000,0.000000,0.000000
20260510_200449,2026-05-10 20:17:58,632,0.6665,1,500,105,100,5,0,20,14,75,75,105,3116.177002,-148.906992,3665.736572,2135.347477,0.000000,0.000000,0.000000,0.000000,0.000000,0.000000,0.000000,0.000000,0,0,0,0,0,0.000000,0.000000,0.000000
20260510_200449,2026-05-10 20:18:00,633,0.6585,1,500,105,100,5,0,20,10,47,47,105,1564.614258,-234.640136,4070.059082,2031.025812,0.000000,0.000000,0.000000,0.000000,0.000000,0.000000,0.000000,0.000000,0,0,0,0,0,0.000000,0.000000,0.000000
20260510_200449,2026-05-10 20:18:02,634,0.6657,1,500,105,100,5,0,20,12,75,75,105,1588.486572,-282.710770,4261.277832,2004.614616,0.000000,0.000000,0.000000,0.000000,0.000000,0.000000,0.000000,0.000000,0,0,0,0,0,0.000000,0.000000,0.000000
20260510_200449,2026-05-10 20:18:04,635,0.6773,1,500,105,100,5,0,20,10,67,67,105,2928.635742,-223.783675,4664.213867,2025.017235,0.000000,0.000000,0.000000,0.000000,0.000000,0.000000,0.000000,0.000000,0,0,0,0,0,0.000000,0.000000,0.000000
20260510_200449,2026-05-10 20:18:06,636,0.6816,1,500,105,100,5,0,20,11,39,39,105,1737.716919,-258.137277,4066.637939,1988.310011,0.000000,0.000000,0.000000,0.000000,0.000000,0.000000,0.000000,0.000000,0,0,0,0,0,0.000000,0.000000,0.000000
20260510_200449,2026-05-10 20:18:08,637,0.6791,1,500,105,100,5,0,20,11,91,91,105,1502.013672,-340.661445,3858.283691,2036.331499,0.000000,0.000000,0.000000,0.000000,0.000000,0.000000,0.000000,0.000000,0,0,0,0,0,0.000000,0.000000,0.000000
20260510_200449,2026-05-10 20:18:10,638,0.6760,1,500,105,100,5,0,20,13,37,37,105,1715.211670,-315.587781,4059.635498,2053.128579,0.000000,0.000000,0.000000,0.000000,0.000000,0.000000,0.000000,0.000000,0,0,0,0,0,0.000000,0.000000,0.000000
20260510_200449,2026-05-10 20:18:12,639,0.6730,1,500,105,100,5,0,20,11,38,38,105,1733.278320,-273.587495,4265.796875,2050.855823,0.000000,0.000000,0.000000,0.000000,0.000000,0.000000,0.000000,0.000000,0,0,0,0,0,0.000000,0.000000,0.000000
20260510_200449,2026-05-10 20:18:14,640,0.6706,1,500,105,100,5,0,20,13,53,53,105,1723.310547,-406.750963,4060.068115,2088.427405,0.000000,0.000000,0.000000,0.000000,0.000000,0.000000,0.000000,0.000000,0,0,0,0,0,0.000000,0.000000,0.000000
20260510_200449,2026-05-10 20:18:16,641,0.7017,1,500,105,100,5,0,20,13,77,77,105,1523.124023,-338.940040,4461.824707,2166.021454,0.000000,0.000000,0.000000,0.000000,0.000000,0.000000,0.000000,0.000000,0,0,0,0,0,0.000000,0.000000,0.000000
20260510_200449,2026-05-10 20:18:18,642,0.6943,1,500,105,100,5,0,20,9,75,75,104,2101.423828,-212.891007,4864.862305,1991.211970,0.000000,0.000000,0.000000,0.000000,0.000000,0.000000,0.000000,0.000000,0,0,0,0,0,0.000000,0.000000,0.000000
20260510_200449,2026-05-10 20:18:20,643,0.6839,1,500,105,100,5,0,20,11,59,59,105,1642.504883,-281.746010,5665.771973,1961.150179,0.000000,0.000000,0.000000,0.000000,0.000000,0.000000,0.000000,0.000000,0,0,0,0,0,0.000000,0.000000,0.000000
20260510_200449,2026-05-10 20:18:22,644,0.6768,1,500,105,100,5,0,20,12,54,54,105,1902.776123,-271.054524,3663.321045,2068.521568,0.000000,0.000000,0.000000,0.000000,0.000000,0.000000,0.000000,0.000000,0,0,0,0,0,0.000000,0.000000,0.000000
20260510_200449,2026-05-10 20:18:24,645,0.6981,1,500,105,100,5,0,20,10,60,60,105,1962.156860,-259.265564,4664.858398,2181.127707,0.000000,0.000000,0.000000,0.000000,0.000000,0.000000,0.000000,0.000000,0,0,0,0,0,0.000000,0.000000,0.000000
20260510_200449,2026-05-10 20:18:26,646,0.7164,1,500,105,100,5,0,20,11,46,46,105,1527.032471,-258.823711,4660.152832,2106.100996,0.000000,0.000000,0.000000,0.000000,0.000000,0.000000,0.000000,0.000000,0,0,0,0,0,0.000000,0.000000,0.000000
20260510_200449,2026-05-10 20:18:28,647,0.6815,1,500,105,100,5,0,20,12,61,61,105,1461.100586,-357.554083,4262.758789,2067.933580,0.000000,0.000000,0.000000,0.000000,0.000000,0.000000,0.000000,0.000000,0,0,0,0,0,0.000000,0.000000,0.000000
20260510_200449,2026-05-10 20:18:30,648,0.6770,1,500,105,100,5,0,20,10,53,53,105,1593.716797,-351.992257,4665.578125,2025.016968,0.000000,0.000000,0.000000,0.000000,0.000000,0.000000,0.000000,0.000000,0,0,0,0,0,0.000000,0.000000,0.000000
20260510_200449,2026-05-10 20:18:32,649,0.6967,1,500,105,100,5,0,20,10,71,71,105,1439.689453,-297.555616,4062.479980,2130.424789,0.000000,0.000000,0.000000,0.000000,0.000000,0.000000,0.000000,0.000000,0,0,0,0,0,0.000000,0.000000,0.000000
20260510_200449,2026-05-10 20:18:34,650,0.6884,1,500,105,100,5,0,20,13,61,61,105,3310.009521,-292.545183,4063.311523,2122.240125,0.000000,0.000000,0.000000,0.000000,0.000000,0.000000,0.000000,0.000000,0,0,0,0,0,0.000000,0.000000,0.000000
20260510_200449,2026-05-10 20:18:36,651,0.6963,1,500,105,100,5,0,20,10,63,63,105,1896.658325,-290.108114,3863.194092,1974.910542,0.000000,0.000000,0.000000,0.000000,0.000000,0.000000,0.000000,0.000000,0,0,0,0,0,0.000000,0.000000,0.000000
20260510_200449,2026-05-10 20:18:38,652,0.6788,1,500,105,100,5,0,20,10,51,51,105,1539.547852,-265.251494,5062.246582,2028.312627,0.000000,0.000000,0.000000,0.000000,0.000000,0.000000,0.000000,0.000000,0,0,0,0,0,0.000000,0.000000,0.000000
20260510_200449,2026-05-10 20:18:41,653,0.6745,1,500,105,100,5,0,20,11,64,64,105,2099.052246,-229.230671,4261.460938,1995.249271,0.000000,0.000000,0.000000,0.000000,0.000000,0.000000,0.000000,0.000000,0,0,0,0,0,0.000000,0.000000,0.000000
20260510_200449,2026-05-10 20:18:43,654,0.6880,1,500,105,100,5,0,20,12,57,57,104,1518.132690,-296.043802,3863.466064,2039.335539,0.000000,0.000000,0.000000,0.000000,0.000000,0.000000,0.000000,0.000000,0,0,0,0,0,0.000000,0.000000,0.000000
20260510_200449,2026-05-10 20:18:45,655,0.6869,1,500,105,100,5,0,20,11,50,50,105,1378.063477,-209.342847,4463.341797,2031.376041,0.000000,0.000000,0.000000,0.000000,0.000000,0.000000,0.000000,0.000000,0,0,0,0,0,0.000000,0.000000,0.000000
20260510_200449,2026-05-10 20:18:47,656,0.6867,1,500,105,100,5,0,20,13,63,63,105,2397.146484,-274.544286,4261.368164,2088.712041,0.000000,0.000000,0.000000,0.000000,0.000000,0.000000,0.000000,0.000000,0,0,0,0,0,0.000000,0.000000,0.000000
20260510_200449,2026-05-10 20:18:49,657,0.6960,1,500,105,100,5,0,20,14,36,36,105,1230.635986,-313.416705,3656.916260,2104.833548,0.000000,0.000000,0.000000,0.000000,0.000000,0.000000,0.000000,0.000000,0,0,0,0,0,0.000000,0.000000,0.000000
20260510_200449,2026-05-10 20:18:51,658,0.6979,1,500,105,100,5,0,20,12,51,51,105,1619.290039,-316.584408,4258.027832,2180.273463,0.000000,0.000000,0.000000,0.000000,0.000000,0.000000,0.000000,0.000000,0,0,0,0,0,0.000000,0.000000,0.000000
20260510_200449,2026-05-10 20:18:53,659,0.7002,1,500,105,100,5,0,20,17,35,35,105,1929.248901,-227.944943,3258.171387,2194.762332,0.000000,0.000000,0.000000,0.000000,0.000000,0.000000,0.000000,0.000000,0,0,0,0,0,0.000000,0.000000,0.000000
20260510_200449,2026-05-10 20:18:55,660,0.6990,1,500,105,100,5,0,20,14,54,54,105,1290.018555,-230.010035,3658.662842,2166.767390,0.000000,0.000000,0.000000,0.000000,0.000000,0.000000,0.000000,0.000000,0,0,0,0,0,0.000000,0.000000,0.000000
20260510_200449,2026-05-10 20:18:57,661,0.6927,1,500,105,100,5,0,20,13,47,47,105,1386.467163,-291.118763,3659.834229,2112.550218,0.000000,0.000000,0.000000,0.000000,0.000000,0.000000,0.000000,0.000000,0,0,0,0,0,0.000000,0.000000,0.000000
20260510_200449,2026-05-10 20:19:00,662,0.6845,1,500,105,100,5,0,20,12,67,67,105,2162.068359,-266.502757,4463.658203,2132.925063,0.000000,0.000000,0.000000,0.000000,0.000000,0.000000,0.000000,0.000000,0,0,0,0,0,0.000000,0.000000,0.000000
20260510_200449,2026-05-10 20:19:02,663,0.6753,1,500,105,100,5,0,20,13,46,46,104,1863.026489,-309.687030,3663.212158,2107.396314,0.000000,0.000000,0.000000,0.000000,0.000000,0.000000,0.000000,0.000000,0,0,0,0,0,0.000000,0.000000,0.000000
20260510_200449,2026-05-10 20:19:04,664,0.6861,1,500,105,100,5,0,20,14,37,37,105,1116.059570,-330.470446,4258.460449,2151.241348,0.000000,0.000000,0.000000,0.000000,0.000000,0.000000,0.000000,0.000000,0,0,0,0,0,0.000000,0.000000,0.000000
20260510_200449,2026-05-10 20:19:06,665,0.6707,1,500,105,100,5,0,20,11,39,39,105,1966.243042,-272.884191,5265.720703,2036.845560,0.000000,0.000000,0.000000,0.000000,0.000000,0.000000,0.000000,0.000000,0,0,0,0,0,0.000000,0.000000,0.000000
20260510_200449,2026-05-10 20:19:08,666,0.6867,1,500,105,100,5,0,20,11,40,40,105,1507.453857,-360.784127,3864.704346,2117.329149,0.000000,0.000000,0.000000,0.000000,0.000000,0.000000,0.000000,0.000000,0,0,0,0,0,0.000000,0.000000,0.000000
20260510_200449,2026-05-10 20:19:10,667,0.6837,1,500,105,100,5,0,20,14,34,34,105,1199.019531,-292.126478,3860.010010,2084.733049,0.000000,0.000000,0.000000,0.000000,0.000000,0.000000,0.000000,0.000000,0,0,0,0,0,0.000000,0.000000,0.000000
20260510_200449,2026-05-10 20:19:12,668,0.6881,1,500,105,100,5,0,20,13,60,60,105,1810.094727,-291.291680,3863.738037,2156.964110,0.000000,0.000000,0.000000,0.000000,0.000000,0.000000,0.000000,0.000000,0,0,0,0,0,0.000000,0.000000,0.000000
20260510_200449,2026-05-10 20:19:15,669,0.6965,1,500,105,100,5,0,20,11,52,52,105,1870.226074,-258.433390,4868.752930,2087.954697,0.000000,0.000000,0.000000,0.000000,0.000000,0.000000,0.000000,0.000000,0,0,0,0,0,0.000000,0.000000,0.000000
20260510_200449,2026-05-10 20:19:17,670,0.6731,1,500,105,100,5,0,20,10,52,52,103,3843.420898,-332.017312,4072.289062,2015.704384,0.000000,0.000000,0.000000,0.000000,0.000000,0.000000,0.000000,0.000000,0,0,0,0,0,0.000000,0.000000,0.000000
20260510_200449,2026-05-10 20:19:19,671,0.7287,1,500,105,100,5,0,20,10,47,47,104,2190.707275,-322.829249,4667.057617,2026.093956,0.000000,0.000000,0.000000,0.000000,0.000000,0.000000,0.000000,0.000000,0,0,0,0,0,0.000000,0.000000,0.000000
20260510_200449,2026-05-10 20:19:21,672,0.6700,1,500,105,100,5,0,20,12,57,57,105,3152.209473,-375.784587,4660.968750,2108.026447,0.000000,0.000000,0.000000,0.000000,0.000000,0.000000,0.000000,0.000000,0,0,0,0,0,0.000000,0.000000,0.000000
20260510_200449,2026-05-10 20:19:23,673,0.6810,1,500,105,100,5,0,20,14,33,33,105,1567.575806,-328.272834,3467.685059,2013.020490,0.000000,0.000000,0.000000,0.000000,0.000000,0.000000,0.000000,0.000000,0,0,0,0,0,0.000000,0.000000,0.000000
20260510_200449,2026-05-10 20:19:25,674,0.6826,1,500,105,100,5,0,20,13,41,41,103,1777.967773,-311.520174,4269.649414,2067.361259,0.000000,0.000000,0.000000,0.000000,0.000000,0.000000,0.000000,0.000000,0,0,0,0,0,0.000000,0.000000,0.000000
20260510_200449,2026-05-10 20:19:28,675,0.6689,1,500,105,100,5,0,20,10,59,59,104,3121.007568,-127.432215,4670.406250,1967.218280,0.000000,0.000000,0.000000,0.000000,0.000000,0.000000,0.000000,0.000000,0,0,0,0,0,0.000000,0.000000,0.000000
20260510_200449,2026-05-10 20:19:30,676,0.7098,1,500,105,100,5,0,20,13,45,45,105,1450.035400,-226.153107,4060.049316,2089.717863,0.000000,0.000000,0.000000,0.000000,0.000000,0.000000,0.000000,0.000000,0,0,0,0,0,0.000000,0.000000,0.000000
20260510_200449,2026-05-10 20:19:32,677,0.8169,1,500,105,100,5,0,20,12,37,37,105,1607.944092,-391.576213,3862.337402,2091.717673,0.000000,0.000000,0.000000,0.000000,0.000000,0.000000,0.000000,0.000000,0,0,0,0,0,0.000000,0.000000,0.000000
20260510_200449,2026-05-10 20:19:34,678,0.6832,1,500,105,100,5,0,20,13,54,54,105,1499.938477,-314.855259,3462.000488,2168.911232,0.000000,0.000000,0.000000,0.000000,0.000000,0.000000,0.000000,0.000000,0,0,0,0,0,0.000000,0.000000,0.000000
20260510_200449,2026-05-10 20:19:38,679,1.8719,1,500,105,100,5,0,20,15,63,63,105,2235.293457,-334.597617,3262.242920,2171.563315,0.000000,0.000000,0.000000,0.000000,0.000000,0.000000,0.000000,0.000000,0,0,0,0,0,0.000000,0.000000,0.000000
20260510_200449,2026-05-10 20:19:41,680,1.6637,1,500,105,100,5,0,20,11,43,43,105,2450.936279,-423.682012,4064.537354,1963.331059,0.000000,0.000000,0.000000,0.000000,0.000000,0.000000,0.000000,0.000000,0,0,0,0,0,0.000000,0.000000,0.000000
20260510_200449,2026-05-10 20:19:44,681,1.8939,1,500,105,100,5,0,20,11,47,47,105,2227.516602,-404.402127,4665.270508,2015.535896,0.000000,0.000000,0.000000,0.000000,0.000000,0.000000,0.000000,0.000000,0,0,0,0,0,0.000000,0.000000,0.000000
20260510_200449,2026-05-10 20:19:47,682,1.9022,1,500,105,100,5,0,20,12,55,55,105,953.123047,-379.972242,4261.014648,2086.895065,0.000000,0.000000,0.000000,0.000000,0.000000,0.000000,0.000000,0.000000,0,0,0,0,0,0.000000,0.000000,0.000000
20260510_200449,2026-05-10 20:19:51,683,1.8326,1,500,105,100,5,0,20,14,53,53,105,1972.418701,-449.973560,3860.950684,2057.065000,0.000000,0.000000,0.000000,0.000000,0.000000,0.000000,0.000000,0.000000,0,0,0,0,0,0.000000,0.000000,0.000000
20260510_200449,2026-05-10 20:19:54,684,1.8972,1,500,105,100,5,0,20,11,59,59,104,3094.355957,-756.695788,4462.812012,1990.238237,0.000000,0.000000,0.000000,0.000000,0.000000,0.000000,0.000000,0.000000,0,0,0,0,0,0.000000,0.000000,0.000000
20260510_200449,2026-05-10 20:19:57,685,1.9269,1,500,105,100,5,0,20,14,53,53,105,1336.609985,-740.952108,3058.481445,2245.381842,0.000000,0.000000,0.000000,0.000000,0.000000,0.000000,0.000000,0.000000,0,0,0,0,0,0.000000,0.000000,0.000000
20260510_200449,2026-05-10 20:20:01,686,1.7859,1,500,105,100,5,0,20,9,64,64,105,2294.913086,-489.218244,3864.824707,1987.452592,0.000000,0.000000,0.000000,0.000000,0.000000,0.000000,0.000000,0.000000,0,0,0,0,0,0.000000,0.000000,0.000000
20260510_200449,2026-05-10 20:20:04,687,1.9101,1,500,105,100,5,0,20,10,79,79,105,3089.730469,-407.820591,4664.004883,1968.505370,0.000000,0.000000,0.000000,0.000000,0.000000,0.000000,0.000000,0.000000,0,0,0,0,0,0.000000,0.000000,0.000000
20260510_200449,2026-05-10 20:20:07,688,1.9067,1,500,105,100,5,0,20,14,53,53,105,2483.066406,-560.405131,3658.906494,2188.731985,0.000000,0.000000,0.000000,0.000000,0.000000,0.000000,0.000000,0.000000,0,0,0,0,0,0.000000,0.000000,0.000000
20260510_200449,2026-05-10 20:20:11,689,1.8911,1,500,105,100,5,0,20,10,67,67,105,2463.833984,-287.862865,5265.530273,2011.010758,0.000000,0.000000,0.000000,0.000000,0.000000,0.000000,0.000000,0.000000,0,0,0,0,0,0.000000,0.000000,0.000000
20260510_200449,2026-05-10 20:20:14,690,1.9288,1,500,105,100,5,0,20,14,49,49,105,4421.563965,-602.879672,3260.590576,2182.614874,0.000000,0.000000,0.000000,0.000000,0.000000,0.000000,0.000000,0.000000,0,0,0,0,0,0.000000,0.000000,0.000000
20260510_200449,2026-05-10 20:20:17,691,1.8571,1,500,105,100,5,0,20,11,50,50,105,1637.649292,-787.236488,4462.470703,2038.732172,0.000000,0.000000,0.000000,0.000000,0.000000,0.000000,0.000000,0.000000,0,0,0,0,0,0.000000,0.000000,0.000000
20260510_200449,2026-05-10 20:20:21,692,1.8737,1,500,105,100,5,0,20,11,39,39,105,2749.252197,-704.110475,5057.707031,2093.265027,0.000000,0.000000,0.000000,0.000000,0.000000,0.000000,0.000000,0.000000,0,0,0,0,0,0.000000,0.000000,0.000000
20260511_091038,2026-05-11 09:10:41,0,3.0212,1,500,105,100,5,2,20,20,274,263,80,12199.299316,-6918.337095,3198.167725,1745.716089,0.000000,0.000000,0.000000,0.000000,0.000000,0.000000,0.000000,0.000000,0,0,0,0,0,0.000000,0.000000,0.000000
20260511_091038,2026-05-11 09:10:43,1,1.4255,1,500,105,100,5,0,20,20,228,222,71,11153.247375,-6049.655621,3649.234375,1722.856821,0.000000,0.000000,0.000000,0.000000,0.000000,0.000000,0.000000,0.000000,0,0,0,0,0,0.000000,0.000000,0.000000
20260511_091038,2026-05-11 09:10:45,2,1.6411,1,500,105,100,5,0,20,20,224,220,63,10618.338959,-5250.378448,2973.601318,1575.658185,0.000000,0.000000,0.000000,0.000000,0.000000,0.000000,0.000000,0.000000,0,0,0,0,0,0.000000,0.000000,0.000000
20260511_091038,2026-05-11 09:10:46,3,1.4270,1,500,105,100,5,0,20,20,218,212,70,11019.533630,-5993.831528,2834.708008,1710.750775,0.000000,0.000000,0.000000,0.000000,0.000000,0.000000,0.000000,0.000000,0,0,0,0,0,0.000000,0.000000,0.000000
20260511_091038,2026-05-11 09:10:48,4,1.4226,1,500,105,100,5,1,20,20,298,282,72,11810.188416,-6069.121977,3721.363770,1863.014490,0.000000,0.000000,0.000000,0.000000,0.000000,0.000000,0.000000,0.000000,0,0,0,0,0,0.000000,0.000000,0.000000
20260511_091038,2026-05-11 09:10:49,5,1.3854,1,500,105,100,5,0,20,20,196,185,88,12515.413452,-7821.368750,3750.780762,1989.263544,0.000000,0.000000,0.000000,0.000000,0.000000,0.000000,0.000000,0.000000,0,0,0,0,0,0.000000,0.000000,0.000000
20260511_091038,2026-05-11 09:10:51,6,1.5389,1,500,105,100,5,0,20,20,264,258,75,11621.323303,-6432.299764,3489.477783,1806.156461,0.000000,0.000000,0.000000,0.000000,0.000000,0.000000,0.000000,0.000000,0,0,0,0,0,0.000000,0.000000,0.000000
20260511_091038,2026-05-11 09:10:52,7,1.6380,1,500,105,100,5,0,20,20,255,247,71,12044.765198,-5991.283193,3109.917969,1913.906287,0.000000,0.000000,0.000000,0.000000,0.000000,0.000000,0.000000,0.000000,0,0,0,0,0,0.000000,0.000000,0.000000
20260511_091038,2026-05-11 09:10:54,8,1.7009,1,500,105,100,5,0,20,20,268,257,58,12415.538452,-4680.170776,2476.609863,1764.702286,0.000000,0.000000,0.000000,0.000000,0.000000,0.000000,0.000000,0.000000,0,0,0,0,0,0.000000,0.000000,0.000000
20260511_091038,2026-05-11 09:10:56,9,1.6500,1,500,105,100,5,0,20,20,312,298,67,11867.067505,-5493.189818,2676.749268,1905.670020,0.000000,0.000000,0.000000,0.000000,0.000000,0.000000,0.000000,0.000000,0,0,0,0,0,0.000000,0.000000,0.000000
20260511_091038,2026-05-11 09:10:57,10,1.3735,1,500,105,100,5,0,20,20,343,340,80,9948.049896,-6793.641713,3278.823486,2032.817294,0.000000,0.000000,0.000000,0.000000,0.000000,0.000000,0.000000,0.000000,0,0,0,0,0,0.000000,0.000000,0.000000
20260511_091038,2026-05-11 09:10:59,11,1.3706,1,500,105,100,5,1,20,20,269,264,74,10892.835701,-6318.827579,2863.084229,1964.807660,0.000000,0.000000,0.000000,0.000000,0.000000,0.000000,0.000000,0.000000,0,0,0,0,0,0.000000,0.000000,0.000000
20260511_091038,2026-05-11 09:11:00,12,1.5529,1,500,105,100,5,0,20,20,244,244,85,1495.569702,-7441.868414,3076.848633,2083.152350,0.000000,0.000000,0.000000,0.000000,0.000000,0.000000,0.000000,0.000000,0,0,0,0,0,0.000000,0.000000,0.000000
20260511_091038,2026-05-11 09:11:03,13,2.3822,1,500,105,100,5,0,20,20,292,288,71,2756.450195,-5943.454138,3278.997559,1899.937506,0.000000,0.000000,0.000000,0.000000,0.000000,0.000000,0.000000,0.000000,0,0,0,0,0,0.000000,0.000000,0.000000
20260511_091038,2026-05-11 09:11:05,14,1.6180,1,500,105,100,5,5,20,20,410,404,73,10274.683793,-5991.214365,3889.888184,1973.044281,0.000000,0.000000,0.000000,0.000000,0.000000,0.000000,0.000000,0.000000,0,0,0,0,0,0.000000,0.000000,0.000000
20260511_091038,2026-05-11 09:11:06,15,1.4639,1,500,105,100,5,4,20,20,360,351,64,11724.725464,-5118.766083,3384.396973,1814.082135,0.000000,0.000000,0.000000,0.000000,0.000000,0.000000,0.000000,0.000000,0,0,0,0,0,0.000000,0.000000,0.000000
20260511_091038,2026-05-11 09:11:08,16,1.4905,1,500,105,100,5,1,20,20,318,308,55,12590.452148,-4282.460267,2764.321777,1761.820346,0.000000,0.000000,0.000000,0.000000,0.000000,0.000000,0.000000,0.000000,0,0,0,0,0,0.000000,0.000000,0.000000
20260511_092027,2026-05-11 09:20:29,0,1.5073,1,500,105,100,5,0,20,20,236,232,85,10983.443970,-7403.042056,2779.027832,1796.606567,0.000000,0.000000,0.000000,0.000000,0.000000,0.000000,0.000000,0.000000,0,0,0,0,0,0.000000,0.000000,0.000000
20260511_092027,2026-05-11 09:20:30,1,1.4426,1,500,105,100,5,0,20,20,300,292,74,12365.475464,-6233.019178,2739.798340,1663.420404,0.000000,0.000000,0.000000,0.000000,0.000000,0.000000,0.000000,0.000000,0,0,0,0,0,0.000000,0.000000,0.000000
20260511_092027,2026-05-11 09:20:32,2,1.6876,1,500,105,100,5,0,20,20,272,259,60,11535.960480,-4853.868677,2622.747314,1507.281860,0.000000,0.000000,0.000000,0.000000,0.000000,0.000000,0.000000,0.000000,0,0,0,0,0,0.000000,0.000000,0.000000
20260511_092027,2026-05-11 09:20:34,3,1.2863,1,500,105,100,5,0,20,20,143,135,71,12227.476196,-6172.373105,2644.083252,1691.553571,0.000000,0.000000,0.000000,0.000000,0.000000,0.000000,0.000000,0.000000,0,0,0,0,0,0.000000,0.000000,0.000000
20260511_092027,2026-05-11 09:20:35,4,1.3605,1,500,105,100,5,1,20,20,250,241,76,11460.050903,-6602.291520,2734.577637,1800.352771,0.000000,0.000000,0.000000,0.000000,0.000000,0.000000,0.000000,0.000000,0,0,0,0,0,0.000000,0.000000,0.000000
20260511_092027,2026-05-11 09:20:36,5,1.4168,1,500,105,100,5,0,20,20,215,202,80,10767.639648,-6967.709977,2607.579590,1845.050836,0.000000,0.000000,0.000000,0.000000,0.000000,0.000000,0.000000,0.000000,0,0,0,0,0,0.000000,0.000000,0.000000
20260511_092027,2026-05-11 09:20:38,6,1.4188,1,500,105,100,5,0,20,20,235,227,70,2362.900391,-5955.937380,2454.956543,1745.904150,0.000000,0.000000,0.000000,0.000000,0.000000,0.000000,0.000000,0.000000,0,0,0,0,0,0.000000,0.000000,0.000000
20260511_092027,2026-05-11 09:20:40,7,1.5942,1,500,105,100,5,1,20,20,180,180,54,11508.581512,-4370.331416,2838.533936,1546.369128,0.000000,0.000000,0.000000,0.000000,0.000000,0.000000,0.000000,0.000000,0,0,0,0,0,0.000000,0.000000,0.000000
20260511_092027,2026-05-11 09:20:41,8,1.6109,1,500,105,100,5,2,20,20,228,221,74,12257.283813,-6318.846581,3048.876709,1840.058969,0.000000,0.000000,0.000000,0.000000,0.000000,0.000000,0.000000,0.000000,0,0,0,0,0,0.000000,0.000000,0.000000
20260511_092027,2026-05-11 09:20:43,9,1.6459,1,500,105,100,5,1,20,20,123,116,72,3369.994385,-6237.995767,3386.451660,1775.826694,0.000000,0.000000,0.000000,0.000000,0.000000,0.000000,0.000000,0.000000,0,0,0,0,0,0.000000,0.000000,0.000000
20260511_092027,2026-05-11 09:20:45,10,1.3377,1,500,105,100,5,0,20,20,156,153,45,11619.661377,-3541.046322,3354.588867,1408.849408,0.000000,0.000000,0.000000,0.000000,0.000000,0.000000,0.000000,0.000000,0,0,0,0,0,0.000000,0.000000,0.000000
20260511_092027,2026-05-11 09:20:46,11,1.3832,1,500,105,100,5,0,20,20,208,206,51,10445.712265,-4038.240370,2464.324707,1510.416986,0.000000,0.000000,0.000000,0.000000,0.000000,0.000000,0.000000,0.000000,0,0,0,0,0,0.000000,0.000000,0.000000
20260511_092027,2026-05-11 09:20:48,12,1.4220,1,500,105,100,5,1,20,20,317,315,68,9923.954987,-5557.235432,2683.556396,1809.353448,0.000000,0.000000,0.000000,0.000000,0.000000,0.000000,0.000000,0.000000,0,0,0,0,0,0.000000,0.000000,0.000000
20260511_092027,2026-05-11 09:20:49,13,1.4808,1,500,105,100,5,1,20,20,401,395,76,10602.124207,-6296.470229,3685.110596,1929.684875,0.000000,0.000000,0.000000,0.000000,0.000000,0.000000,0.000000,0.000000,0,0,0,0,0,0.000000,0.000000,0.000000
20260511_092027,2026-05-11 09:20:51,14,1.6206,1,500,105,100,5,2,20,20,292,288,56,2767.975586,-4406.519108,2661.293701,1748.791376,0.000000,0.000000,0.000000,0.000000,0.000000,0.000000,0.000000,0.000000,0,0,0,0,0,0.000000,0.000000,0.000000
20260511_092027,2026-05-11 09:20:53,15,1.5592,1,500,105,100,5,2,20,20,346,344,73,10889.462769,-6128.810691,3060.299072,1932.146039,0.000000,0.000000,0.000000,0.000000,0.000000,0.000000,0.000000,0.000000,0,0,0,0,0,0.000000,0.000000,0.000000
20260511_092027,2026-05-11 09:20:54,16,1.4203,1,500,105,100,5,1,20,20,296,287,76,11041.862366,-6500.687221,4123.125977,1916.968472,0.000000,0.000000,0.000000,0.000000,0.000000,0.000000,0.000000,0.000000,0,0,0,0,0,0.000000,0.000000,0.000000
20260511_092344,2026-05-11 09:23:46,0,1.4595,1,500,100,100,0,0,20,20,217,217,78,2183.498291,-7655.435267,2334.438477,1776.243900,0.000000,0.000000,0.000000,0.000000,0.000000,0.000000,0.000000,0.000000,0,0,0,0,0,0.000000,0.000000,0.000000
20260511_092344,2026-05-11 09:23:47,1,1.3895,1,500,101,100,1,1,20,20,278,269,75,2364.853271,-7168.058645,2982.210693,1802.093799,0.000000,0.000000,0.000000,0.000000,0.000000,0.000000,0.000000,0.000000,0,0,0,0,0,0.000000,0.000000,0.000000
20260511_092344,2026-05-11 09:23:49,2,1.3621,1,500,102,100,2,1,20,20,258,253,72,3551.087402,-6753.407361,3421.356689,1801.484378,0.000000,0.000000,0.000000,0.000000,0.000000,0.000000,0.000000,0.000000,0,0,0,0,0,0.000000,0.000000,0.000000
20260511_092344,2026-05-11 09:23:50,3,1.3629,1,500,103,100,3,0,20,20,202,197,61,3770.109711,-5613.602855,3622.630371,1630.763745,0.000000,0.000000,0.000000,0.000000,0.000000,0.000000,0.000000,0.000000,0,0,0,0,0,0.000000,0.000000,0.000000
20260511_092344,2026-05-11 09:23:52,4,1.4952,1,500,104,100,4,0,20,20,272,261,81,4379.135498,-7499.657375,3844.558838,1948.828217,0.000000,0.000000,0.000000,0.000000,0.000000,0.000000,0.000000,0.000000,0,0,0,0,0,0.000000,0.000000,0.000000
20260511_092344,2026-05-11 09:23:54,5,2.1129,1,500,105,100,5,1,20,20,247,223,62,6344.703857,-5568.195537,3318.483154,1577.321448,0.000000,0.000000,0.000000,0.000000,0.000000,0.000000,0.000000,0.000000,0,0,0,0,0,0.000000,0.000000,0.000000
20260511_092344,2026-05-11 09:23:55,6,1.6537,1,500,105,100,5,0,20,20,217,206,65,4042.607300,-5782.757056,3458.736084,1587.307086,0.000000,0.000000,0.000000,0.000000,0.000000,0.000000,0.000000,0.000000,0,0,0,0,0,0.000000,0.000000,0.000000
20260511_092344,2026-05-11 09:23:57,7,1.4235,1,500,105,100,5,1,20,20,273,249,67,4924.494141,-5983.330063,2559.043701,1627.736105,0.000000,0.000000,0.000000,0.000000,0.000000,0.000000,0.000000,0.000000,0,0,0,0,0,0.000000,0.000000,0.000000
20260511_092344,2026-05-11 09:23:58,8,1.3803,1,500,105,100,5,0,20,20,284,228,73,4577.364502,-6538.040458,2884.563477,1726.413770,0.000000,0.000000,0.000000,0.000000,0.000000,0.000000,0.000000,0.000000,0,0,0,0,0,0.000000,0.000000,0.000000
20260511_092344,2026-05-11 09:24:00,9,1.4513,1,500,105,100,5,0,20,20,217,195,70,4962.696777,-6321.861708,3035.901611,1709.437869,0.000000,0.000000,0.000000,0.000000,0.000000,0.000000,0.000000,0.000000,0,0,0,0,0,0.000000,0.000000,0.000000
20260511_092344,2026-05-11 09:24:01,10,1.3749,1,500,105,100,5,0,20,20,172,167,71,2216.454376,-6447.242487,4053.104492,1839.077869,0.000000,0.000000,0.000000,0.000000,0.000000,0.000000,0.000000,0.000000,0,0,0,0,0,0.000000,0.000000,0.000000
20260511_092344,2026-05-11 09:24:03,11,1.4129,1,500,105,100,5,2,20,20,190,149,83,6059.690674,-7617.617015,2703.087402,1911.961765,0.000000,0.000000,0.000000,0.000000,0.000000,0.000000,0.000000,0.000000,0,0,0,0,0,0.000000,0.000000,0.000000
20260511_092344,2026-05-11 09:24:04,12,1.3972,1,500,105,100,5,1,20,20,328,284,84,6899.273682,-7568.818614,2846.598633,2067.575494,0.000000,0.000000,0.000000,0.000000,0.000000,0.000000,0.000000,0.000000,0,0,0,0,0,0.000000,0.000000,0.000000
20260511_092344,2026-05-11 09:24:06,13,1.3385,1,500,105,100,5,0,20,20,261,246,80,3245.202026,-7290.691567,4640.440918,1931.123941,0.000000,0.000000,0.000000,0.000000,0.000000,0.000000,0.000000,0.000000,0,0,0,0,0,0.000000,0.000000,0.000000
20260511_092344,2026-05-11 09:24:07,14,1.5012,1,500,105,100,5,1,20,20,403,369,85,5440.972168,-7569.445615,3484.811768,2005.787881,0.000000,0.000000,0.000000,0.000000,0.000000,0.000000,0.000000,0.000000,0,0,0,0,0,0.000000,0.000000,0.000000
20260511_092344,2026-05-11 09:24:09,15,1.4632,1,500,105,100,5,3,20,20,325,279,84,10157.068848,-7545.967171,2885.081055,2005.684534,0.000000,0.000000,0.000000,0.000000,0.000000,0.000000,0.000000,0.000000,0,0,0,0,0,0.000000,0.000000,0.000000
20260511_092344,2026-05-11 09:24:11,16,1.5776,1,500,105,100,5,1,20,20,362,310,75,9375.131592,-6576.875785,3072.533447,1932.470236,0.000000,0.000000,0.000000,0.000000,0.000000,0.000000,0.000000,0.000000,0,0,0,0,0,0.000000,0.000000,0.000000
20260511_092344,2026-05-11 09:24:12,17,1.4342,1,500,105,100,5,1,20,20,272,230,69,8155.593750,-6094.906336,3475.158447,1867.743564,0.000000,0.000000,0.000000,0.000000,0.000000,0.000000,0.000000,0.000000,0,0,0,0,0,0.000000,0.000000,0.000000
20260511_092344,2026-05-11 09:24:14,18,1.3890,1,500,105,100,5,1,20,20,333,263,89,3190.966553,-8018.289561,4324.730469,2094.311743,0.000000,0.000000,0.000000,0.000000,0.000000,0.000000,0.000000,0.000000,0,0,0,0,0,0.000000,0.000000,0.000000
20260511_092344,2026-05-11 09:24:15,19,1.3955,1,500,105,100,5,1,20,20,312,284,83,3012.648926,-7430.141689,3079.296875,2049.508276,0.000000,0.000000,0.000000,0.000000,0.000000,0.000000,0.000000,0.000000,0,0,0,0,0,0.000000,0.000000,0.000000
20260511_092344,2026-05-11 09:24:17,20,1.4129,1,500,105,100,5,1,20,20,267,222,94,3530.113770,-8655.155940,2977.176758,2180.317444,0.000000,0.000000,0.000000,0.000000,0.000000,0.000000,0.000000,0.000000,0,0,0,0,0,0.000000,0.000000,0.000000
20260511_092344,2026-05-11 09:24:18,21,1.4850,1,500,105,100,5,4,20,20,357,253,75,10056.191406,-6596.807503,2873.274414,1888.590692,0.000000,0.000000,0.000000,0.000000,0.000000,0.000000,0.000000,0.000000,0,0,0,0,0,0.000000,0.000000,0.000000
20260511_092344,2026-05-11 09:24:20,22,1.4280,1,500,105,100,5,2,20,20,307,233,97,8877.145752,-8832.189292,3560.448730,2169.675226,0.000000,0.000000,0.000000,0.000000,0.000000,0.000000,0.000000,0.000000,0,0,0,0,0,0.000000,0.000000,0.000000
20260511_092344,2026-05-11 09:24:22,23,1.4234,1,500,105,100,5,1,20,20,230,179,73,6867.267578,-6526.173843,2708.161133,1926.611035,0.000000,0.000000,0.000000,0.000000,0.000000,0.000000,0.000000,0.000000,0,0,0,0,0,0.000000,0.000000,0.000000
20260511_092344,2026-05-11 09:24:23,24,1.4874,1,500,105,100,5,1,20,20,263,234,82,5125.243134,-7433.990947,3279.632812,1994.496960,0.000000,0.000000,0.000000,0.000000,0.000000,0.000000,0.000000,0.000000,0,0,0,0,0,0.000000,0.000000,0.000000
20260511_092344,2026-05-11 09:24:25,25,1.5919,1,500,105,100,5,1,20,20,343,305,90,4992.753906,-8063.114154,3347.506592,2121.409045,0.000000,0.000000,0.000000,0.000000,0.000000,0.000000,0.000000,0.000000,0,0,0,0,0,0.000000,0.000000,0.000000
20260511_092344,2026-05-11 09:24:26,26,1.5557,1,500,105,100,5,5,20,20,329,262,81,7344.022949,-7164.509410,3062.361816,2030.199799,0.000000,0.000000,0.000000,0.000000,0.000000,0.000000,0.000000,0.000000,0,0,0,0,0,0.000000,0.000000,0.000000
20260511_092344,2026-05-11 09:24:28,27,1.5066,1,500,105,100,5,1,20,20,364,297,88,7771.594238,-7780.853528,3808.136475,2113.853961,0.000000,0.000000,0.000000,0.000000,0.000000,0.000000,0.000000,0.000000,0,0,0,0,0,0.000000,0.000000,0.000000
20260511_092344,2026-05-11 09:24:30,28,1.4709,1,500,105,100,5,2,20,20,430,368,76,7228.481445,-6533.672652,3488.223633,1975.523041,0.000000,0.000000,0.000000,0.000000,0.000000,0.000000,0.000000,0.000000,0,0,0,0,0,0.000000,0.000000,0.000000
20260511_092344,2026-05-11 09:24:31,29,1.4320,1,500,105,100,5,0,20,20,259,244,81,6241.527954,-7248.917710,3090.980225,2048.230756,0.000000,0.000000,0.000000,0.000000,0.000000,0.000000,0.000000,0.000000,0,0,0,0,0,0.000000,0.000000,0.000000
20260511_092344,2026-05-11 09:24:33,30,1.5166,1,500,105,100,5,9,20,20,496,378,75,12169.269531,-6315.752664,2891.597168,1981.747168,0.000000,0.000000,0.000000,0.000000,0.000000,0.000000,0.000000,0.000000,0,0,0,0,0,0.000000,0.000000,0.000000
20260511_092344,2026-05-11 09:24:35,31,1.5717,1,500,105,100,5,5,20,20,459,422,75,6794.477539,-6370.128457,3074.722656,1963.118372,0.000000,0.000000,0.000000,0.000000,0.000000,0.000000,0.000000,0.000000,0,0,0,0,0,0.000000,0.000000,0.000000
20260511_092344,2026-05-11 09:24:36,32,1.5111,1,500,105,100,5,2,20,20,320,300,80,5970.775879,-7019.507915,3885.904785,2009.932611,0.000000,0.000000,0.000000,0.000000,0.000000,0.000000,0.000000,0.000000,0,0,0,0,0,0.000000,0.000000,0.000000
20260511_092344,2026-05-11 09:24:38,33,1.4343,1,500,105,100,5,3,20,20,424,399,69,6139.715088,-5779.825770,3684.329346,1873.474207,0.000000,0.000000,0.000000,0.000000,0.000000,0.000000,0.000000,0.000000,0,0,0,0,0,0.000000,0.000000,0.000000
20260511_092344,2026-05-11 09:24:40,34,1.6317,1,500,105,100,5,9,20,20,570,508,71,10973.550781,-5852.971662,3472.403320,1939.326312,0.000000,0.000000,0.000000,0.000000,0.000000,0.000000,0.000000,0.000000,0,0,0,0,0,0.000000,0.000000,0.000000
20260511_092344,2026-05-11 09:24:41,35,1.6274,1,500,105,100,5,6,20,20,582,518,75,10170.589355,-6243.983832,3296.203613,1954.406537,0.000000,0.000000,0.000000,0.000000,0.000000,0.000000,0.000000,0.000000,0,0,0,0,0,0.000000,0.000000,0.000000
20260511_092344,2026-05-11 09:24:43,36,1.6455,1,500,105,100,5,13,20,20,625,601,56,7451.012207,-4166.053078,3099.612305,1712.391977,0.000000,0.000000,0.000000,0.000000,0.000000,0.000000,0.000000,0.000000,0,0,0,0,0,0.000000,0.000000,0.000000
20260511_092344,2026-05-11 09:24:45,37,1.5535,1,500,105,100,5,9,20,20,512,458,71,11576.732422,-5922.419782,3664.586670,1980.066663,0.000000,0.000000,0.000000,0.000000,0.000000,0.000000,0.000000,0.000000,0,0,0,0,0,0.000000,0.000000,0.000000
20260511_092344,2026-05-11 09:24:47,38,1.6566,1,500,105,100,5,12,20,20,630,534,61,13620.509766,-4675.471016,3102.226318,1837.816870,0.000000,0.000000,0.000000,0.000000,0.000000,0.000000,0.000000,0.000000,0,0,0,0,0,0.000000,0.000000,0.000000
20260511_092344,2026-05-11 09:24:48,39,1.5257,1,500,105,100,5,3,20,20,509,478,58,8514.004150,-4562.035777,3101.468262,1785.022913,0.000000,0.000000,0.000000,0.000000,0.000000,0.000000,0.000000,0.000000,0,0,0,0,0,0.000000,0.000000,0.000000
20260511_092344,2026-05-11 09:24:50,40,1.5127,1,500,105,100,5,6,20,20,631,544,66,10524.719238,-5213.000843,3263.091797,1913.847772,0.000000,0.000000,0.000000,0.000000,0.000000,0.000000,0.000000,0.000000,0,0,0,0,0,0.000000,0.000000,0.000000
20260511_092344,2026-05-11 09:24:52,41,1.6146,1,500,105,100,5,6,20,20,502,453,58,10242.728516,-4514.584151,2886.208740,1721.974976,0.000000,0.000000,0.000000,0.000000,0.000000,0.000000,0.000000,0.000000,0,0,0,0,0,0.000000,0.000000,0.000000
20260511_092344,2026-05-11 09:24:53,42,1.5298,1,500,105,100,5,4,20,20,570,482,68,9751.295898,-5489.346560,2889.987061,1789.198734,0.000000,0.000000,0.000000,0.000000,0.000000,0.000000,0.000000,0.000000,0,0,0,0,0,0.000000,0.000000,0.000000
20260511_092344,2026-05-11 09:24:55,43,1.4808,1,500,105,100,5,6,20,20,543,481,66,9384.537109,-5302.057776,4883.824707,1869.684448,0.000000,0.000000,0.000000,0.000000,0.000000,0.000000,0.000000,0.000000,0,0,0,0,0,0.000000,0.000000,0.000000
20260511_092344,2026-05-11 09:24:57,44,1.7317,1,500,105,100,5,16,20,20,764,705,41,9700.271484,-2464.443605,2857.864990,1618.470001,0.000000,0.000000,0.000000,0.000000,0.000000,0.000000,0.000000,0.000000,0,0,0,0,0,0.000000,0.000000,0.000000
20260511_092344,2026-05-11 09:24:58,45,1.6004,1,500,105,100,5,5,20,20,593,511,63,10104.092773,-4906.672725,3396.184326,1848.494501,0.000000,0.000000,0.000000,0.000000,0.000000,0.000000,0.000000,0.000000,0,0,0,0,0,0.000000,0.000000,0.000000
20260511_092344,2026-05-11 09:25:00,46,1.6411,1,500,105,100,5,8,20,20,564,507,47,9287.861084,-3278.709449,3085.596680,1688.171985,0.000000,0.000000,0.000000,0.000000,0.000000,0.000000,0.000000,0.000000,0,0,0,0,0,0.000000,0.000000,0.000000
20260511_092344,2026-05-11 09:25:02,47,1.5362,1,500,105,100,5,5,20,20,459,423,61,10045.741699,-4861.115065,3093.631592,1747.699152,0.000000,0.000000,0.000000,0.000000,0.000000,0.000000,0.000000,0.000000,0,0,0,0,0,0.000000,0.000000,0.000000
20260511_092344,2026-05-11 09:25:04,48,1.5372,1,500,105,100,5,7,20,20,470,439,62,9222.427246,-4972.538328,2885.029053,1714.139819,0.000000,0.000000,0.000000,0.000000,0.000000,0.000000,0.000000,0.000000,0,0,0,0,0,0.000000,0.000000,0.000000
20260511_092344,2026-05-11 09:25:05,49,1.5809,1,500,105,100,5,3,20,20,360,302,46,9470.761475,-3487.733278,2768.722900,1609.084485,0.000000,0.000000,0.000000,0.000000,0.000000,0.000000,0.000000,0.000000,0,0,0,0,0,0.000000,0.000000,0.000000
20260511_092344,2026-05-11 09:25:07,50,1.5507,1,500,105,100,5,6,20,20,479,441,52,8105.092041,-3958.250123,3879.743652,1709.534598,0.000000,0.000000,0.000000,0.000000,0.000000,0.000000,0.000000,0.000000,0,0,0,0,0,0.000000,0.000000,0.000000
20260511_092344,2026-05-11 09:25:09,51,1.5008,1,500,105,100,5,3,20,20,413,372,43,8404.491699,-3044.980926,2298.908691,1604.704996,0.000000,0.000000,0.000000,0.000000,0.000000,0.000000,0.000000,0.000000,0,0,0,0,0,0.000000,0.000000,0.000000
20260511_092344,2026-05-11 09:25:10,52,1.5465,1,500,105,100,5,7,20,20,480,425,40,10845.539062,-2701.507019,2085.515137,1626.220789,0.000000,0.000000,0.000000,0.000000,0.000000,0.000000,0.000000,0.000000,0,0,0,0,0,0.000000,0.000000,0.000000
20260511_092344,2026-05-11 09:25:12,53,1.5684,1,500,105,100,5,2,20,20,420,372,50,7996.482300,-3836.112456,2883.824463,1695.799182,0.000000,0.000000,0.000000,0.000000,0.000000,0.000000,0.000000,0.000000,0,0,0,0,0,0.000000,0.000000,0.000000
20260511_092344,2026-05-11 09:25:14,54,1.5852,1,500,105,100,5,1,20,20,333,312,70,8316.100586,-5983.629878,4882.958008,1893.349896,0.000000,0.000000,0.000000,0.000000,0.000000,0.000000,0.000000,0.000000,0,0,0,0,0,0.000000,0.000000,0.000000
20260511_092344,2026-05-11 09:25:16,55,1.6052,1,500,105,100,5,1,20,20,338,292,57,9912.184814,-4663.835678,2881.649170,1777.255347,0.000000,0.000000,0.000000,0.000000,0.000000,0.000000,0.000000,0.000000,0,0,0,0,0,0.000000,0.000000,0.000000
20260511_092344,2026-05-11 09:25:17,56,1.4765,1,500,105,100,5,2,20,20,343,316,66,4400.327148,-5582.406879,3493.487061,1851.088007,0.000000,0.000000,0.000000,0.000000,0.000000,0.000000,0.000000,0.000000,0,0,0,0,0,0.000000,0.000000,0.000000
20260511_092344,2026-05-11 09:25:19,57,1.5315,1,500,105,100,5,1,20,20,303,253,56,9319.770996,-4614.310482,3204.332764,1713.415829,0.000000,0.000000,0.000000,0.000000,0.000000,0.000000,0.000000,0.000000,0,0,0,0,0,0.000000,0.000000,0.000000
20260511_092344,2026-05-11 09:25:21,58,1.6525,1,500,105,100,5,4,20,20,459,384,48,9852.134277,-3641.471471,2666.007812,1640.948141,0.000000,0.000000,0.000000,0.000000,0.000000,0.000000,0.000000,0.000000,0,0,0,0,0,0.000000,0.000000,0.000000
20260511_092344,2026-05-11 09:25:22,59,1.5355,1,500,105,100,5,2,20,20,459,389,54,10322.189941,-4221.235570,3287.529053,1710.340033,0.000000,0.000000,0.000000,0.000000,0.000000,0.000000,0.000000,0.000000,0,0,0,0,0,0.000000,0.000000,0.000000
20260511_092344,2026-05-11 09:25:24,60,1.4696,1,500,105,100,5,3,20,20,347,262,67,10038.620605,-5662.454162,4468.806641,1893.726297,0.000000,0.000000,0.000000,0.000000,0.000000,0.000000,0.000000,0.000000,0,0,0,0,0,0.000000,0.000000,0.000000
20260511_092344,2026-05-11 09:25:26,61,1.4812,1,500,105,100,5,2,20,20,376,277,56,12181.797852,-4505.657312,3285.257080,1686.491959,0.000000,0.000000,0.000000,0.000000,0.000000,0.000000,0.000000,0.000000,0,0,0,0,0,0.000000,0.000000,0.000000
20260511_092344,2026-05-11 09:25:27,62,1.4612,1,500,105,100,5,0,20,20,187,152,39,8778.536377,-3050.710337,2068.302490,1450.985406,0.000000,0.000000,0.000000,0.000000,0.000000,0.000000,0.000000,0.000000,0,0,0,0,0,0.000000,0.000000,0.000000
20260511_092344,2026-05-11 09:25:29,63,1.3984,1,500,105,100,5,0,20,20,210,193,59,7693.284668,-5024.834936,3260.100098,1698.127740,0.000000,0.000000,0.000000,0.000000,0.000000,0.000000,0.000000,0.000000,0,0,0,0,0,0.000000,0.000000,0.000000
20260511_092344,2026-05-11 09:25:30,64,1.6130,1,500,105,100,5,0,20,20,360,308,74,3460.122803,-6395.225906,2869.533203,1887.670847,0.000000,0.000000,0.000000,0.000000,0.000000,0.000000,0.000000,0.000000,0,0,0,0,0,0.000000,0.000000,0.000000
20260511_092344,2026-05-11 09:25:32,65,1.5151,1,500,105,100,5,1,20,20,281,214,66,9377.824463,-5605.993770,3273.516846,1742.626285,0.000000,0.000000,0.000000,0.000000,0.000000,0.000000,0.000000,0.000000,0,0,0,0,0,0.000000,0.000000,0.000000
20260511_092344,2026-05-11 09:25:34,66,1.4174,1,500,105,100,5,1,20,20,320,297,65,2582.751953,-5546.450506,3087.532471,1814.389392,0.000000,0.000000,0.000000,0.000000,0.000000,0.000000,0.000000,0.000000,0,0,0,0,0,0.000000,0.000000,0.000000
20260511_092344,2026-05-11 09:25:35,67,1.5372,1,500,105,100,5,1,20,20,340,244,60,12914.618164,-4980.694606,2478.083496,1789.386438,0.000000,0.000000,0.000000,0.000000,0.000000,0.000000,0.000000,0.000000,0,0,0,0,0,0.000000,0.000000,0.000000
20260511_092344,2026-05-11 09:25:37,68,1.5017,1,500,105,100,5,1,20,20,307,263,62,9797.450195,-5185.114487,3082.417480,1779.707819,0.000000,0.000000,0.000000,0.000000,0.000000,0.000000,0.000000,0.000000,0,0,0,0,0,0.000000,0.000000,0.000000
20260511_092344,2026-05-11 09:25:39,69,1.3834,1,500,105,100,5,1,20,20,261,250,59,3184.353027,-4935.458959,2888.901611,1781.318384,0.000000,0.000000,0.000000,0.000000,0.000000,0.000000,0.000000,0.000000,0,0,0,0,0,0.000000,0.000000,0.000000
20260511_092344,2026-05-11 09:25:40,70,1.4084,1,500,105,100,5,1,20,20,267,226,64,6912.248779,-5456.877877,3888.462158,1864.840051,0.000000,0.000000,0.000000,0.000000,0.000000,0.000000,0.000000,0.000000,0,0,0,0,0,0.000000,0.000000,0.000000
20260511_092344,2026-05-11 09:25:42,71,1.4361,1,500,105,100,5,3,20,20,388,297,61,7164.053223,-5009.536322,2695.187744,1837.475018,0.000000,0.000000,0.000000,0.000000,0.000000,0.000000,0.000000,0.000000,0,0,0,0,0,0.000000,0.000000,0.000000
20260511_092344,2026-05-11 09:25:43,72,1.5358,1,500,105,100,5,3,20,20,298,231,60,11076.812012,-5002.275991,3276.499023,1803.736096,0.000000,0.000000,0.000000,0.000000,0.000000,0.000000,0.000000,0.000000,0,0,0,0,0,0.000000,0.000000,0.000000
20260511_092344,2026-05-11 09:25:45,73,1.6328,1,500,105,100,5,4,20,20,346,335,62,6764.477844,-5131.630588,3279.495117,1815.422968,0.000000,0.000000,0.000000,0.000000,0.000000,0.000000,0.000000,0.000000,0,0,0,0,0,0.000000,0.000000,0.000000
20260511_092344,2026-05-11 09:25:47,74,1.5259,1,500,105,100,5,0,20,20,384,337,57,8405.839844,-4585.191373,3288.037109,1796.605167,0.000000,0.000000,0.000000,0.000000,0.000000,0.000000,0.000000,0.000000,0,0,0,0,0,0.000000,0.000000,0.000000
20260511_092344,2026-05-11 09:25:49,75,1.5411,1,500,105,100,5,7,20,20,471,348,58,11593.736816,-4561.756926,2492.574951,1785.337482,0.000000,0.000000,0.000000,0.000000,0.000000,0.000000,0.000000,0.000000,0,0,0,0,0,0.000000,0.000000,0.000000
20260511_092344,2026-05-11 09:25:50,76,1.4628,1,500,105,100,5,5,20,20,324,271,67,11909.126953,-5639.096926,3276.052002,1904.696777,0.000000,0.000000,0.000000,0.000000,0.000000,0.000000,0.000000,0.000000,0,0,0,0,0,0.000000,0.000000,0.000000
20260511_092344,2026-05-11 09:25:52,77,1.4928,1,500,105,100,5,4,20,20,367,280,55,10261.998047,-4352.959965,2868.317383,1790.454321,0.000000,0.000000,0.000000,0.000000,0.000000,0.000000,0.000000,0.000000,0,0,0,0,0,0.000000,0.000000,0.000000
20260511_092344,2026-05-11 09:25:53,78,1.4859,1,500,105,100,5,3,20,20,397,350,54,7061.220337,-4270.027252,3078.882324,1769.395782,0.000000,0.000000,0.000000,0.000000,0.000000,0.000000,0.000000,0.000000,0,0,0,0,0,0.000000,0.000000,0.000000
20260511_092344,2026-05-11 09:25:55,79,1.5342,1,500,105,100,5,4,20,20,405,360,74,6330.461853,-6251.381226,3478.105469,1984.217749,0.000000,0.000000,0.000000,0.000000,0.000000,0.000000,0.000000,0.000000,0,0,0,0,0,0.000000,0.000000,0.000000
20260511_092344,2026-05-11 09:25:57,80,1.4829,1,500,105,100,5,4,20,20,343,251,69,10713.830078,-5812.600373,4290.828613,1877.690933,0.000000,0.000000,0.000000,0.000000,0.000000,0.000000,0.000000,0.000000,0,0,0,0,0,0.000000,0.000000,0.000000
20260511_092344,2026-05-11 09:25:58,81,1.5503,1,500,105,100,5,13,20,20,547,528,56,7723.398193,-4176.339002,3270.709717,1801.198257,0.000000,0.000000,0.000000,0.000000,0.000000,0.000000,0.000000,0.000000,0,0,0,0,0,0.000000,0.000000,0.000000
20260511_092344,2026-05-11 09:26:00,82,1.6070,1,500,105,100,5,8,20,20,447,380,73,10498.414551,-6062.251031,4080.340576,1962.024838,0.000000,0.000000,0.000000,0.000000,0.000000,0.000000,0.000000,0.000000,0,0,0,0,0,0.000000,0.000000,0.000000
20260511_092344,2026-05-11 09:26:02,83,1.6383,1,500,105,100,5,6,20,20,441,397,55,9653.524902,-4230.020597,2694.258301,1770.294562,0.000000,0.000000,0.000000,0.000000,0.000000,0.000000,0.000000,0.000000,0,0,0,0,0,0.000000,0.000000,0.000000
20260511_092344,2026-05-11 09:26:04,84,1.5672,1,500,105,100,5,2,20,20,335,300,75,8681.026611,-6465.926195,3485.885254,1962.730679,0.000000,0.000000,0.000000,0.000000,0.000000,0.000000,0.000000,0.000000,0,0,0,0,0,0.000000,0.000000,0.000000
20260511_092344,2026-05-11 09:26:05,85,1.5205,1,500,105,100,5,8,20,20,486,418,63,8713.750977,-5071.885670,3099.166748,1903.746747,0.000000,0.000000,0.000000,0.000000,0.000000,0.000000,0.000000,0.000000,0,0,0,0,0,0.000000,0.000000,0.000000
20260511_092344,2026-05-11 09:26:07,86,1.6312,1,500,105,100,5,11,20,20,495,425,69,10558.776367,-5704.976456,3680.916260,1943.252914,0.000000,0.000000,0.000000,0.000000,0.000000,0.000000,0.000000,0.000000,0,0,0,0,0,0.000000,0.000000,0.000000
20260511_092344,2026-05-11 09:26:09,87,1.5709,1,500,105,100,5,6,20,20,470,453,59,6451.125549,-4707.990508,4503.972656,1834.962262,0.000000,0.000000,0.000000,0.000000,0.000000,0.000000,0.000000,0.000000,0,0,0,0,0,0.000000,0.000000,0.000000
20260511_092344,2026-05-11 09:26:11,88,1.5981,1,500,105,100,5,10,20,20,553,480,71,12367.094238,-5814.688744,3276.977783,1983.083545,0.000000,0.000000,0.000000,0.000000,0.000000,0.000000,0.000000,0.000000,0,0,0,0,0,0.000000,0.000000,0.000000
20260511_092344,2026-05-11 09:26:12,89,1.5359,1,500,105,100,5,0,20,20,379,348,61,7328.981567,-4950.527909,3685.007812,1834.971399,0.000000,0.000000,0.000000,0.000000,0.000000,0.000000,0.000000,0.000000,0,0,0,0,0,0.000000,0.000000,0.000000
20260511_092344,2026-05-11 09:26:14,90,1.6279,1,500,105,100,5,11,20,20,487,410,65,11245.806641,-5284.439872,3093.686523,1904.197131,0.000000,0.000000,0.000000,0.000000,0.000000,0.000000,0.000000,0.000000,0,0,0,0,0,0.000000,0.000000,0.000000
20260511_092344,2026-05-11 09:26:16,91,1.5351,1,500,105,100,5,3,20,20,384,315,48,10517.719238,-3708.251255,2888.899170,1662.655466,0.000000,0.000000,0.000000,0.000000,0.000000,0.000000,0.000000,0.000000,0,0,0,0,0,0.000000,0.000000,0.000000
20260511_092344,2026-05-11 09:26:18,92,1.5657,1,500,105,100,5,1,20,20,286,264,67,7344.076904,-5732.990711,2877.846680,1857.172845,0.000000,0.000000,0.000000,0.000000,0.000000,0.000000,0.000000,0.000000,0,0,0,0,0,0.000000,0.000000,0.000000
20260511_092344,2026-05-11 09:26:19,93,1.6458,1,500,105,100,5,1,20,20,342,296,62,8438.531982,-5166.394994,2870.110107,1759.006027,0.000000,0.000000,0.000000,0.000000,0.000000,0.000000,0.000000,0.000000,0,0,0,0,0,0.000000,0.000000,0.000000
20260511_092344,2026-05-11 09:26:21,94,1.5017,1,500,105,100,5,2,20,20,374,338,70,8181.811768,-6003.593327,3675.041016,1863.208295,0.000000,0.000000,0.000000,0.000000,0.000000,0.000000,0.000000,0.000000,0,0,0,0,0,0.000000,0.000000,0.000000
20260511_092344,2026-05-11 09:26:23,95,1.5199,1,500,105,100,5,4,20,20,389,362,72,6822.209351,-6089.428256,2873.048828,1951.380206,0.000000,0.000000,0.000000,0.000000,0.000000,0.000000,0.000000,0.000000,0,0,0,0,0,0.000000,0.000000,0.000000
20260511_092344,2026-05-11 09:26:25,96,1.6367,1,500,105,100,5,6,20,20,631,583,69,9849.598145,-5622.802230,3486.994141,1883.913855,0.000000,0.000000,0.000000,0.000000,0.000000,0.000000,0.000000,0.000000,0,0,0,0,0,0.000000,0.000000,0.000000
20260511_092344,2026-05-11 09:26:26,97,1.5678,1,500,105,100,5,5,20,20,450,409,58,9400.799561,-4588.750561,2678.805420,1736.419751,0.000000,0.000000,0.000000,0.000000,0.000000,0.000000,0.000000,0.000000,0,0,0,0,0,0.000000,0.000000,0.000000
20260511_092344,2026-05-11 09:26:28,98,1.5000,1,500,105,100,5,4,20,20,317,275,70,10726.456055,-6043.672547,3087.318115,1878.146970,0.000000,0.000000,0.000000,0.000000,0.000000,0.000000,0.000000,0.000000,0,0,0,0,0,0.000000,0.000000,0.000000
20260511_092344,2026-05-11 09:26:30,99,1.5307,1,500,105,100,5,2,20,20,335,292,58,10677.723145,-4742.928759,3474.375000,1767.013354,0.000000,0.000000,0.000000,0.000000,0.000000,0.000000,0.000000,0.000000,0,0,0,0,0,0.000000,0.000000,0.000000
20260511_092344,2026-05-11 09:26:31,100,1.5371,1,500,105,100,5,4,20,20,374,340,66,8589.134521,-5501.390786,3677.674561,1824.890848,0.000000,0.000000,0.000000,0.000000,0.000000,0.000000,0.000000,0.000000,0,0,0,0,0,0.000000,0.000000,0.000000
20260511_092344,2026-05-11 09:26:33,101,1.5463,1,500,105,100,5,1,20,20,445,426,59,7752.790283,-4729.014569,3685.457031,1695.362064,0.000000,0.000000,0.000000,0.000000,0.000000,0.000000,0.000000,0.000000,0,0,0,0,0,0.000000,0.000000,0.000000
20260511_092344,2026-05-11 09:26:35,102,1.5787,1,500,105,100,5,0,20,20,216,208,58,7165.200684,-4915.956662,2682.633789,1746.187170,0.000000,0.000000,0.000000,0.000000,0.000000,0.000000,0.000000,0.000000,0,0,0,0,0,0.000000,0.000000,0.000000
20260511_092344,2026-05-11 09:26:37,103,1.6376,1,500,105,100,5,1,20,20,317,257,62,10147.165039,-5190.259823,3072.874023,1831.161453,0.000000,0.000000,0.000000,0.000000,0.000000,0.000000,0.000000,0.000000,0,0,0,0,0,0.000000,0.000000,0.000000
20260511_092344,2026-05-11 09:26:38,104,1.5477,1,500,105,100,5,3,20,20,465,400,61,10261.549316,-4933.980415,3477.738037,1718.884497,0.000000,0.000000,0.000000,0.000000,0.000000,0.000000,0.000000,0.000000,0,0,0,0,0,0.000000,0.000000,0.000000
20260511_092344,2026-05-11 09:26:40,105,1.5465,1,500,105,100,5,4,20,20,342,323,71,6637.444946,-6073.096552,2879.748047,1969.269299,0.000000,0.000000,0.000000,0.000000,0.000000,0.000000,0.000000,0.000000,0,0,0,0,0,0.000000,0.000000,0.000000
20260511_092344,2026-05-11 09:26:42,106,1.6016,1,500,105,100,5,3,20,20,351,272,65,10152.170898,-5418.867716,3271.004883,1847.198587,0.000000,0.000000,0.000000,0.000000,0.000000,0.000000,0.000000,0.000000,0,0,0,0,0,0.000000,0.000000,0.000000
20260511_092344,2026-05-11 09:26:44,107,1.4882,1,500,105,100,5,0,20,20,300,283,71,6850.573303,-6115.846741,3891.895508,1927.827484,0.000000,0.000000,0.000000,0.000000,0.000000,0.000000,0.000000,0.000000,0,0,0,0,0,0.000000,0.000000,0.000000
20260511_092344,2026-05-11 09:26:45,108,1.5457,1,500,105,100,5,5,20,20,447,400,65,10132.237305,-5322.361682,3083.085938,1919.886395,0.000000,0.000000,0.000000,0.000000,0.000000,0.000000,0.000000,0.000000,0,0,0,0,0,0.000000,0.000000,0.000000
20260511_092344,2026-05-11 09:26:47,109,1.5787,1,500,105,100,5,7,20,20,732,650,72,10173.604004,-5765.240509,3092.199707,2007.270978,0.000000,0.000000,0.000000,0.000000,0.000000,0.000000,0.000000,0.000000,0,0,0,0,0,0.000000,0.000000,0.000000
20260511_092344,2026-05-11 09:26:49,110,1.6505,1,500,105,100,5,8,20,20,732,687,78,10753.374023,-6362.458194,3015.941162,2058.867688,0.000000,0.000000,0.000000,0.000000,0.000000,0.000000,0.000000,0.000000,0,0,0,0,0,0.000000,0.000000,0.000000
20260511_092344,2026-05-11 09:26:51,111,1.6500,1,500,105,100,5,12,20,20,631,585,42,6251.220703,-2830.084840,2310.458984,1577.548190,0.000000,0.000000,0.000000,0.000000,0.000000,0.000000,0.000000,0.000000,0,0,0,0,0,0.000000,0.000000,0.000000
20260511_092344,2026-05-11 09:26:53,112,1.6536,1,500,105,100,5,22,20,20,1037,879,51,15703.254883,-3153.463870,2711.875488,1775.936224,0.000000,0.000000,0.000000,0.000000,0.000000,0.000000,0.000000,0.000000,0,0,0,0,0,0.000000,0.000000,0.000000
20260511_092344,2026-05-11 09:26:54,113,1.6091,1,500,105,100,5,11,20,20,944,793,56,12738.663574,-3833.370434,3882.744141,1790.870605,0.000000,0.000000,0.000000,0.000000,0.000000,0.000000,0.000000,0.000000,0,0,0,0,0,0.000000,0.000000,0.000000
20260511_092344,2026-05-11 09:26:56,114,1.5957,1,500,105,100,5,7,20,20,740,581,54,12207.887207,-3834.239595,3078.111816,1682.922177,0.000000,0.000000,0.000000,0.000000,0.000000,0.000000,0.000000,0.000000,0,0,0,0,0,0.000000,0.000000,0.000000
20260511_092344,2026-05-11 09:26:58,115,1.7137,1,500,105,100,5,7,20,20,740,579,56,17113.147461,-4068.781143,2889.392822,1780.403131,0.000000,0.000000,0.000000,0.000000,0.000000,0.000000,0.000000,0.000000,0,0,0,0,0,0.000000,0.000000,0.000000
20260511_092344,2026-05-11 09:27:00,116,1.6437,1,500,105,100,5,10,20,20,913,729,68,15517.543945,-5043.107261,3887.914307,1949.300934,0.000000,0.000000,0.000000,0.000000,0.000000,0.000000,0.000000,0.000000,0,0,0,0,0,0.000000,0.000000,0.000000
20260511_092344,2026-05-11 09:27:02,117,1.5865,1,500,105,100,5,11,20,20,930,691,67,20816.640625,-4926.652303,3304.625732,1930.091376,0.000000,0.000000,0.000000,0.000000,0.000000,0.000000,0.000000,0.000000,0,0,0,0,0,0.000000,0.000000,0.000000
20260511_092344,2026-05-11 09:27:03,118,1.6064,1,500,105,100,5,7,20,20,817,637,65,14083.311523,-4831.262026,3282.422363,1896.543887,0.000000,0.000000,0.000000,0.000000,0.000000,0.000000,0.000000,0.000000,0,0,0,0,0,0.000000,0.000000,0.000000
20260511_092344,2026-05-11 09:27:05,119,1.6341,1,500,105,100,5,10,20,20,897,641,70,16667.768555,-5279.920085,3303.891113,1938.081696,0.000000,0.000000,0.000000,0.000000,0.000000,0.000000,0.000000,0.000000,0,0,0,0,0,0.000000,0.000000,0.000000
20260511_092344,2026-05-11 09:27:07,120,1.7409,1,500,105,100,5,16,20,20,905,643,69,16923.875000,-5124.270981,3290.594727,1913.136929,0.000000,0.000000,0.000000,0.000000,0.000000,0.000000,0.000000,0.000000,0,0,0,0,0,0.000000,0.000000,0.000000
20260511_092344,2026-05-11 09:27:09,121,1.6728,1,500,105,100,5,14,20,20,1049,801,61,21535.159180,-4187.750651,4513.062988,1860.678149,0.000000,0.000000,0.000000,0.000000,0.000000,0.000000,0.000000,0.000000,0,0,0,0,0,0.000000,0.000000,0.000000
20260511_092344,2026-05-11 09:27:11,122,1.6641,1,500,105,100,5,18,20,20,1182,919,59,16229.738281,-3767.290167,2498.701904,1863.623389,0.000000,0.000000,0.000000,0.000000,0.000000,0.000000,0.000000,0.000000,0,0,0,0,0,0.000000,0.000000,0.000000
20260511_092344,2026-05-11 09:27:13,123,1.5492,1,500,105,100,5,6,20,20,579,407,66,14825.792969,-5169.520621,3487.869629,1888.928760,0.000000,0.000000,0.000000,0.000000,0.000000,0.000000,0.000000,0.000000,0,0,0,0,0,0.000000,0.000000,0.000000
20260511_092344,2026-05-11 09:27:14,124,1.6168,1,500,105,100,5,10,20,20,773,659,64,14151.071777,-4735.276362,2512.395264,1844.651035,0.000000,0.000000,0.000000,0.000000,0.000000,0.000000,0.000000,0.000000,0,0,0,0,0,0.000000,0.000000,0.000000
20260511_092344,2026-05-11 09:27:16,125,1.5936,1,500,105,100,5,5,20,20,650,528,62,13533.336670,-4688.438755,3112.568115,1844.354535,0.000000,0.000000,0.000000,0.000000,0.000000,0.000000,0.000000,0.000000,0,0,0,0,0,0.000000,0.000000,0.000000
20260511_092344,2026-05-11 09:27:18,126,1.5381,1,500,105,100,5,10,20,20,817,671,70,15625.755859,-5330.158792,3490.854004,1974.908746,0.000000,0.000000,0.000000,0.000000,0.000000,0.000000,0.000000,0.000000,0,0,0,0,0,0.000000,0.000000,0.000000
20260511_092344,2026-05-11 09:27:20,127,1.6723,1,500,105,100,5,19,20,20,1400,1158,62,19796.742188,-3877.089083,2693.248535,1871.912744,0.000000,0.000000,0.000000,0.000000,0.000000,0.000000,0.000000,0.000000,0,0,0,0,0,0.000000,0.000000,0.000000
20260511_092344,2026-05-11 09:27:22,128,1.7590,1,500,105,100,5,14,20,20,1008,746,61,17405.824707,-4121.479282,2895.197510,1851.765924,0.000000,0.000000,0.000000,0.000000,0.000000,0.000000,0.000000,0.000000,0,0,0,0,0,0.000000,0.000000,0.000000
20260511_092344,2026-05-11 09:27:24,129,1.6046,1,500,105,100,5,9,20,20,668,578,51,13876.276855,-3552.645320,2865.639893,1660.846521,0.000000,0.000000,0.000000,0.000000,0.000000,0.000000,0.000000,0.000000,0,0,0,0,0,0.000000,0.000000,0.000000
20260511_092344,2026-05-11 09:27:26,130,1.7625,1,500,105,100,5,20,20,20,1199,942,64,18939.963867,-4232.749765,4703.187012,1876.195496,0.000000,0.000000,0.000000,0.000000,0.000000,0.000000,0.000000,0.000000,0,0,0,0,0,0.000000,0.000000,0.000000
20260511_092344,2026-05-11 09:27:28,131,1.6439,1,500,105,100,5,5,20,20,725,622,57,14884.153809,-4040.264069,2884.984131,1813.466113,0.000000,0.000000,0.000000,0.000000,0.000000,0.000000,0.000000,0.000000,0,0,0,0,0,0.000000,0.000000,0.000000
20260511_092344,2026-05-11 09:27:29,132,1.6875,1,500,105,100,5,7,20,20,673,606,56,13896.348145,-3995.815281,3293.117676,1810.907874,0.000000,0.000000,0.000000,0.000000,0.000000,0.000000,0.000000,0.000000,0,0,0,0,0,0.000000,0.000000,0.000000
20260511_092344,2026-05-11 09:27:31,133,1.6691,1,500,105,100,5,21,20,20,1119,871,53,18611.250000,-3213.192488,2472.695801,1792.604083,0.000000,0.000000,0.000000,0.000000,0.000000,0.000000,0.000000,0.000000,0,0,0,0,0,0.000000,0.000000,0.000000
20260511_092344,2026-05-11 09:27:33,134,1.6491,1,500,105,100,5,15,20,20,997,760,56,18283.504883,-3604.494882,3082.203613,1805.879291,0.000000,0.000000,0.000000,0.000000,0.000000,0.000000,0.000000,0.000000,0,0,0,0,0,0.000000,0.000000,0.000000
20260511_092344,2026-05-11 09:27:35,135,1.5907,1,500,105,100,5,1,20,20,546,499,51,10642.810425,-3614.327827,2680.484375,1737.295532,0.000000,0.000000,0.000000,0.000000,0.000000,0.000000,0.000000,0.000000,0,0,0,0,0,0.000000,0.000000,0.000000
20260511_092344,2026-05-11 09:27:37,136,1.8138,1,500,105,100,5,18,20,20,1162,1024,65,16048.326172,-4314.559679,2916.311768,1863.135226,0.000000,0.000000,0.000000,0.000000,0.000000,0.000000,0.000000,0.000000,0,0,0,0,0,0.000000,0.000000,0.000000
20260511_092344,2026-05-11 09:27:39,137,1.8653,1,500,105,100,5,17,20,20,1323,1104,68,16831.784180,-4468.264358,2894.316162,1947.445026,0.000000,0.000000,0.000000,0.000000,0.000000,0.000000,0.000000,0.000000,0,0,0,0,0,0.000000,0.000000,0.000000
20260511_092344,2026-05-11 09:27:41,138,1.7300,1,500,105,100,5,13,20,20,1310,1038,67,17664.829590,-4372.784233,2908.518799,1952.017603,0.000000,0.000000,0.000000,0.000000,0.000000,0.000000,0.000000,0.000000,0,0,0,0,0,0.000000,0.000000,0.000000
20260511_092344,2026-05-11 09:27:43,139,1.6492,1,500,105,100,5,7,20,20,914,757,50,16909.979004,-3160.113665,2517.957031,1748.646564,0.000000,0.000000,0.000000,0.000000,0.000000,0.000000,0.000000,0.000000,0,0,0,0,0,0.000000,0.000000,0.000000
20260511_092344,2026-05-11 09:27:45,140,1.6499,1,500,105,100,5,8,20,20,880,822,70,14936.012207,-5132.244645,4506.129883,1934.832837,0.000000,0.000000,0.000000,0.000000,0.000000,0.000000,0.000000,0.000000,0,0,0,0,0,0.000000,0.000000,0.000000
20260511_092344,2026-05-11 09:27:47,141,1.6961,1,500,105,100,5,11,20,20,1028,843,65,15703.140137,-4528.154296,3102.840820,1868.201767,0.000000,0.000000,0.000000,0.000000,0.000000,0.000000,0.000000,0.000000,0,0,0,0,0,0.000000,0.000000,0.000000
20260511_092344,2026-05-11 09:27:48,142,1.6705,1,500,105,100,5,8,20,20,701,624,68,12770.214844,-5191.909342,4478.682129,1865.592267,0.000000,0.000000,0.000000,0.000000,0.000000,0.000000,0.000000,0.000000,0,0,0,0,0,0.000000,0.000000,0.000000
20260511_092344,2026-05-11 09:27:50,143,1.5196,1,500,105,100,5,10,20,20,661,582,61,16097.268555,-4522.847938,3276.779297,1810.057877,0.000000,0.000000,0.000000,0.000000,0.000000,0.000000,0.000000,0.000000,0,0,0,0,0,0.000000,0.000000,0.000000
20260511_092344,2026-05-11 09:27:52,144,1.7523,1,500,105,100,5,21,20,20,1437,1171,58,18200.500977,-3336.356596,3111.198486,1843.234753,0.000000,0.000000,0.000000,0.000000,0.000000,0.000000,0.000000,0.000000,0,0,0,0,0,0.000000,0.000000,0.000000
20260511_092344,2026-05-11 09:27:54,145,1.7283,1,500,105,100,5,13,20,20,987,878,60,15204.523926,-4013.310511,3485.689941,1844.227957,0.000000,0.000000,0.000000,0.000000,0.000000,0.000000,0.000000,0.000000,0,0,0,0,0,0.000000,0.000000,0.000000
20260511_092344,2026-05-11 09:27:56,146,1.9398,1,500,105,100,5,26,20,20,1714,1467,59,19453.096680,-3191.744035,3083.358643,1866.697559,0.000000,0.000000,0.000000,0.000000,0.000000,0.000000,0.000000,0.000000,0,0,0,0,0,0.000000,0.000000,0.000000
20260511_092344,2026-05-11 09:27:58,147,1.7372,1,500,105,100,5,17,20,20,1338,1088,74,18580.126953,-5180.432626,3492.488525,2010.557831,0.000000,0.000000,0.000000,0.000000,0.000000,0.000000,0.000000,0.000000,0,0,0,0,0,0.000000,0.000000,0.000000
20260511_092344,2026-05-11 09:28:00,148,1.6959,1,500,105,100,5,19,20,20,1449,1256,74,19924.885742,-4961.216304,3087.894531,2019.011212,0.000000,0.000000,0.000000,0.000000,0.000000,0.000000,0.000000,0.000000,0,0,0,0,0,0.000000,0.000000,0.000000
20260511_092344,2026-05-11 09:28:02,149,1.7206,1,500,105,100,5,13,20,20,1171,986,63,18192.111328,-4198.953239,2888.928955,1873.842310,0.000000,0.000000,0.000000,0.000000,0.000000,0.000000,0.000000,0.000000,0,0,0,0,0,0.000000,0.000000,0.000000
20260511_092344,2026-05-11 09:28:04,150,1.6911,1,500,105,100,5,10,20,20,801,668,58,16604.549805,-4052.225357,3484.722900,1771.197284,0.000000,0.000000,0.000000,0.000000,0.000000,0.000000,0.000000,0.000000,0,0,0,0,0,0.000000,0.000000,0.000000
20260511_092344,2026-05-11 09:28:06,151,1.6137,1,500,105,100,5,9,20,20,968,799,54,17724.318359,-3425.900760,2643.510742,1771.129364,0.000000,0.000000,0.000000,0.000000,0.000000,0.000000,0.000000,0.000000,0,0,0,0,0,0.000000,0.000000,0.000000
20260511_092344,2026-05-11 09:28:08,152,1.6637,1,500,105,100,5,17,20,20,1107,950,56,18531.998047,-3445.186505,3915.560303,1758.944739,0.000000,0.000000,0.000000,0.000000,0.000000,0.000000,0.000000,0.000000,0,0,0,0,0,0.000000,0.000000,0.000000
20260511_092344,2026-05-11 09:28:10,153,1.8378,1,500,105,100,5,17,20,20,1235,1095,64,17337.241699,-4193.229236,2699.420654,1848.482159,0.000000,0.000000,0.000000,0.000000,0.000000,0.000000,0.000000,0.000000,0,0,0,0,0,0.000000,0.000000,0.000000
20260511_092344,2026-05-11 09:28:12,154,1.6753,1,500,105,100,5,8,20,20,775,689,50,15992.780273,-3295.243473,2482.553223,1675.610843,0.000000,0.000000,0.000000,0.000000,0.000000,0.000000,0.000000,0.000000,0,0,0,0,0,0.000000,0.000000,0.000000
20260511_092344,2026-05-11 09:28:14,155,1.6485,1,500,105,100,5,14,20,20,910,790,57,18712.769043,-3840.499968,3900.686279,1822.063336,0.000000,0.000000,0.000000,0.000000,0.000000,0.000000,0.000000,0.000000,0,0,0,0,0,0.000000,0.000000,0.000000
20260511_092344,2026-05-11 09:28:15,156,1.7110,1,500,105,100,5,14,20,20,1282,1108,53,15535.022949,-3015.899823,3304.626221,1726.522641,0.000000,0.000000,0.000000,0.000000,0.000000,0.000000,0.000000,0.000000,0,0,0,0,0,0.000000,0.000000,0.000000
20260511_092344,2026-05-11 09:28:17,157,1.7439,1,500,105,100,5,0,20,20,724,646,45,12739.830322,-2844.484035,2472.167236,1684.826782,0.000000,0.000000,0.000000,0.000000,0.000000,0.000000,0.000000,0.000000,0,0,0,0,0,0.000000,0.000000,0.000000
20260511_092344,2026-05-11 09:28:19,158,1.7108,1,500,105,100,5,15,20,20,1267,1062,57,19307.794922,-3421.261534,3499.124023,1814.774811,0.000000,0.000000,0.000000,0.000000,0.000000,0.000000,0.000000,0.000000,0,0,0,0,0,0.000000,0.000000,0.000000
20260511_092344,2026-05-11 09:28:21,159,1.7290,1,500,105,100,5,21,20,20,1143,1019,50,18551.921387,-2847.438574,2678.832275,1738.354663,0.000000,0.000000,0.000000,0.000000,0.000000,0.000000,0.000000,0.000000,0,0,0,0,0,0.000000,0.000000,0.000000
20260511_092344,2026-05-11 09:28:23,160,1.6749,1,500,105,100,5,12,20,20,1149,1040,55,10841.298950,-3331.763626,3299.578369,1814.661633,0.000000,0.000000,0.000000,0.000000,0.000000,0.000000,0.000000,0.000000,0,0,0,0,0,0.000000,0.000000,0.000000
20260511_092344,2026-05-11 09:28:25,161,1.7337,1,500,105,100,5,11,20,20,1235,1149,49,13483.685303,-2729.644226,2915.005371,1643.532480,0.000000,0.000000,0.000000,0.000000,0.000000,0.000000,0.000000,0.000000,0,0,0,0,0,0.000000,0.000000,0.000000
20260511_092344,2026-05-11 09:28:27,162,1.7334,1,500,105,100,5,17,20,20,1036,844,50,17803.612793,-2958.264855,2907.945801,1687.673495,0.000000,0.000000,0.000000,0.000000,0.000000,0.000000,0.000000,0.000000,0,0,0,0,0,0.000000,0.000000,0.000000
20260511_092344,2026-05-11 09:28:29,163,1.7559,1,500,105,100,5,19,20,20,1124,1034,45,15817.709473,-2364.310986,2681.286377,1673.431531,0.000000,0.000000,0.000000,0.000000,0.000000,0.000000,0.000000,0.000000,0,0,0,0,0,0.000000,0.000000,0.000000
20260511_092344,2026-05-11 09:28:31,164,1.6688,1,500,105,100,5,18,20,20,1053,977,26,15579.310303,-478.130949,2282.989746,1469.581372,0.000000,0.000000,0.000000,0.000000,0.000000,0.000000,0.000000,0.000000,0,0,0,0,0,0.000000,0.000000,0.000000
20260511_092344,2026-05-11 09:28:33,165,1.8589,1,500,105,100,5,36,20,20,2288,2099,59,17294.346680,-2578.161615,2918.718506,1830.617432,0.000000,0.000000,0.000000,0.000000,0.000000,0.000000,0.000000,0.000000,0,0,0,0,0,0.000000,0.000000,0.000000
20260511_092344,2026-05-11 09:28:35,166,1.8131,1,500,105,100,5,28,20,20,2440,2295,66,17467.228516,-3096.690798,2701.991943,1941.424091,0.000000,0.000000,0.000000,0.000000,0.000000,0.000000,0.000000,0.000000,0,0,0,0,0,0.000000,0.000000,0.000000
20260511_092344,2026-05-11 09:28:37,167,1.7552,1,500,105,100,5,18,20,20,1803,1663,70,17650.945312,-4225.844795,3117.982666,1938.374585,0.000000,0.000000,0.000000,0.000000,0.000000,0.000000,0.000000,0.000000,0,0,0,0,0,0.000000,0.000000,0.000000
20260511_092344,2026-05-11 09:28:39,168,1.6756,1,500,105,100,5,21,20,20,1277,1132,50,15899.665283,-2737.520066,2886.350586,1709.770895,0.000000,0.000000,0.000000,0.000000,0.000000,0.000000,0.000000,0.000000,0,0,0,0,0,0.000000,0.000000,0.000000
20260511_092344,2026-05-11 09:28:41,169,1.7872,1,500,105,100,5,18,20,20,2102,2015,60,10612.701172,-2860.593551,3123.189941,1844.849072,0.000000,0.000000,0.000000,0.000000,0.000000,0.000000,0.000000,0.000000,0,0,0,0,0,0.000000,0.000000,0.000000
20260511_092344,2026-05-11 09:28:43,170,1.7937,1,500,105,100,5,13,20,20,1297,1183,58,14534.307129,-3512.487089,2916.713623,1735.146851,0.000000,0.000000,0.000000,0.000000,0.000000,0.000000,0.000000,0.000000,0,0,0,0,0,0.000000,0.000000,0.000000
20260511_092344,2026-05-11 09:28:45,171,1.6094,1,500,105,100,5,10,20,20,870,738,45,16004.073730,-2634.169492,2688.576172,1582.609552,0.000000,0.000000,0.000000,0.000000,0.000000,0.000000,0.000000,0.000000,0,0,0,0,0,0.000000,0.000000,0.000000
20260511_092344,2026-05-11 09:28:47,172,1.6980,1,500,105,100,5,10,20,20,953,873,42,16083.108887,-2229.904459,2690.301270,1572.022714,0.000000,0.000000,0.000000,0.000000,0.000000,0.000000,0.000000,0.000000,0,0,0,0,0,0.000000,0.000000,0.000000
20260511_092344,2026-05-11 09:28:49,173,1.8458,1,500,105,100,5,24,20,20,1692,1516,62,15762.905762,-3496.097011,3308.322998,1843.150497,0.000000,0.000000,0.000000,0.000000,0.000000,0.000000,0.000000,0.000000,0,0,0,0,0,0.000000,0.000000,0.000000
20260511_092344,2026-05-11 09:28:51,174,1.8877,1,500,105,100,5,28,20,20,1543,1309,48,19711.615234,-2163.422193,3289.974609,1702.669083,0.000000,0.000000,0.000000,0.000000,0.000000,0.000000,0.000000,0.000000,0,0,0,0,0,0.000000,0.000000,0.000000
20260511_092344,2026-05-11 09:28:53,175,1.8100,1,500,105,100,5,23,20,20,2098,2003,67,16125.067383,-3666.336825,3107.116699,1884.947461,0.000000,0.000000,0.000000,0.000000,0.000000,0.000000,0.000000,0.000000,0,0,0,0,0,0.000000,0.000000,0.000000
20260511_092344,2026-05-11 09:28:55,176,1.8767,1,500,105,100,5,27,20,20,2447,2195,72,22155.833008,-3727.235059,3299.240967,1938.027844,0.000000,0.000000,0.000000,0.000000,0.000000,0.000000,0.000000,0.000000,0,0,0,0,0,0.000000,0.000000,0.000000
20260511_092344,2026-05-11 09:28:57,177,1.9454,1,500,105,100,5,27,20,20,1845,1691,67,17565.656250,-3842.844198,2906.927246,1947.251575,0.000000,0.000000,0.000000,0.000000,0.000000,0.000000,0.000000,0.000000,0,0,0,0,0,0.000000,0.000000,0.000000
20260511_092344,2026-05-11 09:29:00,178,1.8892,1,500,105,100,5,23,20,20,1420,1214,59,18364.512207,-3422.757227,2718.584717,1840.253613,0.000000,0.000000,0.000000,0.000000,0.000000,0.000000,0.000000,0.000000,0,0,0,0,0,0.000000,0.000000,0.000000
20260511_092344,2026-05-11 09:29:02,179,1.8758,1,500,105,100,5,21,20,20,1612,1396,61,18938.730957,-3464.965757,3272.930908,1828.150052,0.000000,0.000000,0.000000,0.000000,0.000000,0.000000,0.000000,0.000000,0,0,0,0,0,0.000000,0.000000,0.000000
20260511_092344,2026-05-11 09:29:04,180,1.6649,1,500,105,100,5,20,20,20,1149,1002,45,16234.374023,-2289.755134,2899.461914,1648.318243,0.000000,0.000000,0.000000,0.000000,0.000000,0.000000,0.000000,0.000000,0,0,0,0,0,0.000000,0.000000,0.000000
20260511_092344,2026-05-11 09:29:06,181,1.8627,1,500,105,100,5,31,20,20,1804,1678,46,16575.769043,-1721.625169,2714.799561,1758.165106,0.000000,0.000000,0.000000,0.000000,0.000000,0.000000,0.000000,0.000000,0,0,0,0,0,0.000000,0.000000,0.000000
20260511_092344,2026-05-11 09:29:08,182,1.6824,1,500,105,100,5,15,20,20,1235,1147,42,16998.820312,-1940.770222,2509.213867,1628.675494,0.000000,0.000000,0.000000,0.000000,0.000000,0.000000,0.000000,0.000000,0,0,0,0,0,0.000000,0.000000,0.000000
20260511_092344,2026-05-11 09:29:10,183,1.6597,1,500,105,100,5,24,20,20,1595,1433,44,17258.788086,-1766.515838,2494.120850,1666.632239,0.000000,0.000000,0.000000,0.000000,0.000000,0.000000,0.000000,0.000000,0,0,0,0,0,0.000000,0.000000,0.000000
20260511_092344,2026-05-11 09:29:12,184,1.7121,1,500,105,100,5,28,20,20,1515,1360,45,14897.586914,-1942.934792,2903.815186,1697.821497,0.000000,0.000000,0.000000,0.000000,0.000000,0.000000,0.000000,0.000000,0,0,0,0,0,0.000000,0.000000,0.000000
20260511_092344,2026-05-11 09:29:14,185,1.8716,1,500,105,100,5,31,20,20,2042,1888,52,16788.230469,-2047.361847,2675.722900,1756.983807,0.000000,0.000000,0.000000,0.000000,0.000000,0.000000,0.000000,0.000000,0,0,0,0,0,0.000000,0.000000,0.000000
20260511_092344,2026-05-11 09:29:16,186,1.8702,1,500,105,100,5,27,20,20,1674,1547,47,19300.771484,-1912.585213,3108.851562,1698.456717,0.000000,0.000000,0.000000,0.000000,0.000000,0.000000,0.000000,0.000000,0,0,0,0,0,0.000000,0.000000,0.000000
20260511_092344,2026-05-11 09:29:18,187,1.6809,1,500,105,100,5,27,20,20,1656,1566,58,14160.303711,-3094.983432,3688.385986,1828.249854,0.000000,0.000000,0.000000,0.000000,0.000000,0.000000,0.000000,0.000000,0,0,0,0,0,0.000000,0.000000,0.000000
20260511_092344,2026-05-11 09:29:20,188,1.6886,1,500,105,100,5,9,20,20,1161,1045,63,17388.011719,-4194.159356,3105.266602,1845.571790,0.000000,0.000000,0.000000,0.000000,0.000000,0.000000,0.000000,0.000000,0,0,0,0,0,0.000000,0.000000,0.000000
20260511_092344,2026-05-11 09:29:22,189,1.6629,1,500,105,100,5,18,20,20,1419,1242,63,17839.016113,-3929.896267,2723.940918,1889.432623,0.000000,0.000000,0.000000,0.000000,0.000000,0.000000,0.000000,0.000000,0,0,0,0,0,0.000000,0.000000,0.000000
20260511_092344,2026-05-11 09:29:24,190,1.6444,1,500,105,100,5,13,20,20,1205,1090,67,17528.598145,-4493.415201,3498.947021,1922.232745,0.000000,0.000000,0.000000,0.000000,0.000000,0.000000,0.000000,0.000000,0,0,0,0,0,0.000000,0.000000,0.000000
20260511_092344,2026-05-11 09:29:26,191,1.7086,1,500,105,100,5,15,20,20,1189,1044,65,13212.150146,-4333.784433,3107.816406,1860.216678,0.000000,0.000000,0.000000,0.000000,0.000000,0.000000,0.000000,0.000000,0,0,0,0,0,0.000000,0.000000,0.000000
20260511_092344,2026-05-11 09:29:27,192,1.6543,1,500,105,100,5,15,20,20,1162,1026,66,17023.904785,-4451.173450,3099.486328,1916.595959,0.000000,0.000000,0.000000,0.000000,0.000000,0.000000,0.000000,0.000000,0,0,0,0,0,0.000000,0.000000,0.000000
20260511_092344,2026-05-11 09:29:30,193,1.8625,1,500,105,100,5,21,20,20,1743,1466,47,20964.367188,-1943.948494,2896.751465,1650.973877,0.000000,0.000000,0.000000,0.000000,0.000000,0.000000,0.000000,0.000000,0,0,0,0,0,0.000000,0.000000,0.000000
20260511_092344,2026-05-11 09:29:32,194,1.7464,1,500,105,100,5,13,20,20,1453,1286,48,17289.297363,-2323.671075,2687.701172,1686.905338,0.000000,0.000000,0.000000,0.000000,0.000000,0.000000,0.000000,0.000000,0,0,0,0,0,0.000000,0.000000,0.000000
20260511_092344,2026-05-11 09:29:34,195,1.9016,1,500,105,100,5,35,20,20,2540,2221,55,21562.645508,-1860.386815,2703.116943,1842.547986,0.000000,0.000000,0.000000,0.000000,0.000000,0.000000,0.000000,0.000000,0,0,0,0,0,0.000000,0.000000,0.000000
20260511_092344,2026-05-11 09:29:36,196,1.6877,1,500,105,100,5,25,20,20,1682,1587,57,19967.428223,-2936.153205,2884.081299,1844.256519,0.000000,0.000000,0.000000,0.000000,0.000000,0.000000,0.000000,0.000000,0,0,0,0,0,0.000000,0.000000,0.000000
20260511_092344,2026-05-11 09:29:38,197,1.7752,1,500,105,100,5,21,20,20,1276,1219,52,16476.226562,-2899.862921,2898.301514,1725.262524,0.000000,0.000000,0.000000,0.000000,0.000000,0.000000,0.000000,0.000000,0,0,0,0,0,0.000000,0.000000,0.000000
20260511_092344,2026-05-11 09:29:40,198,1.7563,1,500,105,100,5,23,20,20,1511,1375,65,18725.972168,-3995.059242,3111.503418,1939.654553,0.000000,0.000000,0.000000,0.000000,0.000000,0.000000,0.000000,0.000000,0,0,0,0,0,0.000000,0.000000,0.000000
20260511_092344,2026-05-11 09:29:42,199,1.8074,1,500,105,100,5,31,20,20,2020,1854,43,19621.739258,-1183.308711,2508.183594,1674.798419,0.000000,0.000000,0.000000,0.000000,0.000000,0.000000,0.000000,0.000000,0,0,0,0,0,0.000000,0.000000,0.000000
20260511_092344,2026-05-11 09:29:44,200,1.6839,1,500,105,100,5,22,20,20,1648,1588,63,14649.093262,-3635.633539,3098.115967,1854.172925,0.000000,0.000000,0.000000,0.000000,0.000000,0.000000,0.000000,0.000000,0,0,0,0,0,0.000000,0.000000,0.000000
20260511_092344,2026-05-11 09:29:46,201,1.7987,1,500,105,100,5,24,20,20,2035,1751,64,21997.279297,-3332.333220,3294.868408,1935.257190,0.000000,0.000000,0.000000,0.000000,0.000000,0.000000,0.000000,0.000000,0,0,0,0,0,0.000000,0.000000,0.000000
20260511_092344,2026-05-11 09:29:48,202,1.7318,1,500,105,100,5,15,20,20,1152,1056,68,16526.098633,-4661.146665,2693.458984,1979.685632,0.000000,0.000000,0.000000,0.000000,0.000000,0.000000,0.000000,0.000000,0,0,0,0,0,0.000000,0.000000,0.000000
20260511_092344,2026-05-11 09:29:50,203,1.7978,1,500,105,100,5,33,20,20,2186,1962,57,24239.066406,-2456.408038,2489.832520,1839.959454,0.000000,0.000000,0.000000,0.000000,0.000000,0.000000,0.000000,0.000000,0,0,0,0,0,0.000000,0.000000,0.000000
20260511_092344,2026-05-11 09:29:52,204,1.7693,1,500,105,100,5,27,20,20,1682,1560,67,18106.042480,-3998.295782,3291.148438,1937.162402,0.000000,0.000000,0.000000,0.000000,0.000000,0.000000,0.000000,0.000000,0,0,0,0,0,0.000000,0.000000,0.000000
20260511_092344,2026-05-11 09:29:54,205,1.7821,1,500,105,100,5,27,20,20,2021,1878,63,16436.444336,-3190.189139,3113.745361,1888.673044,0.000000,0.000000,0.000000,0.000000,0.000000,0.000000,0.000000,0.000000,0,0,0,0,0,0.000000,0.000000,0.000000
20260511_092344,2026-05-11 09:29:56,206,1.7164,1,500,105,100,5,16,20,20,1113,1040,39,15489.729980,-1759.906451,3102.300049,1478.313879,0.000000,0.000000,0.000000,0.000000,0.000000,0.000000,0.000000,0.000000,0,0,0,0,0,0.000000,0.000000,0.000000
20260511_092344,2026-05-11 09:29:58,207,1.7969,1,500,105,100,5,27,20,20,2005,1895,63,16888.890137,-3245.736720,2701.062988,1828.505658,0.000000,0.000000,0.000000,0.000000,0.000000,0.000000,0.000000,0.000000,0,0,0,0,0,0.000000,0.000000,0.000000
20260511_092344,2026-05-11 09:30:00,208,1.7248,1,500,105,100,5,11,20,20,1124,985,55,15982.744629,-3356.486292,2679.888916,1774.390268,0.000000,0.000000,0.000000,0.000000,0.000000,0.000000,0.000000,0.000000,0,0,0,0,0,0.000000,0.000000,0.000000
20260511_092344,2026-05-11 09:30:02,209,1.7355,1,500,105,100,5,10,20,20,946,872,59,16145.892090,-3910.236075,2502.194092,1811.289990,0.000000,0.000000,0.000000,0.000000,0.000000,0.000000,0.000000,0.000000,0,0,0,0,0,0.000000,0.000000,0.000000
20260511_092344,2026-05-11 09:30:05,210,1.9635,1,500,105,100,5,24,20,20,1729,1554,47,17946.171387,-1930.553626,3294.138428,1567.525555,0.000000,0.000000,0.000000,0.000000,0.000000,0.000000,0.000000,0.000000,0,0,0,0,0,0.000000,0.000000,0.000000
20260511_092344,2026-05-11 09:30:07,211,1.7213,1,500,105,100,5,18,20,20,1734,1614,66,17760.667480,-3879.079932,3514.816650,1885.455768,0.000000,0.000000,0.000000,0.000000,0.000000,0.000000,0.000000,0.000000,0,0,0,0,0,0.000000,0.000000,0.000000
20260511_092344,2026-05-11 09:30:09,212,1.6367,1,500,105,100,5,9,20,20,896,818,51,13824.045166,-3262.859825,3090.268555,1607.399112,0.000000,0.000000,0.000000,0.000000,0.000000,0.000000,0.000000,0.000000,0,0,0,0,0,0.000000,0.000000,0.000000
20260511_092344,2026-05-11 09:30:11,213,1.7042,1,500,105,100,5,17,20,20,1283,1171,60,19084.421387,-3743.608977,3104.338135,1766.011496,0.000000,0.000000,0.000000,0.000000,0.000000,0.000000,0.000000,0.000000,0,0,0,0,0,0.000000,0.000000,0.000000
20260511_092344,2026-05-11 09:30:12,214,1.7291,1,500,105,100,5,11,20,20,1194,1029,55,20603.362305,-3350.343717,2713.121094,1686.551132,0.000000,0.000000,0.000000,0.000000,0.000000,0.000000,0.000000,0.000000,0,0,0,0,0,0.000000,0.000000,0.000000
20260511_092344,2026-05-11 09:30:14,215,1.5618,1,500,105,100,5,16,20,20,1153,1032,59,16335.913086,-3738.467292,3107.127930,1808.276578,0.000000,0.000000,0.000000,0.000000,0.000000,0.000000,0.000000,0.000000,0,0,0,0,0,0.000000,0.000000,0.000000
20260511_092344,2026-05-11 09:30:16,216,1.6115,1,500,105,100,5,15,20,20,1423,1265,66,14369.837891,-4196.411348,3312.658936,1930.569568,0.000000,0.000000,0.000000,0.000000,0.000000,0.000000,0.000000,0.000000,0,0,0,0,0,0.000000,0.000000,0.000000
20260511_092344,2026-05-11 09:30:18,217,1.6448,1,500,105,100,5,14,20,20,1090,1073,66,10740.331589,-4479.181620,3112.571045,1875.832452,0.000000,0.000000,0.000000,0.000000,0.000000,0.000000,0.000000,0.000000,0,0,0,0,0,0.000000,0.000000,0.000000
20260511_092344,2026-05-11 09:30:20,218,1.9010,1,500,105,100,5,15,20,20,1928,1762,79,20850.298828,-4977.048213,3719.654785,2048.580142,0.000000,0.000000,0.000000,0.000000,0.000000,0.000000,0.000000,0.000000,0,0,0,0,0,0.000000,0.000000,0.000000
20260511_092344,2026-05-11 09:30:22,219,1.7370,1,500,105,100,5,14,20,20,1413,1309,68,15729.942871,-4406.026463,2695.072021,1891.069336,0.000000,0.000000,0.000000,0.000000,0.000000,0.000000,0.000000,0.000000,0,0,0,0,0,0.000000,0.000000,0.000000
20260511_092344,2026-05-11 09:30:24,220,1.7346,1,500,105,100,5,20,20,20,1893,1768,72,16094.075684,-4360.874334,3123.881348,1997.229947,0.000000,0.000000,0.000000,0.000000,0.000000,0.000000,0.000000,0.000000,0,0,0,0,0,0.000000,0.000000,0.000000
20260511_092344,2026-05-11 09:30:26,221,1.6971,1,500,105,100,5,17,20,20,1407,1323,71,17454.177246,-4733.344681,3722.017822,1945.159384,0.000000,0.000000,0.000000,0.000000,0.000000,0.000000,0.000000,0.000000,0,0,0,0,0,0.000000,0.000000,0.000000
20260511_092344,2026-05-11 09:30:28,222,1.7357,1,500,105,100,5,16,20,20,1643,1431,63,18653.866211,-3634.143939,3295.665283,1817.651450,0.000000,0.000000,0.000000,0.000000,0.000000,0.000000,0.000000,0.000000,0,0,0,0,0,0.000000,0.000000,0.000000
20260511_092344,2026-05-11 09:30:30,223,1.7182,1,500,105,100,5,19,20,20,1502,1313,63,18711.281250,-3743.822879,2921.777832,1885.794614,0.000000,0.000000,0.000000,0.000000,0.000000,0.000000,0.000000,0.000000,0,0,0,0,0,0.000000,0.000000,0.000000
20260511_092344,2026-05-11 09:30:32,224,1.7201,1,500,105,100,5,19,20,20,1798,1636,69,16943.980957,-4080.705954,3298.175293,1864.368179,0.000000,0.000000,0.000000,0.000000,0.000000,0.000000,0.000000,0.000000,0,0,0,0,0,0.000000,0.000000,0.000000
20260511_092344,2026-05-11 09:30:34,225,1.8518,1,500,105,100,5,24,20,20,1656,1426,72,19315.415039,-4543.046321,3099.919922,1906.472595,0.000000,0.000000,0.000000,0.000000,0.000000,0.000000,0.000000,0.000000,0,0,0,0,0,0.000000,0.000000,0.000000
20260511_092344,2026-05-11 09:30:37,226,1.9255,1,500,105,100,5,21,20,20,2482,2200,70,21511.493164,-3509.474882,3318.178711,1957.088849,0.000000,0.000000,0.000000,0.000000,0.000000,0.000000,0.000000,0.000000,0,0,0,0,0,0.000000,0.000000,0.000000
20260511_092344,2026-05-11 09:30:39,227,1.7583,1,500,105,100,5,16,20,20,1400,1253,66,14598.220703,-4204.441951,2904.635010,1920.382391,0.000000,0.000000,0.000000,0.000000,0.000000,0.000000,0.000000,0.000000,0,0,0,0,0,0.000000,0.000000,0.000000
20260511_092344,2026-05-11 09:30:41,228,1.7432,1,500,105,100,5,14,20,20,1653,1471,75,18420.169434,-4882.986807,3301.459473,1965.672723,0.000000,0.000000,0.000000,0.000000,0.000000,0.000000,0.000000,0.000000,0,0,0,0,0,0.000000,0.000000,0.000000
20260511_092344,2026-05-11 09:30:43,229,1.5881,1,500,105,100,5,7,20,20,856,798,75,8024.861816,-5780.991845,3478.990723,1999.507019,0.000000,0.000000,0.000000,0.000000,0.000000,0.000000,0.000000,0.000000,0,0,0,0,0,0.000000,0.000000,0.000000
20260511_092344,2026-05-11 09:30:45,230,1.6119,1,500,105,100,5,9,20,20,1120,1009,70,14195.161865,-4985.030364,2694.376953,1931.398901,0.000000,0.000000,0.000000,0.000000,0.000000,0.000000,0.000000,0.000000,0,0,0,0,0,0.000000,0.000000,0.000000
20260511_092344,2026-05-11 09:30:47,231,1.5798,1,500,105,100,5,10,20,20,1160,907,61,20633.685547,-3962.175292,3295.690674,1850.219489,0.000000,0.000000,0.000000,0.000000,0.000000,0.000000,0.000000,0.000000,0,0,0,0,0,0.000000,0.000000,0.000000
20260511_092344,2026-05-11 09:30:48,232,1.5684,1,500,105,100,5,14,20,20,877,759,52,17870.632812,-3358.884641,2506.871094,1763.681274,0.000000,0.000000,0.000000,0.000000,0.000000,0.000000,0.000000,0.000000,0,0,0,0,0,0.000000,0.000000,0.000000
20260511_092344,2026-05-11 09:30:50,233,1.7208,1,500,105,100,5,14,20,20,955,845,55,14819.676758,-3584.453155,2714.608887,1832.610828,0.000000,0.000000,0.000000,0.000000,0.000000,0.000000,0.000000,0.000000,0,0,0,0,0,0.000000,0.000000,0.000000
20260511_092344,2026-05-11 09:30:53,234,1.8291,1,500,105,100,5,16,20,20,1620,1480,74,18748.870117,-4865.887012,2697.159424,2014.771042,0.000000,0.000000,0.000000,0.000000,0.000000,0.000000,0.000000,0.000000,0,0,0,0,0,0.000000,0.000000,0.000000
20260511_092344,2026-05-11 09:30:54,235,1.6793,1,500,105,100,5,18,20,20,1199,1048,49,18599.782227,-2670.820931,3103.436523,1725.751801,0.000000,0.000000,0.000000,0.000000,0.000000,0.000000,0.000000,0.000000,0,0,0,0,0,0.000000,0.000000,0.000000
20260511_092344,2026-05-11 09:30:57,236,1.7525,1,500,105,100,5,20,20,20,1582,1473,58,18294.775391,-3144.763485,3484.961670,1798.569147,0.000000,0.000000,0.000000,0.000000,0.000000,0.000000,0.000000,0.000000,0,0,0,0,0,0.000000,0.000000,0.000000
20260511_092344,2026-05-11 09:30:59,237,1.8551,1,500,105,100,5,31,20,20,2395,2237,59,19308.661133,-2466.980499,3082.307861,1887.473285,0.000000,0.000000,0.000000,0.000000,0.000000,0.000000,0.000000,0.000000,0,0,0,0,0,0.000000,0.000000,0.000000
20260511_092344,2026-05-11 09:31:01,238,1.9814,1,500,105,100,5,43,20,20,2912,2704,49,23400.088867,-779.641076,2912.298340,1718.290106,0.000000,0.000000,0.000000,0.000000,0.000000,0.000000,0.000000,0.000000,0,0,0,0,0,0.000000,0.000000,0.000000
20260511_092344,2026-05-11 09:31:03,239,1.9313,1,500,105,100,5,38,20,20,2969,2783,61,20824.544922,-2067.378502,2516.954834,1914.027515,0.000000,0.000000,0.000000,0.000000,0.000000,0.000000,0.000000,0.000000,0,0,0,0,0,0.000000,0.000000,0.000000
20260511_092344,2026-05-11 09:31:06,240,2.0683,1,500,105,100,5,44,20,20,3351,3083,44,22668.110352,139.490520,2944.215820,1732.293573,0.000000,0.000000,0.000000,0.000000,0.000000,0.000000,0.000000,0.000000,0,0,0,0,0,0.000000,0.000000,0.000000
20260511_092344,2026-05-11 09:31:08,241,2.1693,1,500,105,100,5,35,20,20,2856,2724,47,20919.470703,-728.463625,2715.566650,1720.591406,0.000000,0.000000,0.000000,0.000000,0.000000,0.000000,0.000000,0.000000,0,0,0,0,0,0.000000,0.000000,0.000000
20260511_092344,2026-05-11 09:31:10,242,1.8501,1,500,105,100,5,28,20,20,2079,1965,53,16273.202881,-2096.851152,3121.789062,1843.459033,0.000000,0.000000,0.000000,0.000000,0.000000,0.000000,0.000000,0.000000,0,0,0,0,0,0.000000,0.000000,0.000000
20260511_092344,2026-05-11 09:31:13,243,1.8481,1,500,105,100,5,37,20,20,2316,2182,51,18778.330078,-1641.192690,2523.657471,1746.129694,0.000000,0.000000,0.000000,0.000000,0.000000,0.000000,0.000000,0.000000,0,0,0,0,0,0.000000,0.000000,0.000000
20260511_092344,2026-05-11 09:31:15,244,1.7638,1,500,105,100,5,25,20,20,2070,1967,65,17241.568359,-3320.820922,2706.978271,1934.283319,0.000000,0.000000,0.000000,0.000000,0.000000,0.000000,0.000000,0.000000,0,0,0,0,0,0.000000,0.000000,0.000000
20260511_092344,2026-05-11 09:31:17,245,1.7504,1,500,105,100,5,22,20,20,1735,1622,60,20535.817871,-3201.962316,2893.667236,1808.182074,0.000000,0.000000,0.000000,0.000000,0.000000,0.000000,0.000000,0.000000,0,0,0,0,0,0.000000,0.000000,0.000000
20260511_092344,2026-05-11 09:31:19,246,1.8751,1,500,105,100,5,33,20,20,2168,2057,53,18383.504883,-1967.142772,3137.920654,1772.809183,0.000000,0.000000,0.000000,0.000000,0.000000,0.000000,0.000000,0.000000,0,0,0,0,0,0.000000,0.000000,0.000000
20260511_092344,2026-05-11 09:31:21,247,1.7573,1,500,105,100,5,24,20,20,1492,1357,64,20204.974121,-3832.565459,4107.816895,1874.129926,0.000000,0.000000,0.000000,0.000000,0.000000,0.000000,0.000000,0.000000,0,0,0,0,0,0.000000,0.000000,0.000000
20260511_092344,2026-05-11 09:31:23,248,1.8549,1,500,105,100,5,28,20,20,1653,1543,56,16775.134766,-2864.402178,3089.489258,1814.584119,0.000000,0.000000,0.000000,0.000000,0.000000,0.000000,0.000000,0.000000,0,0,0,0,0,0.000000,0.000000,0.000000
20260511_092344,2026-05-11 09:31:26,249,1.8973,1,500,105,100,5,27,20,20,1803,1597,55,26753.382812,-2593.079917,3516.848633,1756.818512,0.000000,0.000000,0.000000,0.000000,0.000000,0.000000,0.000000,0.000000,0,0,0,0,0,0.000000,0.000000,0.000000
20260511_092344,2026-05-11 09:31:28,250,1.8934,1,500,105,100,5,33,20,20,2357,2096,58,22512.791016,-2332.492323,2898.628174,1835.642438,0.000000,0.000000,0.000000,0.000000,0.000000,0.000000,0.000000,0.000000,0,0,0,0,0,0.000000,0.000000,0.000000
20260511_092344,2026-05-11 09:31:30,251,1.7408,1,500,105,100,5,27,20,20,1862,1731,65,21099.848145,-3515.358009,3903.836182,1881.070483,0.000000,0.000000,0.000000,0.000000,0.000000,0.000000,0.000000,0.000000,0,0,0,0,0,0.000000,0.000000,0.000000
20260511_092344,2026-05-11 09:31:32,252,1.8615,1,500,105,100,5,14,20,20,1598,1494,62,8844.837891,-3560.862799,3299.800049,1804.112753,0.000000,0.000000,0.000000,0.000000,0.000000,0.000000,0.000000,0.000000,0,0,0,0,0,0.000000,0.000000,0.000000
20260511_092344,2026-05-11 09:31:34,253,1.8649,1,500,105,100,5,19,20,20,1844,1750,56,13608.024414,-2672.731928,3303.464600,1748.067566,0.000000,0.000000,0.000000,0.000000,0.000000,0.000000,0.000000,0.000000,0,0,0,0,0,0.000000,0.000000,0.000000
20260511_092344,2026-05-11 09:31:36,254,1.8477,1,500,105,100,5,24,20,20,1732,1665,63,12644.294922,-3455.329468,2892.411865,1822.863385,0.000000,0.000000,0.000000,0.000000,0.000000,0.000000,0.000000,0.000000,0,0,0,0,0,0.000000,0.000000,0.000000
20260511_092344,2026-05-11 09:31:38,255,1.7136,1,500,105,100,5,14,20,20,1347,1219,63,21225.245117,-3872.806438,3511.607910,1766.653165,0.000000,0.000000,0.000000,0.000000,0.000000,0.000000,0.000000,0.000000,0,0,0,0,0,0.000000,0.000000,0.000000
20260511_092344,2026-05-11 09:31:41,256,1.9620,1,500,105,100,5,26,20,20,1590,1403,59,18185.848145,-3135.148519,3310.954834,1730.334348,0.000000,0.000000,0.000000,0.000000,0.000000,0.000000,0.000000,0.000000,0,0,0,0,0,0.000000,0.000000,0.000000
20260511_092344,2026-05-11 09:31:43,257,1.7885,1,500,105,100,5,18,20,20,1649,1542,64,14078.865326,-3664.114565,3097.620850,1829.387213,0.000000,0.000000,0.000000,0.000000,0.000000,0.000000,0.000000,0.000000,0,0,0,0,0,0.000000,0.000000,0.000000
20260511_092344,2026-05-11 09:31:45,258,1.7340,1,500,105,100,5,19,20,20,1518,1330,71,18193.005371,-4474.318821,3900.611816,1847.315781,0.000000,0.000000,0.000000,0.000000,0.000000,0.000000,0.000000,0.000000,0,0,0,0,0,0.000000,0.000000,0.000000
20260511_092344,2026-05-11 09:31:47,259,1.7191,1,500,105,100,5,12,20,20,1367,1247,75,20273.096680,-5104.578286,3523.599365,1826.198288,0.000000,0.000000,0.000000,0.000000,0.000000,0.000000,0.000000,0.000000,0,0,0,0,0,0.000000,0.000000,0.000000
20260511_092344,2026-05-11 09:31:49,260,1.7250,1,500,105,100,5,15,20,20,1668,1393,78,19224.519043,-5077.793271,3083.871826,1931.845483,0.000000,0.000000,0.000000,0.000000,0.000000,0.000000,0.000000,0.000000,0,0,0,0,0,0.000000,0.000000,0.000000
20260511_092344,2026-05-11 09:31:51,261,1.8226,1,500,105,100,5,23,20,20,2312,2087,71,22975.850586,-3720.383072,3684.122314,1953.428198,0.000000,0.000000,0.000000,0.000000,0.000000,0.000000,0.000000,0.000000,0,0,0,0,0,0.000000,0.000000,0.000000
20260511_092344,2026-05-11 09:31:53,262,1.7125,1,500,105,100,5,15,20,20,1547,1367,80,22767.439453,-5437.970517,2799.238770,2018.112140,0.000000,0.000000,0.000000,0.000000,0.000000,0.000000,0.000000,0.000000,0,0,0,0,0,0.000000,0.000000,0.000000
20260511_092344,2026-05-11 09:31:56,263,1.8970,1,500,105,100,5,16,20,20,1675,1525,76,12872.045898,-4805.639438,3899.489746,1949.037537,0.000000,0.000000,0.000000,0.000000,0.000000,0.000000,0.000000,0.000000,0,0,0,0,0,0.000000,0.000000,0.000000
20260511_092344,2026-05-11 09:31:58,264,1.7304,1,500,105,100,5,12,20,20,1166,1106,57,14485.169800,-3353.031003,3094.450195,1753.885800,0.000000,0.000000,0.000000,0.000000,0.000000,0.000000,0.000000,0.000000,0,0,0,0,0,0.000000,0.000000,0.000000
20260511_092344,2026-05-11 09:32:00,265,1.7511,1,500,105,100,5,20,20,20,1776,1641,74,22175.556641,-4503.705076,3447.079590,1950.384045,0.000000,0.000000,0.000000,0.000000,0.000000,0.000000,0.000000,0.000000,0,0,0,0,0,0.000000,0.000000,0.000000
20260511_092344,2026-05-11 09:32:02,266,1.7076,1,500,105,100,5,14,20,20,1468,1364,67,8802.678223,-4132.742562,2877.472656,1841.481073,0.000000,0.000000,0.000000,0.000000,0.000000,0.000000,0.000000,0.000000,0,0,0,0,0,0.000000,0.000000,0.000000
20260511_092344,2026-05-11 09:32:04,267,1.6464,1,500,105,100,5,8,20,20,1156,1010,62,15916.238525,-4014.273491,3708.956299,1687.104651,0.000000,0.000000,0.000000,0.000000,0.000000,0.000000,0.000000,0.000000,0,0,0,0,0,0.000000,0.000000,0.000000
20260511_092344,2026-05-11 09:32:06,268,1.6085,1,500,105,100,5,2,20,20,1112,964,56,18962.356934,-3438.050943,2871.031494,1610.459918,0.000000,0.000000,0.000000,0.000000,0.000000,0.000000,0.000000,0.000000,0,0,0,0,0,0.000000,0.000000,0.000000
20260511_092344,2026-05-11 09:32:08,269,1.7301,1,500,105,100,5,12,20,20,1234,1011,56,23953.794922,-3321.142553,2915.218018,1641.412067,0.000000,0.000000,0.000000,0.000000,0.000000,0.000000,0.000000,0.000000,0,0,0,0,0,0.000000,0.000000,0.000000
20260511_092344,2026-05-11 09:32:10,270,1.6411,1,500,105,100,5,1,20,20,926,786,64,19217.621094,-4393.101721,3481.955811,1715.297314,0.000000,0.000000,0.000000,0.000000,0.000000,0.000000,0.000000,0.000000,0,0,0,0,0,0.000000,0.000000,0.000000
20260511_092344,2026-05-11 09:32:12,271,1.7490,1,500,105,100,5,8,20,20,1142,1079,65,14361.405701,-4285.131829,3289.489014,1742.235983,0.000000,0.000000,0.000000,0.000000,0.000000,0.000000,0.000000,0.000000,0,0,0,0,0,0.000000,0.000000,0.000000
20260511_092344,2026-05-11 09:32:14,272,1.7501,1,500,105,100,5,14,20,20,1465,1378,62,16166.190186,-3686.474919,2683.591309,1786.241083,0.000000,0.000000,0.000000,0.000000,0.000000,0.000000,0.000000,0.000000,0,0,0,0,0,0.000000,0.000000,0.000000
20260511_092344,2026-05-11 09:32:16,273,1.8070,1,500,105,100,5,21,20,20,1577,1462,57,10428.944824,-2979.724672,2688.854980,1809.223132,0.000000,0.000000,0.000000,0.000000,0.000000,0.000000,0.000000,0.000000,0,0,0,0,0,0.000000,0.000000,0.000000
20260511_092344,2026-05-11 09:32:18,274,1.7381,1,500,105,100,5,28,20,20,2038,1868,59,21910.653320,-2660.994216,2506.582520,1853.388312,0.000000,0.000000,0.000000,0.000000,0.000000,0.000000,0.000000,0.000000,0,0,0,0,0,0.000000,0.000000,0.000000
20260511_092344,2026-05-11 09:32:20,275,1.7070,1,500,105,100,5,14,20,20,1822,1634,78,18329.453125,-4896.859718,3108.392090,1993.028558,0.000000,0.000000,0.000000,0.000000,0.000000,0.000000,0.000000,0.000000,0,0,0,0,0,0.000000,0.000000,0.000000
20260511_092344,2026-05-11 09:32:23,276,1.7639,1,500,105,100,5,16,20,20,1764,1483,62,15219.596680,-3309.444381,3703.166748,1743.099149,0.000000,0.000000,0.000000,0.000000,0.000000,0.000000,0.000000,0.000000,0,0,0,0,0,0.000000,0.000000,0.000000
20260511_092344,2026-05-11 09:32:25,277,1.6257,1,500,105,100,5,16,20,20,1301,1098,56,22441.958008,-3122.394090,3297.355713,1707.872867,0.000000,0.000000,0.000000,0.000000,0.000000,0.000000,0.000000,0.000000,0,0,0,0,0,0.000000,0.000000,0.000000
20260511_092344,2026-05-11 09:32:27,278,1.7391,1,500,105,100,5,19,20,20,1746,1659,76,19284.929688,-4757.852412,3713.365234,1972.075916,0.000000,0.000000,0.000000,0.000000,0.000000,0.000000,0.000000,0.000000,0,0,0,0,0,0.000000,0.000000,0.000000
20260511_092344,2026-05-11 09:32:29,279,1.7253,1,500,105,100,5,22,20,20,1261,1116,49,20178.208008,-2529.638859,3279.132812,1535.994315,0.000000,0.000000,0.000000,0.000000,0.000000,0.000000,0.000000,0.000000,0,0,0,0,0,0.000000,0.000000,0.000000
20260511_092344,2026-05-11 09:32:31,280,1.6243,1,500,105,100,5,18,20,20,1362,1291,48,16136.992432,-2212.768034,2896.134033,1621.756616,0.000000,0.000000,0.000000,0.000000,0.000000,0.000000,0.000000,0.000000,0,0,0,0,0,0.000000,0.000000,0.000000
20260511_092344,2026-05-11 09:32:33,281,1.8232,1,500,105,100,5,26,20,20,1986,1837,59,18322.811523,-2783.456066,3105.619629,1851.562933,0.000000,0.000000,0.000000,0.000000,0.000000,0.000000,0.000000,0.000000,0,0,0,0,0,0.000000,0.000000,0.000000
20260511_092344,2026-05-11 09:32:35,282,1.6861,1,500,105,100,5,18,20,20,1552,1444,58,17341.402832,-3085.948473,3318.196045,1797.489462,0.000000,0.000000,0.000000,0.000000,0.000000,0.000000,0.000000,0.000000,0,0,0,0,0,0.000000,0.000000,0.000000
20260511_092344,2026-05-11 09:32:37,283,1.8695,1,500,105,100,5,22,20,20,1572,1457,58,17516.939453,-3071.747528,3104.214111,1762.664883,0.000000,0.000000,0.000000,0.000000,0.000000,0.000000,0.000000,0.000000,0,0,0,0,0,0.000000,0.000000,0.000000
20260511_092344,2026-05-11 09:32:39,284,1.7331,1,500,105,100,5,13,20,20,1452,1315,78,7992.935547,-5305.041791,3502.204346,2000.514215,0.000000,0.000000,0.000000,0.000000,0.000000,0.000000,0.000000,0.000000,0,0,0,0,0,0.000000,0.000000,0.000000
20260511_092344,2026-05-11 09:32:42,285,1.7202,1,500,105,100,5,22,20,20,1432,1259,55,21422.748047,-2958.691931,3302.010742,1663.126538,0.000000,0.000000,0.000000,0.000000,0.000000,0.000000,0.000000,0.000000,0,0,0,0,0,0.000000,0.000000,0.000000
20260511_092344,2026-05-11 09:32:44,286,1.8866,1,500,105,100,5,21,20,20,1418,1340,48,16409.661621,-2263.705949,2712.477539,1496.557111,0.000000,0.000000,0.000000,0.000000,0.000000,0.000000,0.000000,0.000000,0,0,0,0,0,0.000000,0.000000,0.000000
20260511_092344,2026-05-11 09:32:46,287,1.7832,1,500,105,100,5,9,20,20,1255,1105,78,20873.145508,-5516.409441,3289.825928,1944.662201,0.000000,0.000000,0.000000,0.000000,0.000000,0.000000,0.000000,0.000000,0,0,0,0,0,0.000000,0.000000,0.000000
20260511_092344,2026-05-11 09:32:48,288,1.6747,1,500,105,100,5,8,20,20,1150,993,63,19283.798828,-4111.167819,2675.795166,1866.582184,0.000000,0.000000,0.000000,0.000000,0.000000,0.000000,0.000000,0.000000,0,0,0,0,0,0.000000,0.000000,0.000000
20260511_092344,2026-05-11 09:32:50,289,1.7985,1,500,105,100,5,17,20,20,1273,1188,66,15630.545410,-4215.715795,3499.968262,1907.492224,0.000000,0.000000,0.000000,0.000000,0.000000,0.000000,0.000000,0.000000,0,0,0,0,0,0.000000,0.000000,0.000000
20260511_092344,2026-05-11 09:32:52,290,1.5989,1,500,105,100,5,9,20,20,1147,961,64,18141.322266,-4173.087535,3287.776123,1889.493054,0.000000,0.000000,0.000000,0.000000,0.000000,0.000000,0.000000,0.000000,0,0,0,0,0,0.000000,0.000000,0.000000
20260511_092344,2026-05-11 09:32:54,291,1.7681,1,500,105,100,5,26,20,20,1650,1452,69,21372.055664,-4114.841114,2888.965820,1979.917023,0.000000,0.000000,0.000000,0.000000,0.000000,0.000000,0.000000,0.000000,0,0,0,0,0,0.000000,0.000000,0.000000
20260511_092344,2026-05-11 09:32:56,292,1.7892,1,500,105,100,5,41,20,20,2017,1850,42,22824.684570,-931.478779,2507.528320,1697.988007,0.000000,0.000000,0.000000,0.000000,0.000000,0.000000,0.000000,0.000000,0,0,0,0,0,0.000000,0.000000,0.000000
20260511_092344,2026-05-11 09:32:58,293,1.5684,1,500,105,100,5,15,20,20,1008,966,50,6403.717773,-2876.265392,3088.369141,1722.845273,0.000000,0.000000,0.000000,0.000000,0.000000,0.000000,0.000000,0.000000,0,0,0,0,0,0.000000,0.000000,0.000000
20260511_092344,2026-05-11 09:33:01,294,1.9266,1,500,105,100,5,43,20,20,1898,1736,39,19134.123535,-738.099549,2085.407715,1642.461719,0.000000,0.000000,0.000000,0.000000,0.000000,0.000000,0.000000,0.000000,0,0,0,0,0,0.000000,0.000000,0.000000
20260511_092344,2026-05-11 09:33:03,295,1.8705,1,500,105,100,5,22,20,20,2184,1987,62,21521.336914,-2934.319864,2747.183350,1818.425366,0.000000,0.000000,0.000000,0.000000,0.000000,0.000000,0.000000,0.000000,0,0,0,0,0,0.000000,0.000000,0.000000
20260511_092344,2026-05-11 09:33:05,296,1.7180,1,500,105,100,5,11,20,20,1393,1237,64,16317.974121,-3930.270088,2898.072021,1845.264520,0.000000,0.000000,0.000000,0.000000,0.000000,0.000000,0.000000,0.000000,0,0,0,0,0,0.000000,0.000000,0.000000
20260511_092344,2026-05-11 09:33:07,297,1.7300,1,500,105,100,5,11,20,20,1429,1401,77,8455.296875,-5200.145423,3319.102051,2018.098380,0.000000,0.000000,0.000000,0.000000,0.000000,0.000000,0.000000,0.000000,0,0,0,0,0,0.000000,0.000000,0.000000
20260511_092344,2026-05-11 09:33:09,298,1.6443,1,500,105,100,5,6,20,20,967,873,68,8431.188477,-4813.182329,2906.149658,1944.682935,0.000000,0.000000,0.000000,0.000000,0.000000,0.000000,0.000000,0.000000,0,0,0,0,0,0.000000,0.000000,0.000000
20260511_092344,2026-05-11 09:33:11,299,1.7324,1,500,105,100,5,16,20,20,1152,995,62,18355.719238,-3968.405270,3499.998779,1892.751285,0.000000,0.000000,0.000000,0.000000,0.000000,0.000000,0.000000,0.000000,0,0,0,0,0,0.000000,0.000000,0.000000
20260511_092344,2026-05-11 09:33:13,300,1.5892,1,500,105,100,5,4,20,20,950,890,68,7603.638672,-4821.879352,2671.656494,1947.193219,0.000000,0.000000,0.000000,0.000000,0.000000,0.000000,0.000000,0.000000,0,0,0,0,0,0.000000,0.000000,0.000000
20260511_092344,2026-05-11 09:33:15,301,1.6667,1,500,105,100,5,15,20,20,1258,1100,66,10468.605469,-4239.655495,2673.720947,1930.139172,0.000000,0.000000,0.000000,0.000000,0.000000,0.000000,0.000000,0.000000,0,0,0,0,0,0.000000,0.000000,0.000000
20260511_092344,2026-05-11 09:33:18,302,1.7255,1,500,105,100,5,4,20,20,872,767,48,18765.315918,-2835.693532,2691.719727,1598.560144,0.000000,0.000000,0.000000,0.000000,0.000000,0.000000,0.000000,0.000000,0,0,0,0,0,0.000000,0.000000,0.000000
20260511_092344,2026-05-11 09:33:20,303,1.7201,1,500,105,100,5,11,20,20,901,859,45,15120.869141,-2505.886396,2692.373047,1634.641483,0.000000,0.000000,0.000000,0.000000,0.000000,0.000000,0.000000,0.000000,0,0,0,0,0,0.000000,0.000000,0.000000
20260511_092344,2026-05-11 09:33:22,304,1.7869,1,500,105,100,5,26,20,20,1769,1579,39,20792.840332,-971.973106,2504.748779,1559.810583,0.000000,0.000000,0.000000,0.000000,0.000000,0.000000,0.000000,0.000000,0,0,0,0,0,0.000000,0.000000,0.000000
20260511_092344,2026-05-11 09:33:24,305,1.7902,1,500,105,100,5,30,20,20,2012,1788,50,22147.154297,-1816.676947,2519.455566,1789.943201,0.000000,0.000000,0.000000,0.000000,0.000000,0.000000,0.000000,0.000000,0,0,0,0,0,0.000000,0.000000,0.000000
20260511_092344,2026-05-11 09:33:26,306,1.7333,1,500,105,100,5,19,20,20,1725,1568,58,20664.437012,-2931.530327,2516.526367,1806.991992,0.000000,0.000000,0.000000,0.000000,0.000000,0.000000,0.000000,0.000000,0,0,0,0,0,0.000000,0.000000,0.000000
20260511_092344,2026-05-11 09:33:28,307,1.6534,1,500,105,100,5,14,20,20,1326,1219,61,19199.760254,-3696.519026,2907.314941,1794.967343,0.000000,0.000000,0.000000,0.000000,0.000000,0.000000,0.000000,0.000000,0,0,0,0,0,0.000000,0.000000,0.000000
20260511_092344,2026-05-11 09:33:30,308,1.5824,1,500,105,100,5,6,20,20,1076,922,47,19105.838867,-2539.004402,2705.401611,1656.518311,0.000000,0.000000,0.000000,0.000000,0.000000,0.000000,0.000000,0.000000,0,0,0,0,0,0.000000,0.000000,0.000000
20260511_092344,2026-05-11 09:33:32,309,1.6882,1,500,105,100,5,9,20,20,887,782,75,21097.788086,-5542.618138,3503.273926,2007.437485,0.000000,0.000000,0.000000,0.000000,0.000000,0.000000,0.000000,0.000000,0,0,0,0,0,0.000000,0.000000,0.000000
20260511_092344,2026-05-11 09:33:34,310,1.5540,1,500,105,100,5,2,20,20,618,486,62,19030.193848,-4570.070029,3285.065430,1847.564597,0.000000,0.000000,0.000000,0.000000,0.000000,0.000000,0.000000,0.000000,0,0,0,0,0,0.000000,0.000000,0.000000
20260511_092344,2026-05-11 09:33:36,311,1.5236,1,500,105,100,5,9,20,20,855,789,69,14329.504150,-4979.730084,2881.939941,1975.912317,0.000000,0.000000,0.000000,0.000000,0.000000,0.000000,0.000000,0.000000,0,0,0,0,0,0.000000,0.000000,0.000000
20260511_092344,2026-05-11 09:33:38,312,1.5600,1,500,105,100,5,9,20,20,918,821,47,20840.759766,-2630.297364,2705.476318,1675.873022,0.000000,0.000000,0.000000,0.000000,0.000000,0.000000,0.000000,0.000000,0,0,0,0,0,0.000000,0.000000,0.000000
20260511_092344,2026-05-11 09:33:40,313,1.5796,1,500,105,100,5,9,20,20,1061,908,69,19994.443848,-4784.230502,3095.132080,1923.160498,0.000000,0.000000,0.000000,0.000000,0.000000,0.000000,0.000000,0.000000,0,0,0,0,0,0.000000,0.000000,0.000000
20260511_092344,2026-05-11 09:33:42,314,1.6468,1,500,105,100,5,9,20,20,956,788,66,22133.661133,-4482.808724,4074.772461,1857.065982,0.000000,0.000000,0.000000,0.000000,0.000000,0.000000,0.000000,0.000000,0,0,0,0,0,0.000000,0.000000,0.000000
20260511_092344,2026-05-11 09:33:44,315,1.5946,1,500,105,100,5,10,20,20,1082,967,66,8156.873535,-4409.041640,3286.332764,1897.666910,0.000000,0.000000,0.000000,0.000000,0.000000,0.000000,0.000000,0.000000,0,0,0,0,0,0.000000,0.000000,0.000000
20260511_092344,2026-05-11 09:33:46,316,1.5657,1,500,105,100,5,3,20,20,778,683,46,16494.258789,-2812.762140,3084.426758,1633.479141,0.000000,0.000000,0.000000,0.000000,0.000000,0.000000,0.000000,0.000000,0,0,0,0,0,0.000000,0.000000,0.000000
20260511_092344,2026-05-11 09:33:48,317,1.6557,1,500,105,100,5,3,20,20,684,500,70,19944.396973,-5293.208669,3863.815918,1836.259073,0.000000,0.000000,0.000000,0.000000,0.000000,0.000000,0.000000,0.000000,0,0,0,0,0,0.000000,0.000000,0.000000
20260511_092344,2026-05-11 09:33:50,318,1.6005,1,500,105,100,5,5,20,20,710,568,63,19043.384766,-4534.234894,2867.598145,1789.348392,0.000000,0.000000,0.000000,0.000000,0.000000,0.000000,0.000000,0.000000,0,0,0,0,0,0.000000,0.000000,0.000000
20260511_092344,2026-05-11 09:33:52,319,1.5363,1,500,105,100,5,5,20,20,860,697,59,19413.645508,-3903.527624,2891.043457,1842.017896,0.000000,0.000000,0.000000,0.000000,0.000000,0.000000,0.000000,0.000000,0,0,0,0,0,0.000000,0.000000,0.000000
20260511_092344,2026-05-11 09:33:54,320,1.6233,1,500,105,100,5,6,20,20,780,673,52,19983.537109,-3335.311845,3105.122070,1736.525061,0.000000,0.000000,0.000000,0.000000,0.000000,0.000000,0.000000,0.000000,0,0,0,0,0,0.000000,0.000000,0.000000
20260511_092344,2026-05-11 09:33:56,321,1.5216,1,500,105,100,5,7,20,20,734,671,63,7119.376465,-4532.757518,3093.753418,1831.554764,0.000000,0.000000,0.000000,0.000000,0.000000,0.000000,0.000000,0.000000,0,0,0,0,0,0.000000,0.000000,0.000000
20260511_092344,2026-05-11 09:33:58,322,1.6208,1,500,105,100,5,13,20,20,871,751,50,19486.093750,-3041.743208,2870.870605,1716.501544,0.000000,0.000000,0.000000,0.000000,0.000000,0.000000,0.000000,0.000000,0,0,0,0,0,0.000000,0.000000,0.000000
20260511_092344,2026-05-11 09:34:00,323,1.5590,1,500,105,100,5,15,20,20,1120,1058,46,14538.592529,-2261.083404,2480.544922,1673.740540,0.000000,0.000000,0.000000,0.000000,0.000000,0.000000,0.000000,0.000000,0,0,0,0,0,0.000000,0.000000,0.000000
20260511_092344,2026-05-11 09:34:02,324,1.6771,1,500,105,100,5,19,20,20,1451,1291,56,19748.395508,-3020.672893,3092.096680,1790.750836,0.000000,0.000000,0.000000,0.000000,0.000000,0.000000,0.000000,0.000000,0,0,0,0,0,0.000000,0.000000,0.000000
20260511_092344,2026-05-11 09:34:04,325,1.7691,1,500,105,100,5,20,20,20,1728,1623,49,20155.786133,-1942.766983,2690.783936,1734.013544,0.000000,0.000000,0.000000,0.000000,0.000000,0.000000,0.000000,0.000000,0,0,0,0,0,0.000000,0.000000,0.000000
20260511_092344,2026-05-11 09:34:07,326,1.8439,1,500,105,100,5,27,20,20,2062,1834,57,20092.782227,-2422.159594,2946.658203,1792.338803,0.000000,0.000000,0.000000,0.000000,0.000000,0.000000,0.000000,0.000000,0,0,0,0,0,0.000000,0.000000,0.000000
20260511_092344,2026-05-11 09:34:09,327,1.7047,1,500,105,100,5,25,20,20,1793,1685,53,12086.706055,-2281.708770,3497.953613,1713.299551,0.000000,0.000000,0.000000,0.000000,0.000000,0.000000,0.000000,0.000000,0,0,0,0,0,0.000000,0.000000,0.000000
20260511_092344,2026-05-11 09:34:11,328,1.5934,1,500,105,100,5,17,20,20,1254,1123,51,20111.649414,-2654.574240,3289.893555,1623.121606,0.000000,0.000000,0.000000,0.000000,0.000000,0.000000,0.000000,0.000000,0,0,0,0,0,0.000000,0.000000,0.000000
20260511_092344,2026-05-11 09:34:13,329,2.0026,1,500,105,100,5,25,20,20,2351,2132,67,22347.538086,-3221.765482,3312.698486,1880.640189,0.000000,0.000000,0.000000,0.000000,0.000000,0.000000,0.000000,0.000000,0,0,0,0,0,0.000000,0.000000,0.000000
20260511_092344,2026-05-11 09:34:15,330,1.7705,1,500,105,100,5,22,20,20,1923,1796,54,19272.139648,-2327.673801,3310.386963,1751.458276,0.000000,0.000000,0.000000,0.000000,0.000000,0.000000,0.000000,0.000000,0,0,0,0,0,0.000000,0.000000,0.000000
20260511_092344,2026-05-11 09:34:18,331,1.6835,1,500,105,100,5,27,20,20,1977,1777,61,21020.895020,-2932.389247,2918.385010,1878.181097,0.000000,0.000000,0.000000,0.000000,0.000000,0.000000,0.000000,0.000000,0,0,0,0,0,0.000000,0.000000,0.000000
20260511_092344,2026-05-11 09:34:20,332,1.8200,1,500,105,100,5,30,20,20,2027,1826,53,19539.621582,-2125.966878,2703.100830,1759.438919,0.000000,0.000000,0.000000,0.000000,0.000000,0.000000,0.000000,0.000000,0,0,0,0,0,0.000000,0.000000,0.000000
20260511_092344,2026-05-11 09:34:22,333,1.9501,1,500,105,100,5,26,20,20,2048,1734,67,24105.345703,-3484.252930,2710.046387,1921.080670,0.000000,0.000000,0.000000,0.000000,0.000000,0.000000,0.000000,0.000000,0,0,0,0,0,0.000000,0.000000,0.000000
20260511_092344,2026-05-11 09:34:24,334,1.9087,1,500,105,100,5,33,20,20,2381,2185,56,23566.143555,-2044.329108,3138.084961,1798.091623,0.000000,0.000000,0.000000,0.000000,0.000000,0.000000,0.000000,0.000000,0,0,0,0,0,0.000000,0.000000,0.000000
20260511_092344,2026-05-11 09:34:27,335,1.6651,1,500,105,100,5,16,20,20,1444,1317,63,19926.132324,-3681.657247,3717.328125,1917.660132,0.000000,0.000000,0.000000,0.000000,0.000000,0.000000,0.000000,0.000000,0,0,0,0,0,0.000000,0.000000,0.000000
20260511_092344,2026-05-11 09:34:29,336,1.7795,1,500,105,100,5,30,20,20,1821,1628,49,21510.906250,-1884.063972,2887.058105,1742.072888,0.000000,0.000000,0.000000,0.000000,0.000000,0.000000,0.000000,0.000000,0,0,0,0,0,0.000000,0.000000,0.000000
20260511_092344,2026-05-11 09:34:31,337,1.7736,1,500,105,100,5,21,20,20,1751,1633,62,19006.968262,-3281.054236,2905.076904,1822.538327,0.000000,0.000000,0.000000,0.000000,0.000000,0.000000,0.000000,0.000000,0,0,0,0,0,0.000000,0.000000,0.000000
20260511_092344,2026-05-11 09:34:33,338,1.6741,1,500,105,100,5,18,20,20,1462,1245,54,20011.945312,-2716.264022,2731.050049,1791.272623,0.000000,0.000000,0.000000,0.000000,0.000000,0.000000,0.000000,0.000000,0,0,0,0,0,0.000000,0.000000,0.000000
20260511_092344,2026-05-11 09:34:35,339,1.6624,1,500,105,100,5,17,20,20,1602,1336,60,25897.853516,-3203.121589,3299.520264,1848.407315,0.000000,0.000000,0.000000,0.000000,0.000000,0.000000,0.000000,0.000000,0,0,0,0,0,0.000000,0.000000,0.000000
20260511_092344,2026-05-11 09:34:38,340,1.9029,1,500,105,100,5,25,20,20,1820,1671,59,16805.641602,-2896.594184,2538.784668,1872.252759,0.000000,0.000000,0.000000,0.000000,0.000000,0.000000,0.000000,0.000000,0,0,0,0,0,0.000000,0.000000,0.000000
20260511_092344,2026-05-11 09:34:40,341,1.7275,1,500,105,100,5,16,20,20,1135,1049,52,7784.983398,-2971.763526,2914.365967,1786.394098,0.000000,0.000000,0.000000,0.000000,0.000000,0.000000,0.000000,0.000000,0,0,0,0,0,0.000000,0.000000,0.000000
20260511_092344,2026-05-11 09:34:42,342,1.6473,1,500,105,100,5,12,20,20,1111,950,43,17914.010986,-1999.718513,2688.154785,1618.846365,0.000000,0.000000,0.000000,0.000000,0.000000,0.000000,0.000000,0.000000,0,0,0,0,0,0.000000,0.000000,0.000000
20260511_092344,2026-05-11 09:34:44,343,1.7495,1,500,105,100,5,21,20,20,1606,1410,63,21959.003906,-3475.067709,3508.548584,1918.159125,0.000000,0.000000,0.000000,0.000000,0.000000,0.000000,0.000000,0.000000,0,0,0,0,0,0.000000,0.000000,0.000000
20260511_092344,2026-05-11 09:34:46,344,1.6754,1,500,105,100,5,17,20,20,1466,1332,62,19000.030762,-3566.622151,3104.125488,1888.443329,0.000000,0.000000,0.000000,0.000000,0.000000,0.000000,0.000000,0.000000,0,0,0,0,0,0.000000,0.000000,0.000000
20260511_092344,2026-05-11 09:34:48,345,1.6261,1,500,105,100,5,9,20,20,1001,839,54,19733.462402,-3297.500194,3084.936035,1758.038971,0.000000,0.000000,0.000000,0.000000,0.000000,0.000000,0.000000,0.000000,0,0,0,0,0,0.000000,0.000000,0.000000
20260511_092344,2026-05-11 09:34:50,346,1.6372,1,500,105,100,5,10,20,20,996,914,46,18387.609375,-2418.318262,2480.436279,1630.615338,0.000000,0.000000,0.000000,0.000000,0.000000,0.000000,0.000000,0.000000,0,0,0,0,0,0.000000,0.000000,0.000000
20260511_092344,2026-05-11 09:34:52,347,1.7074,1,500,105,100,5,20,20,20,1311,1200,48,20542.033203,-2323.930103,3395.802002,1682.431384,0.000000,0.000000,0.000000,0.000000,0.000000,0.000000,0.000000,0.000000,0,0,0,0,0,0.000000,0.000000,0.000000
20260511_092344,2026-05-11 09:34:54,348,1.6813,1,500,105,100,5,15,20,20,1237,1162,71,7592.938477,-4781.109749,3674.919678,1993.114941,0.000000,0.000000,0.000000,0.000000,0.000000,0.000000,0.000000,0.000000,0,0,0,0,0,0.000000,0.000000,0.000000
20260511_092344,2026-05-11 09:34:57,349,1.8356,1,500,105,100,5,27,20,20,1989,1846,59,18452.832031,-2729.206878,3700.700928,1795.501996,0.000000,0.000000,0.000000,0.000000,0.000000,0.000000,0.000000,0.000000,0,0,0,0,0,0.000000,0.000000,0.000000
20260511_092344,2026-05-11 09:34:59,350,1.6607,1,500,105,100,5,13,20,20,1120,980,68,18696.066406,-4608.845221,2895.434082,1889.278485,0.000000,0.000000,0.000000,0.000000,0.000000,0.000000,0.000000,0.000000,0,0,0,0,0,0.000000,0.000000,0.000000
20260511_092344,2026-05-11 09:35:01,351,1.6131,1,500,105,100,5,15,20,20,1188,1011,61,21791.371094,-3810.459566,3309.917725,1843.475394,0.000000,0.000000,0.000000,0.000000,0.000000,0.000000,0.000000,0.000000,0,0,0,0,0,0.000000,0.000000,0.000000
20260511_092344,2026-05-11 09:35:03,352,1.7587,1,500,105,100,5,21,20,20,1324,1220,56,16486.422363,-3175.025255,3110.432129,1746.364435,0.000000,0.000000,0.000000,0.000000,0.000000,0.000000,0.000000,0.000000,0,0,0,0,0,0.000000,0.000000,0.000000
20260511_092344,2026-05-11 09:35:05,353,1.6411,1,500,105,100,5,12,20,20,1108,970,60,18929.151855,-3771.670803,2894.473389,1809.038837,0.000000,0.000000,0.000000,0.000000,0.000000,0.000000,0.000000,0.000000,0,0,0,0,0,0.000000,0.000000,0.000000
20260511_092344,2026-05-11 09:35:07,354,1.6200,1,500,105,100,5,10,20,20,1025,949,68,9281.557617,-4712.779648,2875.667725,1935.233948,0.000000,0.000000,0.000000,0.000000,0.000000,0.000000,0.000000,0.000000,0,0,0,0,0,0.000000,0.000000,0.000000
20260511_092344,2026-05-11 09:35:09,355,1.7228,1,500,105,100,5,14,20,20,1149,984,64,20125.762207,-4144.061996,2890.303223,1855.884906,0.000000,0.000000,0.000000,0.000000,0.000000,0.000000,0.000000,0.000000,0,0,0,0,0,0.000000,0.000000,0.000000
20260511_092344,2026-05-11 09:35:12,356,1.6041,1,500,105,100,5,9,20,20,960,851,63,10227.992676,-4249.040371,2880.312988,1822.724484,0.000000,0.000000,0.000000,0.000000,0.000000,0.000000,0.000000,0.000000,0,0,0,0,0,0.000000,0.000000,0.000000
20260511_092344,2026-05-11 09:35:14,357,1.7239,1,500,105,100,5,24,20,20,1721,1496,54,23604.546875,-2528.568145,3507.665039,1706.162268,0.000000,0.000000,0.000000,0.000000,0.000000,0.000000,0.000000,0.000000,0,0,0,0,0,0.000000,0.000000,0.000000
20260511_092344,2026-05-11 09:35:16,358,1.6210,1,500,105,100,5,16,20,20,1468,1257,75,13204.784180,-4965.861810,3695.331299,2034.306830,0.000000,0.000000,0.000000,0.000000,0.000000,0.000000,0.000000,0.000000,0,0,0,0,0,0.000000,0.000000,0.000000
20260511_092344,2026-05-11 09:35:18,359,1.7712,1,500,105,100,5,14,20,20,1248,1115,64,8735.166016,-4046.957196,3079.376221,1849.553448,0.000000,0.000000,0.000000,0.000000,0.000000,0.000000,0.000000,0.000000,0,0,0,0,0,0.000000,0.000000,0.000000
20260511_092344,2026-05-11 09:35:20,360,1.5728,1,500,105,100,5,9,20,20,985,861,66,8366.431152,-4543.235249,2640.974121,1907.654871,0.000000,0.000000,0.000000,0.000000,0.000000,0.000000,0.000000,0.000000,0,0,0,0,0,0.000000,0.000000,0.000000
20260511_092344,2026-05-11 09:35:22,361,1.6067,1,500,105,100,5,10,20,20,1031,882,66,17249.417969,-4544.381168,3055.098633,1842.723730,0.000000,0.000000,0.000000,0.000000,0.000000,0.000000,0.000000,0.000000,0,0,0,0,0,0.000000,0.000000,0.000000
20260511_092344,2026-05-11 09:35:24,362,1.5755,1,500,105,100,5,6,20,20,984,864,66,19571.130859,-4565.548211,2912.504883,1891.695230,0.000000,0.000000,0.000000,0.000000,0.000000,0.000000,0.000000,0.000000,0,0,0,0,0,0.000000,0.000000,0.000000
20260511_092344,2026-05-11 09:35:26,363,1.6548,1,500,105,100,5,7,20,20,853,773,65,6376.954590,-4568.274940,3080.255859,1928.449750,0.000000,0.000000,0.000000,0.000000,0.000000,0.000000,0.000000,0.000000,0,0,0,0,0,0.000000,0.000000,0.000000
20260511_092344,2026-05-11 09:35:28,364,1.6992,1,500,105,100,5,8,20,20,930,796,66,21564.818359,-4615.656150,3683.918213,1854.100143,0.000000,0.000000,0.000000,0.000000,0.000000,0.000000,0.000000,0.000000,0,0,0,0,0,0.000000,0.000000,0.000000
20260511_092344,2026-05-11 09:35:30,365,1.6069,1,500,105,100,5,10,20,20,948,864,78,6408.853516,-5840.362066,3493.832520,1963.676498,0.000000,0.000000,0.000000,0.000000,0.000000,0.000000,0.000000,0.000000,0,0,0,0,0,0.000000,0.000000,0.000000
20260511_092344,2026-05-11 09:35:32,366,1.5684,1,500,105,100,5,6,20,20,788,667,62,17696.970947,-4372.919453,3686.099121,1838.731580,0.000000,0.000000,0.000000,0.000000,0.000000,0.000000,0.000000,0.000000,0,0,0,0,0,0.000000,0.000000,0.000000
20260511_092344,2026-05-11 09:35:34,367,1.5988,1,500,105,100,5,7,20,20,877,755,76,20577.502930,-5712.472440,4492.040039,2042.783704,0.000000,0.000000,0.000000,0.000000,0.000000,0.000000,0.000000,0.000000,0,0,0,0,0,0.000000,0.000000,0.000000
20260511_092344,2026-05-11 09:35:36,368,1.5093,1,500,105,100,5,4,20,20,606,482,66,10922.666016,-4981.557186,3093.118164,1861.349274,0.000000,0.000000,0.000000,0.000000,0.000000,0.000000,0.000000,0.000000,0,0,0,0,0,0.000000,0.000000,0.000000
20260511_092344,2026-05-11 09:35:38,369,1.4718,1,500,105,100,5,8,20,20,753,683,64,8774.634766,-4586.936284,3494.132812,1872.608243,0.000000,0.000000,0.000000,0.000000,0.000000,0.000000,0.000000,0.000000,0,0,0,0,0,0.000000,0.000000,0.000000
20260511_092344,2026-05-11 09:35:40,370,1.5930,1,500,105,100,5,12,20,20,1135,960,59,21523.111328,-3690.169527,2895.617188,1858.101492,0.000000,0.000000,0.000000,0.000000,0.000000,0.000000,0.000000,0.000000,0,0,0,0,0,0.000000,0.000000,0.000000
20260511_092344,2026-05-11 09:35:42,371,1.6184,1,500,105,100,5,4,20,20,653,493,67,19024.353027,-5001.355342,3092.744629,1885.139038,0.000000,0.000000,0.000000,0.000000,0.000000,0.000000,0.000000,0.000000,0,0,0,0,0,0.000000,0.000000,0.000000
20260511_092344,2026-05-11 09:35:44,372,1.6541,1,500,105,100,5,11,20,20,1047,883,64,21300.038574,-4270.823901,3904.447510,1915.549249,0.000000,0.000000,0.000000,0.000000,0.000000,0.000000,0.000000,0.000000,0,0,0,0,0,0.000000,0.000000,0.000000
20260511_092344,2026-05-11 09:35:46,373,1.4514,1,500,105,100,5,3,20,20,528,355,76,20723.023438,-6090.531465,4091.650391,2033.972113,0.000000,0.000000,0.000000,0.000000,0.000000,0.000000,0.000000,0.000000,0,0,0,0,0,0.000000,0.000000,0.000000
20260511_092344,2026-05-11 09:35:48,374,1.5610,1,500,105,100,5,5,20,20,634,466,70,21888.829102,-5368.882475,2882.717285,1930.701318,0.000000,0.000000,0.000000,0.000000,0.000000,0.000000,0.000000,0.000000,0,0,0,0,0,0.000000,0.000000,0.000000
20260511_092344,2026-05-11 09:35:50,375,1.5268,1,500,105,100,5,4,20,20,463,296,60,20274.316406,-4525.566961,2690.602783,1867.705243,0.000000,0.000000,0.000000,0.000000,0.000000,0.000000,0.000000,0.000000,0,0,0,0,0,0.000000,0.000000,0.000000
20260511_092344,2026-05-11 09:35:52,376,1.5315,1,500,105,100,5,0,20,20,256,174,53,15185.620728,-4017.996382,3077.820557,1737.263513,0.000000,0.000000,0.000000,0.000000,0.000000,0.000000,0.000000,0.000000,0,0,0,0,0,0.000000,0.000000,0.000000
20260511_092344,2026-05-11 09:35:54,377,1.5382,1,500,105,100,5,5,20,20,537,348,53,20978.602539,-3726.898783,3489.900635,1739.684808,0.000000,0.000000,0.000000,0.000000,0.000000,0.000000,0.000000,0.000000,0,0,0,0,0,0.000000,0.000000,0.000000
20260511_092344,2026-05-11 09:35:56,378,1.4294,1,500,105,100,5,0,20,20,381,309,64,15800.394531,-5029.917727,3689.200684,1885.815628,0.000000,0.000000,0.000000,0.000000,0.000000,0.000000,0.000000,0.000000,0,0,0,0,0,0.000000,0.000000,0.000000
20260511_092344,2026-05-11 09:35:58,379,1.5729,1,500,105,100,5,3,20,20,355,308,61,16889.538574,-4748.607001,3473.972412,1879.497577,0.000000,0.000000,0.000000,0.000000,0.000000,0.000000,0.000000,0.000000,0,0,0,0,0,0.000000,0.000000,0.000000
20260511_092344,2026-05-11 09:36:00,380,1.5508,1,500,105,100,5,5,20,20,646,524,54,13500.803711,-3711.070338,2851.385254,1764.946350,0.000000,0.000000,0.000000,0.000000,0.000000,0.000000,0.000000,0.000000,0,0,0,0,0,0.000000,0.000000,0.000000
20260511_092344,2026-05-11 09:36:02,381,1.4861,1,500,105,100,5,3,20,20,677,606,74,6845.895020,-5698.948306,3695.059570,1915.669879,0.000000,0.000000,0.000000,0.000000,0.000000,0.000000,0.000000,0.000000,0,0,0,0,0,0.000000,0.000000,0.000000
20260511_092344,2026-05-11 09:36:05,382,1.6903,1,500,105,100,5,9,20,20,1088,896,51,19787.449219,-2912.006684,3519.016357,1727.062033,0.000000,0.000000,0.000000,0.000000,0.000000,0.000000,0.000000,0.000000,0,0,0,0,0,0.000000,0.000000,0.000000
20260511_092344,2026-05-11 09:36:06,383,1.5108,1,500,105,100,5,3,20,20,533,413,60,8133.238281,-4483.863286,3079.700439,1852.456644,0.000000,0.000000,0.000000,0.000000,0.000000,0.000000,0.000000,0.000000,0,0,0,0,0,0.000000,0.000000,0.000000
20260511_092344,2026-05-11 09:36:08,384,1.4805,1,500,105,100,5,5,20,20,616,420,54,23207.802734,-3723.741583,2910.765625,1702.374164,0.000000,0.000000,0.000000,0.000000,0.000000,0.000000,0.000000,0.000000,0,0,0,0,0,0.000000,0.000000,0.000000
20260511_092344,2026-05-11 09:36:10,385,1.4916,1,500,105,100,5,6,20,20,644,536,57,8607.984375,-3983.308727,3512.326416,1762.123035,0.000000,0.000000,0.000000,0.000000,0.000000,0.000000,0.000000,0.000000,0,0,0,0,0,0.000000,0.000000,0.000000
20260511_092344,2026-05-11 09:36:12,386,1.4079,1,500,105,100,5,3,20,20,448,340,60,18205.049316,-4528.123592,3485.932129,1798.271503,0.000000,0.000000,0.000000,0.000000,0.000000,0.000000,0.000000,0.000000,0,0,0,0,0,0.000000,0.000000,0.000000
20260511_092344,2026-05-11 09:36:14,387,1.7043,1,500,105,100,5,5,20,20,705,546,62,21558.240723,-4415.112210,2696.051270,1855.756079,0.000000,0.000000,0.000000,0.000000,0.000000,0.000000,0.000000,0.000000,0,0,0,0,0,0.000000,0.000000,0.000000
20260511_092344,2026-05-11 09:36:17,388,1.6425,1,500,105,100,5,6,20,20,901,642,59,20796.511230,-3944.108408,3297.338623,1744.434769,0.000000,0.000000,0.000000,0.000000,0.000000,0.000000,0.000000,0.000000,0,0,0,0,0,0.000000,0.000000,0.000000
20260511_092344,2026-05-11 09:36:18,389,1.4153,1,500,105,100,5,4,20,20,463,333,69,17627.346680,-5352.521565,5083.696777,1863.726144,0.000000,0.000000,0.000000,0.000000,0.000000,0.000000,0.000000,0.000000,0,0,0,0,0,0.000000,0.000000,0.000000
20260511_092344,2026-05-11 09:36:20,390,1.4534,1,500,105,100,5,5,20,20,628,433,70,22384.549805,-5325.338128,3271.624023,1927.967377,0.000000,0.000000,0.000000,0.000000,0.000000,0.000000,0.000000,0.000000,0,0,0,0,0,0.000000,0.000000,0.000000
20260511_092344,2026-05-11 09:36:22,391,1.3822,1,500,105,100,5,4,20,20,550,527,66,5747.676270,-5011.242851,2888.440918,1891.985883,0.000000,0.000000,0.000000,0.000000,0.000000,0.000000,0.000000,0.000000,0,0,0,0,0,0.000000,0.000000,0.000000
20260511_092344,2026-05-11 09:36:24,392,1.5409,1,500,105,100,5,8,20,20,536,432,71,20387.306641,-5550.416228,3491.153564,1913.474756,0.000000,0.000000,0.000000,0.000000,0.000000,0.000000,0.000000,0.000000,0,0,0,0,0,0.000000,0.000000,0.000000
20260511_092344,2026-05-11 09:36:26,393,1.4607,1,500,105,100,5,4,20,20,653,523,70,8066.153320,-5325.359041,3480.788086,1977.028131,0.000000,0.000000,0.000000,0.000000,0.000000,0.000000,0.000000,0.000000,0,0,0,0,0,0.000000,0.000000,0.000000
20260511_092344,2026-05-11 09:36:28,394,1.5667,1,500,105,100,5,8,20,20,995,871,79,11471.866699,-5840.725451,3094.776367,2052.687726,0.000000,0.000000,0.000000,0.000000,0.000000,0.000000,0.000000,0.000000,0,0,0,0,0,0.000000,0.000000,0.000000
20260511_092344,2026-05-11 09:36:30,395,1.5440,1,500,105,100,5,5,20,20,715,645,81,7212.899902,-6430.427917,3710.033447,2051.251422,0.000000,0.000000,0.000000,0.000000,0.000000,0.000000,0.000000,0.000000,0,0,0,0,0,0.000000,0.000000,0.000000
20260511_092344,2026-05-11 09:36:32,396,1.6425,1,500,105,100,5,7,20,20,813,696,79,22559.012695,-6042.574275,3488.729980,2039.915948,0.000000,0.000000,0.000000,0.000000,0.000000,0.000000,0.000000,0.000000,0,0,0,0,0,0.000000,0.000000,0.000000
20260511_092344,2026-05-11 09:36:34,397,1.5161,1,500,105,100,5,6,20,20,663,508,80,21548.686523,-6294.915910,3480.377197,2017.953738,0.000000,0.000000,0.000000,0.000000,0.000000,0.000000,0.000000,0.000000,0,0,0,0,0,0.000000,0.000000,0.000000
20260511_092344,2026-05-11 09:36:36,398,1.5229,1,500,105,100,5,1,20,20,262,223,56,15081.861450,-4290.255529,3868.457031,1716.047977,0.000000,0.000000,0.000000,0.000000,0.000000,0.000000,0.000000,0.000000,0,0,0,0,0,0.000000,0.000000,0.000000
20260511_092344,2026-05-11 09:36:38,399,1.4342,1,500,105,100,5,5,20,20,490,416,57,21610.387695,-4164.895983,3070.708252,1767.338156,0.000000,0.000000,0.000000,0.000000,0.000000,0.000000,0.000000,0.000000,0,0,0,0,0,0.000000,0.000000,0.000000
20260511_092344,2026-05-11 09:36:40,400,1.6719,1,500,105,100,5,15,20,20,1293,1186,64,14269.979492,-4040.343093,3070.096924,1916.290631,0.000000,0.000000,0.000000,0.000000,0.000000,0.000000,0.000000,0.000000,0,0,0,0,0,0.000000,0.000000,0.000000
20260511_092344,2026-05-11 09:36:42,401,1.4782,1,500,105,100,5,2,20,20,597,516,54,15781.464355,-3728.151964,3884.683350,1652.034390,0.000000,0.000000,0.000000,0.000000,0.000000,0.000000,0.000000,0.000000,0,0,0,0,0,0.000000,0.000000,0.000000
20260511_092344,2026-05-11 09:36:44,402,1.5007,1,500,105,100,5,3,20,20,430,371,50,16144.625000,-3546.604889,2473.225830,1693.697598,0.000000,0.000000,0.000000,0.000000,0.000000,0.000000,0.000000,0.000000,0,0,0,0,0,0.000000,0.000000,0.000000
20260511_092344,2026-05-11 09:36:46,403,1.5554,1,500,105,100,5,8,20,20,596,522,47,17962.369385,-2993.346414,3084.643066,1668.993130,0.000000,0.000000,0.000000,0.000000,0.000000,0.000000,0.000000,0.000000,0,0,0,0,0,0.000000,0.000000,0.000000
20260511_092344,2026-05-11 09:36:49,404,1.6515,1,500,105,100,5,5,20,20,672,585,74,11711.580566,-5697.677122,3491.931641,1941.250061,0.000000,0.000000,0.000000,0.000000,0.000000,0.000000,0.000000,0.000000,0,0,0,0,0,0.000000,0.000000,0.000000
20260511_092344,2026-05-11 09:36:51,405,1.4576,1,500,105,100,5,4,20,20,602,545,51,6149.073242,-3411.988720,3497.480957,1554.425137,0.000000,0.000000,0.000000,0.000000,0.000000,0.000000,0.000000,0.000000,0,0,0,0,0,0.000000,0.000000,0.000000
20260511_092344,2026-05-11 09:36:53,406,1.4608,1,500,105,100,5,4,20,20,607,537,53,6725.754395,-3617.125914,2895.088135,1685.547681,0.000000,0.000000,0.000000,0.000000,0.000000,0.000000,0.000000,0.000000,0,0,0,0,0,0.000000,0.000000,0.000000
20260511_092344,2026-05-11 09:36:54,407,1.4065,1,500,105,100,5,3,20,20,499,368,65,18174.020020,-4962.745255,3705.359619,1793.796088,0.000000,0.000000,0.000000,0.000000,0.000000,0.000000,0.000000,0.000000,0,0,0,0,0,0.000000,0.000000,0.000000
20260511_092344,2026-05-11 09:36:57,408,1.5726,1,500,105,100,5,0,20,20,253,199,50,5619.931641,-3750.212510,2666.405762,1633.998309,0.000000,0.000000,0.000000,0.000000,0.000000,0.000000,0.000000,0.000000,0,0,0,0,0,0.000000,0.000000,0.000000
20260511_092344,2026-05-11 09:36:58,409,1.3888,1,500,105,100,5,2,20,20,425,338,45,17053.002930,-2981.797159,2872.889648,1495.117685,0.000000,0.000000,0.000000,0.000000,0.000000,0.000000,0.000000,0.000000,0,0,0,0,0,0.000000,0.000000,0.000000
20260511_092344,2026-05-11 09:37:01,410,1.5545,1,500,105,100,5,2,20,20,625,465,59,8478.525879,-4217.134333,2679.062500,1756.816992,0.000000,0.000000,0.000000,0.000000,0.000000,0.000000,0.000000,0.000000,0,0,0,0,0,0.000000,0.000000,0.000000
20260511_092344,2026-05-11 09:37:03,411,1.6145,1,500,105,100,5,5,20,20,565,471,61,7620.546875,-4459.163257,2697.940430,1786.971161,0.000000,0.000000,0.000000,0.000000,0.000000,0.000000,0.000000,0.000000,0,0,0,0,0,0.000000,0.000000,0.000000
20260511_092344,2026-05-11 09:37:05,412,1.6436,1,500,105,100,5,6,20,20,773,596,56,21138.861816,-3671.586072,2884.074951,1722.886047,0.000000,0.000000,0.000000,0.000000,0.000000,0.000000,0.000000,0.000000,0,0,0,0,0,0.000000,0.000000,0.000000
20260511_092344,2026-05-11 09:37:07,413,1.5255,1,500,105,100,5,1,20,20,510,347,59,10833.913086,-4302.748529,2884.502930,1768.837805,0.000000,0.000000,0.000000,0.000000,0.000000,0.000000,0.000000,0.000000,0,0,0,0,0,0.000000,0.000000,0.000000
20260511_092344,2026-05-11 09:37:09,414,1.5333,1,500,105,100,5,4,20,20,635,534,71,12453.741211,-5366.079809,3083.891357,1918.262589,0.000000,0.000000,0.000000,0.000000,0.000000,0.000000,0.000000,0.000000,0,0,0,0,0,0.000000,0.000000,0.000000
20260511_092344,2026-05-11 09:37:11,415,1.4886,1,500,105,100,5,0,20,20,514,431,78,7472.996094,-6216.281869,3486.260986,2050.897864,0.000000,0.000000,0.000000,0.000000,0.000000,0.000000,0.000000,0.000000,0,0,0,0,0,0.000000,0.000000,0.000000
20260511_092344,2026-05-11 09:37:13,416,1.5777,1,500,105,100,5,2,20,20,307,223,58,20805.196289,-4438.245712,3076.574219,1776.149039,0.000000,0.000000,0.000000,0.000000,0.000000,0.000000,0.000000,0.000000,0,0,0,0,0,0.000000,0.000000,0.000000
20260511_092344,2026-05-11 09:37:15,417,1.3507,1,500,105,100,5,0,20,20,292,255,79,5784.900391,-6608.945463,3073.256592,2008.901410,0.000000,0.000000,0.000000,0.000000,0.000000,0.000000,0.000000,0.000000,0,0,0,0,0,0.000000,0.000000,0.000000
20260511_092344,2026-05-11 09:37:17,418,1.4401,1,500,105,100,5,1,20,20,390,208,63,21913.897949,-4859.496668,2688.902100,1857.249582,0.000000,0.000000,0.000000,0.000000,0.000000,0.000000,0.000000,0.000000,0,0,0,0,0,0.000000,0.000000,0.000000
20260511_092344,2026-05-11 09:37:19,419,1.5426,1,500,105,100,5,1,20,20,434,260,62,13905.887695,-4721.877500,3082.745605,1897.770917,0.000000,0.000000,0.000000,0.000000,0.000000,0.000000,0.000000,0.000000,0,0,0,0,0,0.000000,0.000000,0.000000
20260511_092344,2026-05-11 09:37:21,420,1.4873,1,500,105,100,5,0,20,20,258,195,45,18306.325684,-3197.192205,2477.298096,1658.037497,0.000000,0.000000,0.000000,0.000000,0.000000,0.000000,0.000000,0.000000,0,0,0,0,0,0.000000,0.000000,0.000000
20260511_092344,2026-05-11 09:37:23,421,1.4056,1,500,105,100,5,1,20,20,282,221,54,16819.186035,-4027.877518,4276.334961,1686.587430,0.000000,0.000000,0.000000,0.000000,0.000000,0.000000,0.000000,0.000000,0,0,0,0,0,0.000000,0.000000,0.000000
20260511_092344,2026-05-11 09:37:25,422,1.4479,1,500,105,100,5,0,20,20,346,245,62,17240.785400,-4788.408895,4062.689453,1795.730319,0.000000,0.000000,0.000000,0.000000,0.000000,0.000000,0.000000,0.000000,0,0,0,0,0,0.000000,0.000000,0.000000
20260511_092344,2026-05-11 09:37:27,423,1.5204,1,500,105,100,5,3,20,20,492,224,77,23790.300781,-6148.914715,3884.370850,2033.024670,0.000000,0.000000,0.000000,0.000000,0.000000,0.000000,0.000000,0.000000,0,0,0,0,0,0.000000,0.000000,0.000000
20260511_092344,2026-05-11 09:37:29,424,1.4798,1,500,105,100,5,0,20,20,281,209,62,16207.772949,-4820.035278,3072.044434,1863.399884,0.000000,0.000000,0.000000,0.000000,0.000000,0.000000,0.000000,0.000000,0,0,0,0,0,0.000000,0.000000,0.000000
20260511_092344,2026-05-11 09:37:31,425,1.5348,1,500,105,100,5,9,20,20,706,367,62,24950.017578,-4363.061655,3069.960449,1871.327243,0.000000,0.000000,0.000000,0.000000,0.000000,0.000000,0.000000,0.000000,0,0,0,0,0,0.000000,0.000000,0.000000
20260511_092344,2026-05-11 09:37:33,426,1.4276,1,500,105,100,5,0,20,20,323,211,67,20764.465820,-5334.266934,3082.981689,1937.676624,0.000000,0.000000,0.000000,0.000000,0.000000,0.000000,0.000000,0.000000,0,0,0,0,0,0.000000,0.000000,0.000000
20260511_092344,2026-05-11 09:37:36,427,1.6031,1,500,105,100,5,2,20,20,407,299,70,18123.473145,-5478.690544,3885.047363,1967.025397,0.000000,0.000000,0.000000,0.000000,0.000000,0.000000,0.000000,0.000000,0,0,0,0,0,0.000000,0.000000,0.000000
20260511_092344,2026-05-11 09:37:38,428,1.5521,1,500,105,100,5,1,20,20,281,197,51,17273.312500,-3764.877335,2470.634766,1770.373682,0.000000,0.000000,0.000000,0.000000,0.000000,0.000000,0.000000,0.000000,0,0,0,0,0,0.000000,0.000000,0.000000
20260511_092344,2026-05-11 09:37:40,429,1.5030,1,500,105,100,5,3,20,20,447,358,61,6336.735352,-4557.496593,3071.518555,1878.846899,0.000000,0.000000,0.000000,0.000000,0.000000,0.000000,0.000000,0.000000,0,0,0,0,0,0.000000,0.000000,0.000000
20260511_092344,2026-05-11 09:37:42,430,1.5075,1,500,105,100,5,5,20,20,534,339,64,25003.666992,-4795.859926,2674.777588,1913.995819,0.000000,0.000000,0.000000,0.000000,0.000000,0.000000,0.000000,0.000000,0,0,0,0,0,0.000000,0.000000,0.000000
20260511_092344,2026-05-11 09:37:44,431,1.4981,1,500,105,100,5,1,20,20,360,250,54,18069.213379,-3960.158975,3271.110352,1793.165454,0.000000,0.000000,0.000000,0.000000,0.000000,0.000000,0.000000,0.000000,0,0,0,0,0,0.000000,0.000000,0.000000
20260511_092344,2026-05-11 09:37:46,432,1.5552,1,500,105,100,5,7,20,20,534,411,77,25315.418945,-6092.381767,3067.735352,2043.409229,0.000000,0.000000,0.000000,0.000000,0.000000,0.000000,0.000000,0.000000,0,0,0,0,0,0.000000,0.000000,0.000000
20260511_092344,2026-05-11 09:37:48,433,1.4197,1,500,105,100,5,0,20,20,335,222,73,21550.047852,-5835.368828,3476.785400,1992.504498,0.000000,0.000000,0.000000,0.000000,0.000000,0.000000,0.000000,0.000000,0,0,0,0,0,0.000000,0.000000,0.000000
20260511_092344,2026-05-11 09:37:50,434,1.4602,1,500,105,100,5,2,20,20,394,194,61,23774.725586,-4641.621119,4296.358398,1857.549072,0.000000,0.000000,0.000000,0.000000,0.000000,0.000000,0.000000,0.000000,0,0,0,0,0,0.000000,0.000000,0.000000
20260511_092344,2026-05-11 09:37:52,435,1.5097,1,500,105,100,5,6,20,20,443,223,32,22861.441406,-1585.830420,2702.523682,1592.654089,0.000000,0.000000,0.000000,0.000000,0.000000,0.000000,0.000000,0.000000,0,0,0,0,0,0.000000,0.000000,0.000000
20260511_092344,2026-05-11 09:37:54,436,1.5093,1,500,105,100,5,0,20,20,369,279,65,6103.820312,-5021.411252,3892.210938,1913.300507,0.000000,0.000000,0.000000,0.000000,0.000000,0.000000,0.000000,0.000000,0,0,0,0,0,0.000000,0.000000,0.000000
20260511_092344,2026-05-11 09:37:56,437,1.4036,1,500,105,100,5,0,20,20,210,142,63,17079.853760,-5086.309143,2631.925537,1892.912732,0.000000,0.000000,0.000000,0.000000,0.000000,0.000000,0.000000,0.000000,0,0,0,0,0,0.000000,0.000000,0.000000
20260511_092344,2026-05-11 09:37:58,438,1.5027,1,500,105,100,5,3,20,20,369,239,69,13258.963867,-5468.697159,2888.483643,1960.016248,0.000000,0.000000,0.000000,0.000000,0.000000,0.000000,0.000000,0.000000,0,0,0,0,0,0.000000,0.000000,0.000000
20260511_092344,2026-05-11 09:38:00,439,1.4551,1,500,105,100,5,3,20,20,428,217,69,21687.975586,-5394.655803,3080.837402,1941.402356,0.000000,0.000000,0.000000,0.000000,0.000000,0.000000,0.000000,0.000000,0,0,0,0,0,0.000000,0.000000,0.000000
20260511_092344,2026-05-11 09:38:02,440,1.4367,1,500,105,100,5,0,20,20,326,213,68,9536.361816,-5409.992438,2885.289307,1921.883035,0.000000,0.000000,0.000000,0.000000,0.000000,0.000000,0.000000,0.000000,0,0,0,0,0,0.000000,0.000000,0.000000
20260511_092344,2026-05-11 09:38:05,441,1.4887,1,500,105,100,5,1,20,20,291,224,69,16699.931152,-5548.778085,3082.002930,1928.047995,0.000000,0.000000,0.000000,0.000000,0.000000,0.000000,0.000000,0.000000,0,0,0,0,0,0.000000,0.000000,0.000000
20260511_092344,2026-05-11 09:38:07,442,1.4734,1,500,105,100,5,0,20,20,266,186,60,8872.081055,-4665.089193,4093.058838,1840.615973,0.000000,0.000000,0.000000,0.000000,0.000000,0.000000,0.000000,0.000000,0,0,0,0,0,0.000000,0.000000,0.000000
20260511_092344,2026-05-11 09:38:09,443,1.4737,1,500,105,100,5,1,20,20,430,245,68,13948.354370,-5315.123599,3483.895020,1941.833215,0.000000,0.000000,0.000000,0.000000,0.000000,0.000000,0.000000,0.000000,0,0,0,0,0,0.000000,0.000000,0.000000
20260511_092344,2026-05-11 09:38:11,444,1.4302,1,500,105,100,5,0,20,20,228,170,76,15432.906128,-6346.091484,3075.376465,1982.130652,0.000000,0.000000,0.000000,0.000000,0.000000,0.000000,0.000000,0.000000,0,0,0,0,0,0.000000,0.000000,0.000000
20260511_092344,2026-05-11 09:38:13,445,1.5780,1,500,105,100,5,1,20,20,429,237,71,25191.165039,-5596.141767,3481.684814,1963.765997,0.000000,0.000000,0.000000,0.000000,0.000000,0.000000,0.000000,0.000000,0,0,0,0,0,0.000000,0.000000,0.000000
20260511_092344,2026-05-11 09:38:15,446,1.4493,1,500,105,100,5,0,20,20,215,173,58,15308.879517,-4539.109841,3067.724121,1810.158356,0.000000,0.000000,0.000000,0.000000,0.000000,0.000000,0.000000,0.000000,0,0,0,0,0,0.000000,0.000000,0.000000
20260511_092344,2026-05-11 09:38:17,447,1.5077,1,500,105,100,5,3,20,20,331,272,77,8733.953125,-6355.630342,3064.446289,2035.226782,0.000000,0.000000,0.000000,0.000000,0.000000,0.000000,0.000000,0.000000,0,0,0,0,0,0.000000,0.000000,0.000000
20260511_092344,2026-05-11 09:38:19,448,1.5169,1,500,105,100,5,4,20,20,565,291,68,24676.229492,-5187.362412,2885.706787,1934.051312,0.000000,0.000000,0.000000,0.000000,0.000000,0.000000,0.000000,0.000000,0,0,0,0,0,0.000000,0.000000,0.000000
20260511_092344,2026-05-11 09:38:21,449,1.3970,1,500,105,100,5,0,20,20,288,222,71,6715.420898,-5747.189885,3884.257324,1977.309991,0.000000,0.000000,0.000000,0.000000,0.000000,0.000000,0.000000,0.000000,0,0,0,0,0,0.000000,0.000000,0.000000
20260511_092344,2026-05-11 09:38:24,450,1.5806,1,500,105,100,5,1,20,20,354,217,51,19827.780762,-3636.944947,2863.383789,1779.130890,0.000000,0.000000,0.000000,0.000000,0.000000,0.000000,0.000000,0.000000,0,0,0,0,0,0.000000,0.000000,0.000000
20260511_092344,2026-05-11 09:38:26,451,1.5667,1,500,105,100,5,1,20,20,347,163,52,24184.838867,-3774.556136,3677.131104,1774.824664,0.000000,0.000000,0.000000,0.000000,0.000000,0.000000,0.000000,0.000000,0,0,0,0,0,0.000000,0.000000,0.000000
20260511_092344,2026-05-11 09:38:28,452,1.4656,1,500,105,100,5,1,20,20,335,315,61,6451.853027,-4662.273368,2868.538086,1882.711902,0.000000,0.000000,0.000000,0.000000,0.000000,0.000000,0.000000,0.000000,0,0,0,0,0,0.000000,0.000000,0.000000
20260511_092344,2026-05-11 09:38:30,453,1.4498,1,500,105,100,5,2,20,20,358,261,57,17261.497314,-4193.967855,2877.813477,1765.713113,0.000000,0.000000,0.000000,0.000000,0.000000,0.000000,0.000000,0.000000,0,0,0,0,0,0.000000,0.000000,0.000000
20260511_092344,2026-05-11 09:38:32,454,1.6146,1,500,105,100,5,2,20,20,362,214,73,23106.968750,-5918.357046,2865.487549,2005.336041,0.000000,0.000000,0.000000,0.000000,0.000000,0.000000,0.000000,0.000000,0,0,0,0,0,0.000000,0.000000,0.000000
20260511_092344,2026-05-11 09:38:34,455,1.4639,1,500,105,100,5,2,20,20,336,243,66,15226.022705,-5241.090951,3074.429932,1867.849292,0.000000,0.000000,0.000000,0.000000,0.000000,0.000000,0.000000,0.000000,0,0,0,0,0,0.000000,0.000000,0.000000
20260511_092344,2026-05-11 09:38:36,456,1.5121,1,500,105,100,5,0,20,20,395,240,64,20381.835938,-4929.426091,3476.503906,1912.900421,0.000000,0.000000,0.000000,0.000000,0.000000,0.000000,0.000000,0.000000,0,0,0,0,0,0.000000,0.000000,0.000000
20260511_092344,2026-05-11 09:38:39,457,1.5337,1,500,105,100,5,3,20,20,501,336,65,10879.399902,-4921.723163,2882.077393,1899.798615,0.000000,0.000000,0.000000,0.000000,0.000000,0.000000,0.000000,0.000000,0,0,0,0,0,0.000000,0.000000,0.000000
20260511_092344,2026-05-11 09:38:41,458,1.6449,1,500,105,100,5,3,20,20,537,309,57,22436.548828,-4113.738643,3085.075684,1844.628998,0.000000,0.000000,0.000000,0.000000,0.000000,0.000000,0.000000,0.000000,0,0,0,0,0,0.000000,0.000000,0.000000
20260511_092344,2026-05-11 09:38:43,459,1.5956,1,500,105,100,5,3,20,20,500,199,56,23733.724609,-4044.500226,3086.929688,1814.429095,0.000000,0.000000,0.000000,0.000000,0.000000,0.000000,0.000000,0.000000,0,0,0,0,0,0.000000,0.000000,0.000000
20260511_092344,2026-05-11 09:38:45,460,1.5654,1,500,105,100,5,0,20,20,400,228,58,18602.283203,-4321.198050,2880.824463,1809.235248,0.000000,0.000000,0.000000,0.000000,0.000000,0.000000,0.000000,0.000000,0,0,0,0,0,0.000000,0.000000,0.000000
20260511_092344,2026-05-11 09:38:48,461,1.5405,1,500,105,100,5,1,20,20,349,234,56,17552.438965,-4199.172054,2868.688721,1810.453549,0.000000,0.000000,0.000000,0.000000,0.000000,0.000000,0.000000,0.000000,0,0,0,0,0,0.000000,0.000000,0.000000
20260511_092344,2026-05-11 09:38:50,462,1.5589,1,500,105,100,5,3,20,20,422,244,78,21342.501465,-6332.072350,2896.946777,2046.600610,0.000000,0.000000,0.000000,0.000000,0.000000,0.000000,0.000000,0.000000,0,0,0,0,0,0.000000,0.000000,0.000000
20260511_092344,2026-05-11 09:38:52,463,1.4001,1,500,105,100,5,0,20,20,302,211,77,7653.543945,-6379.410788,3490.720947,2040.714801,0.000000,0.000000,0.000000,0.000000,0.000000,0.000000,0.000000,0.000000,0,0,0,0,0,0.000000,0.000000,0.000000
20260511_092344,2026-05-11 09:38:54,464,1.4709,1,500,105,100,5,2,20,20,388,222,68,22607.616211,-5378.219388,3283.607178,1926.879114,0.000000,0.000000,0.000000,0.000000,0.000000,0.000000,0.000000,0.000000,0,0,0,0,0,0.000000,0.000000,0.000000
20260511_092344,2026-05-11 09:38:56,465,1.4594,1,500,105,100,5,1,20,20,277,224,66,5102.423828,-5285.155178,3283.347656,1927.380566,0.000000,0.000000,0.000000,0.000000,0.000000,0.000000,0.000000,0.000000,0,0,0,0,0,0.000000,0.000000,0.000000
20260511_092344,2026-05-11 09:38:58,466,1.5525,1,500,105,100,5,4,20,20,470,304,68,21538.423828,-5269.852196,3279.129639,1901.309503,0.000000,0.000000,0.000000,0.000000,0.000000,0.000000,0.000000,0.000000,0,0,0,0,0,0.000000,0.000000,0.000000
20260511_092344,2026-05-11 09:39:00,467,1.5223,1,500,105,100,5,1,20,20,420,244,57,20108.946777,-4200.555527,3873.677246,1826.143054,0.000000,0.000000,0.000000,0.000000,0.000000,0.000000,0.000000,0.000000,0,0,0,0,0,0.000000,0.000000,0.000000
20260511_092344,2026-05-11 09:39:02,468,1.4863,1,500,105,100,5,2,20,20,342,225,55,21893.669922,-4108.419199,3270.434814,1820.615594,0.000000,0.000000,0.000000,0.000000,0.000000,0.000000,0.000000,0.000000,0,0,0,0,0,0.000000,0.000000,0.000000
20260511_092344,2026-05-11 09:39:05,469,1.4650,1,500,105,100,5,5,20,20,570,317,62,23833.708008,-4528.579414,3092.120605,1858.873056,0.000000,0.000000,0.000000,0.000000,0.000000,0.000000,0.000000,0.000000,0,0,0,0,0,0.000000,0.000000,0.000000
20260511_092344,2026-05-11 09:39:07,470,1.4486,1,500,105,100,5,0,20,20,329,211,79,10027.984375,-6550.298659,3888.100830,2034.712000,0.000000,0.000000,0.000000,0.000000,0.000000,0.000000,0.000000,0.000000,0,0,0,0,0,0.000000,0.000000,0.000000
20260511_092344,2026-05-11 09:39:09,471,1.4161,1,500,105,100,5,1,20,20,303,186,66,21556.624512,-5271.059163,3276.982422,1895.457230,0.000000,0.000000,0.000000,0.000000,0.000000,0.000000,0.000000,0.000000,0,0,0,0,0,0.000000,0.000000,0.000000
20260511_092344,2026-05-11 09:39:11,472,1.4933,1,500,105,100,5,1,20,20,388,241,58,17332.419434,-4312.181778,2876.048340,1801.448077,0.000000,0.000000,0.000000,0.000000,0.000000,0.000000,0.000000,0.000000,0,0,0,0,0,0.000000,0.000000,0.000000
20260511_092344,2026-05-11 09:39:13,473,1.4971,1,500,105,100,5,0,20,20,269,164,62,6821.127441,-4924.533709,2875.399414,1835.676050,0.000000,0.000000,0.000000,0.000000,0.000000,0.000000,0.000000,0.000000,0,0,0,0,0,0.000000,0.000000,0.000000
20260511_092344,2026-05-11 09:39:15,474,1.4852,1,500,105,100,5,2,20,20,329,248,75,7267.424805,-6212.406229,3080.607178,1998.835474,0.000000,0.000000,0.000000,0.000000,0.000000,0.000000,0.000000,0.000000,0,0,0,0,0,0.000000,0.000000,0.000000
20260511_092344,2026-05-11 09:39:17,475,1.4369,1,500,105,100,5,2,20,20,360,204,75,11878.196289,-6124.711921,3678.184814,2021.826898,0.000000,0.000000,0.000000,0.000000,0.000000,0.000000,0.000000,0.000000,0,0,0,0,0,0.000000,0.000000,0.000000
20260511_092344,2026-05-11 09:39:19,476,1.4435,1,500,105,100,5,1,20,20,316,243,61,19651.643066,-4707.864656,3475.198242,1861.993701,0.000000,0.000000,0.000000,0.000000,0.000000,0.000000,0.000000,0.000000,0,0,0,0,0,0.000000,0.000000,0.000000
20260511_092344,2026-05-11 09:39:22,477,1.5066,1,500,105,100,5,3,20,20,454,247,50,23388.604492,-3473.998220,2691.557373,1774.015875,0.000000,0.000000,0.000000,0.000000,0.000000,0.000000,0.000000,0.000000,0,0,0,0,0,0.000000,0.000000,0.000000
20260511_092344,2026-05-11 09:39:24,478,1.4220,1,500,105,100,5,0,20,20,319,212,51,18990.365723,-3697.903501,3274.293701,1706.752310,0.000000,0.000000,0.000000,0.000000,0.000000,0.000000,0.000000,0.000000,0,0,0,0,0,0.000000,0.000000,0.000000
20260511_092344,2026-05-11 09:39:26,479,1.3987,1,500,105,100,5,3,20,20,451,287,71,22623.958984,-5645.760681,3500.246338,1967.269141,0.000000,0.000000,0.000000,0.000000,0.000000,0.000000,0.000000,0.000000,0,0,0,0,0,0.000000,0.000000,0.000000
20260511_092344,2026-05-11 09:39:28,480,1.3918,1,500,105,100,5,0,20,20,235,175,74,5270.460938,-6125.055844,3063.701172,2003.574646,0.000000,0.000000,0.000000,0.000000,0.000000,0.000000,0.000000,0.000000,0,0,0,0,0,0.000000,0.000000,0.000000
20260511_092344,2026-05-11 09:39:30,481,1.4393,1,500,105,100,5,0,20,20,279,205,62,6667.668457,-4912.444569,3078.783447,1860.635568,0.000000,0.000000,0.000000,0.000000,0.000000,0.000000,0.000000,0.000000,0,0,0,0,0,0.000000,0.000000,0.000000
20260511_092344,2026-05-11 09:39:32,482,1.3471,1,500,105,100,5,0,20,20,278,203,69,6174.325195,-5585.087362,3693.537842,1956.225220,0.000000,0.000000,0.000000,0.000000,0.000000,0.000000,0.000000,0.000000,0,0,0,0,0,0.000000,0.000000,0.000000
20260511_092344,2026-05-11 09:39:34,483,1.4176,1,500,105,100,5,0,20,20,377,189,60,17780.076172,-4605.278091,3261.864746,1869.162915,0.000000,0.000000,0.000000,0.000000,0.000000,0.000000,0.000000,0.000000,0,0,0,0,0,0.000000,0.000000,0.000000
20260511_092344,2026-05-11 09:39:36,484,1.4535,1,500,105,100,5,4,20,20,465,316,79,18832.692383,-6380.452233,3269.009033,2040.152240,0.000000,0.000000,0.000000,0.000000,0.000000,0.000000,0.000000,0.000000,0,0,0,0,0,0.000000,0.000000,0.000000
20260511_092344,2026-05-11 09:39:38,485,1.3957,1,500,105,100,5,2,20,20,385,237,82,11352.802734,-6807.603835,3482.050781,2095.811407,0.000000,0.000000,0.000000,0.000000,0.000000,0.000000,0.000000,0.000000,0,0,0,0,0,0.000000,0.000000,0.000000
20260511_092344,2026-05-11 09:39:40,486,1.4315,1,500,105,100,5,3,20,20,451,227,70,22719.286133,-5530.011983,3071.347900,1972.634857,0.000000,0.000000,0.000000,0.000000,0.000000,0.000000,0.000000,0.000000,0,0,0,0,0,0.000000,0.000000,0.000000
20260511_092344,2026-05-11 09:39:42,487,1.3522,1,500,105,100,5,1,20,20,240,186,80,6650.521484,-6784.522596,4275.612793,2064.850989,0.000000,0.000000,0.000000,0.000000,0.000000,0.000000,0.000000,0.000000,0,0,0,0,0,0.000000,0.000000,0.000000
20260511_092344,2026-05-11 09:39:45,488,1.4590,1,500,105,100,5,3,20,20,363,289,73,7485.336426,-5899.732062,2870.176758,1999.627460,0.000000,0.000000,0.000000,0.000000,0.000000,0.000000,0.000000,0.000000,0,0,0,0,0,0.000000,0.000000,0.000000
20260511_092344,2026-05-11 09:39:47,489,1.5746,1,500,105,100,5,1,20,20,322,219,81,19455.457520,-6740.094045,3877.761230,2052.938184,0.000000,0.000000,0.000000,0.000000,0.000000,0.000000,0.000000,0.000000,0,0,0,0,0,0.000000,0.000000,0.000000
20260511_092344,2026-05-11 09:39:49,490,1.4275,1,500,105,100,5,2,20,20,388,269,75,23482.016602,-6090.050849,3273.057129,2021.957697,0.000000,0.000000,0.000000,0.000000,0.000000,0.000000,0.000000,0.000000,0,0,0,0,0,0.000000,0.000000,0.000000
20260511_092344,2026-05-11 09:39:51,491,1.4109,1,500,105,100,5,0,20,20,396,212,86,15423.133789,-7169.098591,3869.971680,2108.254480,0.000000,0.000000,0.000000,0.000000,0.000000,0.000000,0.000000,0.000000,0,0,0,0,0,0.000000,0.000000,0.000000
20260511_092344,2026-05-11 09:39:53,492,1.4182,1,500,105,100,5,0,20,20,356,280,68,7991.752930,-5390.767681,3274.601318,1948.477356,0.000000,0.000000,0.000000,0.000000,0.000000,0.000000,0.000000,0.000000,0,0,0,0,0,0.000000,0.000000,0.000000
20260511_092344,2026-05-11 09:39:55,493,1.4092,1,500,105,100,5,1,20,20,292,178,63,17869.826660,-5012.233229,3081.677002,1865.523499,0.000000,0.000000,0.000000,0.000000,0.000000,0.000000,0.000000,0.000000,0,0,0,0,0,0.000000,0.000000,0.000000
20260511_092344,2026-05-11 09:39:57,494,1.4637,1,500,105,100,5,1,20,20,445,308,71,7683.126953,-5612.576566,2871.143066,1982.783362,0.000000,0.000000,0.000000,0.000000,0.000000,0.000000,0.000000,0.000000,0,0,0,0,0,0.000000,0.000000,0.000000
20260511_092344,2026-05-11 09:40:00,495,1.4601,1,500,105,100,5,2,20,20,300,253,63,5450.711914,-4971.680390,2885.629883,1888.192609,0.000000,0.000000,0.000000,0.000000,0.000000,0.000000,0.000000,0.000000,0,0,0,0,0,0.000000,0.000000,0.000000
20260511_092344,2026-05-11 09:40:02,496,1.5532,1,500,105,100,5,3,20,20,392,262,56,23270.418945,-4126.654518,3090.007812,1825.191925,0.000000,0.000000,0.000000,0.000000,0.000000,0.000000,0.000000,0.000000,0,0,0,0,0,0.000000,0.000000,0.000000
20260511_092344,2026-05-11 09:40:04,497,1.4390,1,500,105,100,5,1,20,20,355,313,75,4879.476562,-6062.500511,4082.269287,2020.244788,0.000000,0.000000,0.000000,0.000000,0.000000,0.000000,0.000000,0.000000,0,0,0,0,0,0.000000,0.000000,0.000000
20260511_092344,2026-05-11 09:40:06,498,1.4242,1,500,105,100,5,2,20,20,378,257,70,19942.936523,-5556.824098,3503.056396,1967.763171,0.000000,0.000000,0.000000,0.000000,0.000000,0.000000,0.000000,0.000000,0,0,0,0,0,0.000000,0.000000,0.000000
20260511_092344,2026-05-11 09:40:08,499,1.5093,1,500,105,100,5,7,20,20,568,364,62,23634.839844,-4548.060282,4075.992920,1857.573035,0.000000,0.000000,0.000000,0.000000,0.000000,0.000000,0.000000,0.000000,0,0,0,0,0,0.000000,0.000000,0.000000
20260511_092344,2026-05-11 09:40:11,500,1.5201,1,500,105,100,5,0,20,20,383,315,73,6891.789062,-5821.019437,2860.500977,1998.517914,0.000000,0.000000,0.000000,0.000000,0.000000,0.000000,0.000000,0.000000,0,0,0,0,0,0.000000,0.000000,0.000000
20260511_092344,2026-05-11 09:40:13,501,1.3539,1,500,105,100,5,0,20,20,203,136,64,6157.800781,-5185.953199,4270.015137,1864.284784,0.000000,0.000000,0.000000,0.000000,0.000000,0.000000,0.000000,0.000000,0,0,0,0,0,0.000000,0.000000,0.000000
20260511_092344,2026-05-11 09:40:15,502,1.4527,1,500,105,100,5,2,20,20,374,240,80,12460.662109,-6621.505966,3086.958496,2070.484106,0.000000,0.000000,0.000000,0.000000,0.000000,0.000000,0.000000,0.000000,0,0,0,0,0,0.000000,0.000000,0.000000
20260511_092344,2026-05-11 09:40:17,503,1.4694,1,500,105,100,5,1,20,20,315,265,63,7366.653809,-4943.027553,2875.362793,1871.917120,0.000000,0.000000,0.000000,0.000000,0.000000,0.000000,0.000000,0.000000,0,0,0,0,0,0.000000,0.000000,0.000000
20260511_092344,2026-05-11 09:40:19,504,1.3804,1,500,105,100,5,1,20,20,401,328,66,19724.374512,-5068.617726,2877.802002,1895.285266,0.000000,0.000000,0.000000,0.000000,0.000000,0.000000,0.000000,0.000000,0,0,0,0,0,0.000000,0.000000,0.000000
20260511_092344,2026-05-11 09:40:21,505,1.4479,1,500,105,100,5,1,20,20,439,325,60,17377.699463,-4435.174777,2874.154785,1838.781348,0.000000,0.000000,0.000000,0.000000,0.000000,0.000000,0.000000,0.000000,0,0,0,0,0,0.000000,0.000000,0.000000
20260511_092344,2026-05-11 09:40:24,506,1.3773,1,500,105,100,5,1,20,20,352,301,67,14624.602905,-5294.285556,4295.937500,1938.680469,0.000000,0.000000,0.000000,0.000000,0.000000,0.000000,0.000000,0.000000,0,0,0,0,0,0.000000,0.000000,0.000000
20260511_092344,2026-05-11 09:40:26,507,1.3814,1,500,105,100,5,1,20,20,306,191,57,7920.007812,-4308.140220,2472.755859,1812.147241,0.000000,0.000000,0.000000,0.000000,0.000000,0.000000,0.000000,0.000000,0,0,0,0,0,0.000000,0.000000,0.000000
20260511_092344,2026-05-11 09:40:28,508,1.3992,1,500,105,100,5,1,20,20,446,301,76,10186.840820,-6089.525360,3478.014404,2032.157050,0.000000,0.000000,0.000000,0.000000,0.000000,0.000000,0.000000,0.000000,0,0,0,0,0,0.000000,0.000000,0.000000
20260511_092344,2026-05-11 09:40:30,509,1.3396,1,500,105,100,5,0,20,20,187,161,65,4824.985352,-5320.146717,3274.613525,1915.176440,0.000000,0.000000,0.000000,0.000000,0.000000,0.000000,0.000000,0.000000,0,0,0,0,0,0.000000,0.000000,0.000000
20260511_092344,2026-05-11 09:40:32,510,1.3737,1,500,105,100,5,0,20,20,247,190,59,17764.871582,-4632.599740,2492.270508,1860.639203,0.000000,0.000000,0.000000,0.000000,0.000000,0.000000,0.000000,0.000000,0,0,0,0,0,0.000000,0.000000,0.000000
20260511_092344,2026-05-11 09:40:34,511,1.5496,1,500,105,100,5,0,20,20,283,228,62,16296.266357,-4822.356077,2876.473877,1863.241690,0.000000,0.000000,0.000000,0.000000,0.000000,0.000000,0.000000,0.000000,0,0,0,0,0,0.000000,0.000000,0.000000
20260511_092344,2026-05-11 09:40:36,512,1.3966,1,500,105,100,5,1,20,20,315,152,69,12121.898438,-5586.243395,3074.952393,1912.879532,0.000000,0.000000,0.000000,0.000000,0.000000,0.000000,0.000000,0.000000,0,0,0,0,0,0.000000,0.000000,0.000000
20260511_092344,2026-05-11 09:40:39,513,1.4217,1,500,105,100,5,1,20,20,533,333,71,21523.609375,-5481.190096,3479.954834,1977.435052,0.000000,0.000000,0.000000,0.000000,0.000000,0.000000,0.000000,0.000000,0,0,0,0,0,0.000000,0.000000,0.000000
20260511_092344,2026-05-11 09:40:41,514,1.4272,1,500,105,100,5,0,20,20,327,235,56,8788.506348,-4182.848350,3079.228516,1827.239917,0.000000,0.000000,0.000000,0.000000,0.000000,0.000000,0.000000,0.000000,0,0,0,0,0,0.000000,0.000000,0.000000
20260511_092344,2026-05-11 09:40:43,515,1.5031,1,500,105,100,5,4,20,20,486,298,67,21173.102051,-5103.981851,3287.154297,1937.376141,0.000000,0.000000,0.000000,0.000000,0.000000,0.000000,0.000000,0.000000,0,0,0,0,0,0.000000,0.000000,0.000000
20260511_092344,2026-05-11 09:40:45,516,1.4031,1,500,105,100,5,1,20,20,366,268,53,21869.881348,-3896.018632,2692.872559,1681.392300,0.000000,0.000000,0.000000,0.000000,0.000000,0.000000,0.000000,0.000000,0,0,0,0,0,0.000000,0.000000,0.000000
20260511_092344,2026-05-11 09:40:47,517,1.4068,1,500,105,100,5,5,20,20,517,325,53,22118.407227,-3695.724354,3276.050049,1752.730420,0.000000,0.000000,0.000000,0.000000,0.000000,0.000000,0.000000,0.000000,0,0,0,0,0,0.000000,0.000000,0.000000
20260511_092344,2026-05-11 09:40:50,518,1.5187,1,500,105,100,5,1,20,20,287,228,47,6214.544922,-3315.636458,3064.530518,1709.401520,0.000000,0.000000,0.000000,0.000000,0.000000,0.000000,0.000000,0.000000,0,0,0,0,0,0.000000,0.000000,0.000000
20260511_092344,2026-05-11 09:40:52,519,1.5602,1,500,105,100,5,2,20,20,424,322,67,11787.792480,-5171.015577,3070.005127,1931.768964,0.000000,0.000000,0.000000,0.000000,0.000000,0.000000,0.000000,0.000000,0,0,0,0,0,0.000000,0.000000,0.000000
20260511_092344,2026-05-11 09:40:54,520,1.5160,1,500,105,100,5,1,20,20,543,360,83,10675.518555,-6734.785135,3473.458984,2096.575500,0.000000,0.000000,0.000000,0.000000,0.000000,0.000000,0.000000,0.000000,0,0,0,0,0,0.000000,0.000000,0.000000
20260511_092344,2026-05-11 09:40:57,521,1.4316,1,500,105,100,5,5,20,20,428,336,51,9982.212891,-3592.452005,2686.191895,1754.196912,0.000000,0.000000,0.000000,0.000000,0.000000,0.000000,0.000000,0.000000,0,0,0,0,0,0.000000,0.000000,0.000000
20260511_092344,2026-05-11 09:40:59,522,1.4109,1,500,105,100,5,0,20,20,331,253,72,6832.344727,-5811.897968,3467.414551,1964.520203,0.000000,0.000000,0.000000,0.000000,0.000000,0.000000,0.000000,0.000000,0,0,0,0,0,0.000000,0.000000,0.000000
20260511_092344,2026-05-11 09:41:01,523,1.3763,1,500,105,100,5,0,20,20,290,208,47,20063.267090,-3353.125384,2265.072510,1672.496021,0.000000,0.000000,0.000000,0.000000,0.000000,0.000000,0.000000,0.000000,0,0,0,0,0,0.000000,0.000000,0.000000
20260511_092344,2026-05-11 09:41:03,524,1.4135,1,500,105,100,5,1,20,20,377,289,71,7042.477539,-5665.203258,4070.251465,1982.982520,0.000000,0.000000,0.000000,0.000000,0.000000,0.000000,0.000000,0.000000,0,0,0,0,0,0.000000,0.000000,0.000000
20260511_092344,2026-05-11 09:41:06,525,1.4950,1,500,105,100,5,0,20,20,273,189,63,18106.537598,-4999.366376,3270.437988,1888.156750,0.000000,0.000000,0.000000,0.000000,0.000000,0.000000,0.000000,0.000000,0,0,0,0,0,0.000000,0.000000,0.000000
20260511_092344,2026-05-11 09:41:08,526,1.4593,1,500,105,100,5,3,20,20,476,309,83,24305.480469,-6850.852991,3682.983887,2089.160016,0.000000,0.000000,0.000000,0.000000,0.000000,0.000000,0.000000,0.000000,0,0,0,0,0,0.000000,0.000000,0.000000
20260511_092344,2026-05-11 09:41:10,527,1.4309,1,500,105,100,5,7,20,20,449,357,72,18856.170410,-5647.243478,2900.124023,1989.061084,0.000000,0.000000,0.000000,0.000000,0.000000,0.000000,0.000000,0.000000,0,0,0,0,0,0.000000,0.000000,0.000000
20260511_092344,2026-05-11 09:41:13,528,1.4892,1,500,105,100,5,4,20,20,433,279,68,18981.450195,-5379.938587,3276.270020,1951.778040,0.000000,0.000000,0.000000,0.000000,0.000000,0.000000,0.000000,0.000000,0,0,0,0,0,0.000000,0.000000,0.000000
20260511_092344,2026-05-11 09:41:15,529,1.4166,1,500,105,100,5,1,20,20,373,280,68,16906.403809,-5366.380204,2685.921387,1947.509186,0.000000,0.000000,0.000000,0.000000,0.000000,0.000000,0.000000,0.000000,0,0,0,0,0,0.000000,0.000000,0.000000
20260511_092344,2026-05-11 09:41:17,530,1.3861,1,500,105,100,5,1,20,20,316,226,66,6175.615234,-5218.149461,4086.442139,1916.671765,0.000000,0.000000,0.000000,0.000000,0.000000,0.000000,0.000000,0.000000,0,0,0,0,0,0.000000,0.000000,0.000000
20260511_092344,2026-05-11 09:41:19,531,1.3310,1,500,105,100,5,1,20,20,263,215,75,4821.368164,-6245.608252,3077.542725,2014.113367,0.000000,0.000000,0.000000,0.000000,0.000000,0.000000,0.000000,0.000000,0,0,0,0,0,0.000000,0.000000,0.000000
20260511_092344,2026-05-11 09:41:22,532,1.4267,1,500,105,100,5,0,20,20,355,265,68,7128.185547,-5340.955864,2884.753662,1940.655377,0.000000,0.000000,0.000000,0.000000,0.000000,0.000000,0.000000,0.000000,0,0,0,0,0,0.000000,0.000000,0.000000
20260511_092344,2026-05-11 09:41:24,533,1.5130,1,500,105,100,5,3,20,20,548,361,80,9562.601562,-6401.285376,3878.002441,2065.270618,0.000000,0.000000,0.000000,0.000000,0.000000,0.000000,0.000000,0.000000,0,0,0,0,0,0.000000,0.000000,0.000000
20260511_092344,2026-05-11 09:41:26,534,1.4407,1,500,105,100,5,0,20,20,376,230,75,20891.552734,-6120.711915,3868.167480,2024.268573,0.000000,0.000000,0.000000,0.000000,0.000000,0.000000,0.000000,0.000000,0,0,0,0,0,0.000000,0.000000,0.000000
20260511_092344,2026-05-11 09:41:28,535,1.4171,1,500,105,100,5,1,20,20,347,216,77,21319.034180,-6324.600849,3653.532227,2030.488269,0.000000,0.000000,0.000000,0.000000,0.000000,0.000000,0.000000,0.000000,0,0,0,0,0,0.000000,0.000000,0.000000
20260511_092344,2026-05-11 09:41:31,536,1.4650,1,500,105,100,5,0,20,20,254,199,50,15730.010498,-3652.252669,3093.641113,1652.784781,0.000000,0.000000,0.000000,0.000000,0.000000,0.000000,0.000000,0.000000,0,0,0,0,0,0.000000,0.000000,0.000000
20260511_092344,2026-05-11 09:41:33,537,1.3459,1,500,105,100,5,0,20,20,232,151,73,16941.454590,-6040.212866,3861.762695,1907.869128,0.000000,0.000000,0.000000,0.000000,0.000000,0.000000,0.000000,0.000000,0,0,0,0,0,0.000000,0.000000,0.000000
20260511_092344,2026-05-11 09:41:35,538,1.4695,1,500,105,100,5,3,20,20,414,261,77,20710.085449,-6246.054947,5487.551758,2028.565900,0.000000,0.000000,0.000000,0.000000,0.000000,0.000000,0.000000,0.000000,0,0,0,0,0,0.000000,0.000000,0.000000
20260511_092344,2026-05-11 09:41:38,539,1.5940,1,500,105,100,5,0,20,20,380,300,67,18088.162354,-5250.793901,2676.806641,1892.651160,0.000000,0.000000,0.000000,0.000000,0.000000,0.000000,0.000000,0.000000,0,0,0,0,0,0.000000,0.000000,0.000000
20260511_092344,2026-05-11 09:41:40,540,1.4955,1,500,105,100,5,0,20,20,262,200,74,17024.510742,-6111.956143,3469.097168,1941.355667,0.000000,0.000000,0.000000,0.000000,0.000000,0.000000,0.000000,0.000000,0,0,0,0,0,0.000000,0.000000,0.000000
20260511_092344,2026-05-11 09:41:42,541,1.3957,1,500,105,100,5,3,20,20,514,265,54,10786.112793,-3858.422774,2695.458252,1792.575037,0.000000,0.000000,0.000000,0.000000,0.000000,0.000000,0.000000,0.000000,0,0,0,0,0,0.000000,0.000000,0.000000
20260511_092344,2026-05-11 09:41:45,542,1.4564,1,500,105,100,5,0,20,20,392,257,67,21150.185547,-5226.622706,3492.211670,1932.109796,0.000000,0.000000,0.000000,0.000000,0.000000,0.000000,0.000000,0.000000,0,0,0,0,0,0.000000,0.000000,0.000000
20260511_092344,2026-05-11 09:41:47,543,1.4432,1,500,105,100,5,4,20,20,310,282,65,14203.778717,-5125.104721,3079.716797,1911.746014,0.000000,0.000000,0.000000,0.000000,0.000000,0.000000,0.000000,0.000000,0,0,0,0,0,0.000000,0.000000,0.000000
20260511_092344,2026-05-11 09:41:49,544,1.3725,1,500,105,100,5,0,20,20,225,167,84,6950.073242,-7205.341404,3869.972168,2082.184442,0.000000,0.000000,0.000000,0.000000,0.000000,0.000000,0.000000,0.000000,0,0,0,0,0,0.000000,0.000000,0.000000
20260511_092344,2026-05-11 09:41:52,545,1.3998,1,500,105,100,5,2,20,20,380,254,80,19109.753418,-6615.123798,2891.832764,2075.487494,0.000000,0.000000,0.000000,0.000000,0.000000,0.000000,0.000000,0.000000,0,0,0,0,0,0.000000,0.000000,0.000000
20260511_092344,2026-05-11 09:41:54,546,1.4394,1,500,105,100,5,2,20,20,322,210,56,23110.205078,-4239.724206,2668.315918,1803.144238,0.000000,0.000000,0.000000,0.000000,0.000000,0.000000,0.000000,0.000000,0,0,0,0,0,0.000000,0.000000,0.000000
20260511_092344,2026-05-11 09:41:56,547,1.5038,1,500,105,100,5,1,20,20,258,201,67,5355.291016,-5421.213408,2880.268555,1933.477704,0.000000,0.000000,0.000000,0.000000,0.000000,0.000000,0.000000,0.000000,0,0,0,0,0,0.000000,0.000000,0.000000
20260511_092344,2026-05-11 09:41:59,548,1.4764,1,500,105,100,5,1,20,20,278,162,69,22596.729492,-5588.313589,3274.895996,1926.834763,0.000000,0.000000,0.000000,0.000000,0.000000,0.000000,0.000000,0.000000,0,0,0,0,0,0.000000,0.000000,0.000000
20260511_092344,2026-05-11 09:42:01,549,1.3760,1,500,105,100,5,0,20,20,233,151,71,15867.267090,-5881.973636,3290.574707,1928.070065,0.000000,0.000000,0.000000,0.000000,0.000000,0.000000,0.000000,0.000000,0,0,0,0,0,0.000000,0.000000,0.000000
20260511_092344,2026-05-11 09:42:03,550,1.3702,1,500,105,100,5,0,20,20,358,237,77,9400.422363,-6304.017750,3281.844482,1980.862289,0.000000,0.000000,0.000000,0.000000,0.000000,0.000000,0.000000,0.000000,0,0,0,0,0,0.000000,0.000000,0.000000
20260511_092344,2026-05-11 09:42:05,551,1.3767,1,500,105,100,5,0,20,20,383,199,72,18521.821289,-5751.932865,4476.921875,1961.175354,0.000000,0.000000,0.000000,0.000000,0.000000,0.000000,0.000000,0.000000,0,0,0,0,0,0.000000,0.000000,0.000000
20260511_092344,2026-05-11 09:42:08,552,1.3930,1,500,105,100,5,0,20,20,245,185,60,16457.287354,-4735.705425,3068.203369,1850.935077,0.000000,0.000000,0.000000,0.000000,0.000000,0.000000,0.000000,0.000000,0,0,0,0,0,0.000000,0.000000,0.000000
20260511_092344,2026-05-11 09:42:10,553,1.5030,1,500,105,100,5,1,20,20,401,232,60,21397.055176,-4495.117074,2874.566895,1791.465018,0.000000,0.000000,0.000000,0.000000,0.000000,0.000000,0.000000,0.000000,0,0,0,0,0,0.000000,0.000000,0.000000
20260511_092344,2026-05-11 09:42:12,554,1.4316,1,500,105,100,5,0,20,20,246,188,66,15326.095703,-5313.071315,3673.627197,1821.885977,0.000000,0.000000,0.000000,0.000000,0.000000,0.000000,0.000000,0.000000,0,0,0,0,0,0.000000,0.000000,0.000000
20260511_092344,2026-05-11 09:42:15,555,1.3436,1,500,105,100,5,1,20,20,289,145,60,9896.283203,-4681.561584,3469.205811,1787.446375,0.000000,0.000000,0.000000,0.000000,0.000000,0.000000,0.000000,0.000000,0,0,0,0,0,0.000000,0.000000,0.000000
20260511_092344,2026-05-11 09:42:17,556,1.4013,1,500,105,100,5,1,20,20,312,230,62,9397.918457,-4842.316720,3485.835449,1808.642038,0.000000,0.000000,0.000000,0.000000,0.000000,0.000000,0.000000,0.000000,0,0,0,0,0,0.000000,0.000000,0.000000
20260511_092344,2026-05-11 09:42:19,557,1.3710,1,500,105,100,5,1,20,20,236,201,63,5296.939453,-4972.270352,3078.054199,1832.218964,0.000000,0.000000,0.000000,0.000000,0.000000,0.000000,0.000000,0.000000,0,0,0,0,0,0.000000,0.000000,0.000000
20260511_092344,2026-05-11 09:42:21,558,1.4401,1,500,105,100,5,1,20,20,321,218,65,14888.554199,-5120.703908,3899.514160,1909.472192,0.000000,0.000000,0.000000,0.000000,0.000000,0.000000,0.000000,0.000000,0,0,0,0,0,0.000000,0.000000,0.000000
20260511_092344,2026-05-11 09:42:24,559,1.3221,1,500,105,100,5,0,20,20,251,172,74,17004.979980,-6101.475431,3270.732422,1977.149561,0.000000,0.000000,0.000000,0.000000,0.000000,0.000000,0.000000,0.000000,0,0,0,0,0,0.000000,0.000000,0.000000
20260511_092344,2026-05-11 09:42:26,560,1.4583,1,500,105,100,5,0,20,20,223,119,61,19777.569336,-4855.118547,2896.968018,1835.985550,0.000000,0.000000,0.000000,0.000000,0.000000,0.000000,0.000000,0.000000,0,0,0,0,0,0.000000,0.000000,0.000000
20260511_092344,2026-05-11 09:42:29,561,1.4489,1,500,105,100,5,1,20,20,397,211,67,10057.953613,-5254.658289,3459.354736,1859.409943,0.000000,0.000000,0.000000,0.000000,0.000000,0.000000,0.000000,0.000000,0,0,0,0,0,0.000000,0.000000,0.000000
20260511_092344,2026-05-11 09:42:31,562,1.4722,1,500,105,100,5,0,20,20,324,204,58,18851.070312,-4429.458039,3882.502441,1719.499304,0.000000,0.000000,0.000000,0.000000,0.000000,0.000000,0.000000,0.000000,0,0,0,0,0,0.000000,0.000000,0.000000
20260511_092344,2026-05-11 09:42:33,563,1.3576,1,500,105,100,5,1,20,20,250,210,79,5432.683105,-6621.388349,4297.717773,1980.193311,0.000000,0.000000,0.000000,0.000000,0.000000,0.000000,0.000000,0.000000,0,0,0,0,0,0.000000,0.000000,0.000000
20260511_092344,2026-05-11 09:42:36,564,1.4301,1,500,105,100,5,5,20,20,356,269,74,7056.666016,-5939.884984,2879.093262,1979.382288,0.000000,0.000000,0.000000,0.000000,0.000000,0.000000,0.000000,0.000000,0,0,0,0,0,0.000000,0.000000,0.000000
20260511_092344,2026-05-11 09:42:38,565,1.4037,1,500,105,100,5,1,20,20,252,187,75,17140.267822,-6230.678346,3081.106201,1990.657156,0.000000,0.000000,0.000000,0.000000,0.000000,0.000000,0.000000,0.000000,0,0,0,0,0,0.000000,0.000000,0.000000
20260511_092344,2026-05-11 09:42:40,566,1.4047,1,500,105,100,5,0,20,20,313,213,72,7218.967773,-5823.961703,3083.199463,1968.197900,0.000000,0.000000,0.000000,0.000000,0.000000,0.000000,0.000000,0.000000,0,0,0,0,0,0.000000,0.000000,0.000000
20260511_092344,2026-05-11 09:42:43,567,1.4118,1,500,105,100,5,0,20,20,350,189,60,16709.373047,-4620.472881,3277.540527,1797.800082,0.000000,0.000000,0.000000,0.000000,0.000000,0.000000,0.000000,0.000000,0,0,0,0,0,0.000000,0.000000,0.000000
20260511_092344,2026-05-11 09:42:45,568,1.4438,1,500,105,100,5,1,20,20,259,171,68,9743.776367,-5533.785353,3278.247559,1855.362506,0.000000,0.000000,0.000000,0.000000,0.000000,0.000000,0.000000,0.000000,0,0,0,0,0,0.000000,0.000000,0.000000
20260511_092344,2026-05-11 09:42:47,569,1.3412,1,500,105,100,5,0,20,20,222,154,27,15034.850464,-1422.873661,2473.319580,1352.450937,0.000000,0.000000,0.000000,0.000000,0.000000,0.000000,0.000000,0.000000,0,0,0,0,0,0.000000,0.000000,0.000000
20260511_092344,2026-05-11 09:42:50,570,1.3995,1,500,105,100,5,0,20,20,365,276,59,6624.259766,-4473.356513,3289.565918,1707.007047,0.000000,0.000000,0.000000,0.000000,0.000000,0.000000,0.000000,0.000000,0,0,0,0,0,0.000000,0.000000,0.000000
20260511_092344,2026-05-11 09:42:52,571,1.4302,1,500,105,100,5,3,20,20,288,192,45,18461.126465,-3139.545027,2494.166016,1594.351642,0.000000,0.000000,0.000000,0.000000,0.000000,0.000000,0.000000,0.000000,0,0,0,0,0,0.000000,0.000000,0.000000
20260511_092344,2026-05-11 09:42:54,572,1.4641,1,500,105,100,5,4,20,20,483,362,58,21655.685547,-4199.588385,3277.430176,1776.240347,0.000000,0.000000,0.000000,0.000000,0.000000,0.000000,0.000000,0.000000,0,0,0,0,0,0.000000,0.000000,0.000000
20260511_092344,2026-05-11 09:42:57,573,1.3232,1,500,105,100,5,0,20,20,300,193,74,8890.949707,-6043.684256,4270.714844,1715.140799,0.000000,0.000000,0.000000,0.000000,0.000000,0.000000,0.000000,0.000000,0,0,0,0,0,0.000000,0.000000,0.000000
20260511_092344,2026-05-11 09:42:59,574,1.5664,1,500,105,100,5,1,20,20,505,352,85,24316.635742,-6944.491779,4071.491943,2031.200632,0.000000,0.000000,0.000000,0.000000,0.000000,0.000000,0.000000,0.000000,0,0,0,0,0,0.000000,0.000000,0.000000
20260511_092344,2026-05-11 09:43:02,575,1.4746,1,500,105,100,5,0,20,20,344,250,73,7239.189453,-5949.104986,2870.048340,1904.024347,0.000000,0.000000,0.000000,0.000000,0.000000,0.000000,0.000000,0.000000,0,0,0,0,0,0.000000,0.000000,0.000000
20260511_092344,2026-05-11 09:43:04,576,1.3615,1,500,105,100,5,1,20,20,305,220,60,5825.038086,-4656.864649,3074.415527,1825.631320,0.000000,0.000000,0.000000,0.000000,0.000000,0.000000,0.000000,0.000000,0,0,0,0,0,0.000000,0.000000,0.000000
20260511_092344,2026-05-11 09:43:06,577,1.4696,1,500,105,100,5,1,20,20,418,210,71,14807.795898,-5615.962899,3877.172607,1934.155994,0.000000,0.000000,0.000000,0.000000,0.000000,0.000000,0.000000,0.000000,0,0,0,0,0,0.000000,0.000000,0.000000
20260511_092344,2026-05-11 09:43:09,578,1.3920,1,500,105,100,5,1,20,20,289,175,84,11996.607910,-7160.647261,3244.456055,1993.861908,0.000000,0.000000,0.000000,0.000000,0.000000,0.000000,0.000000,0.000000,0,0,0,0,0,0.000000,0.000000,0.000000
20260511_092344,2026-05-11 09:43:11,579,1.4061,1,500,105,100,5,1,20,20,378,187,70,22344.754883,-5587.318569,3678.938477,1934.969647,0.000000,0.000000,0.000000,0.000000,0.000000,0.000000,0.000000,0.000000,0,0,0,0,0,0.000000,0.000000,0.000000
20260511_092344,2026-05-11 09:43:13,580,1.4582,1,500,105,100,5,3,20,20,435,274,76,15306.587769,-6107.247198,3094.086182,1948.333401,0.000000,0.000000,0.000000,0.000000,0.000000,0.000000,0.000000,0.000000,0,0,0,0,0,0.000000,0.000000,0.000000
20260511_092344,2026-05-11 09:43:16,581,1.5335,1,500,105,100,5,0,20,20,322,243,73,17217.036377,-5952.834076,3038.238037,1918.509314,0.000000,0.000000,0.000000,0.000000,0.000000,0.000000,0.000000,0.000000,0,0,0,0,0,0.000000,0.000000,0.000000
20260511_092344,2026-05-11 09:43:18,582,1.4889,1,500,105,100,5,2,20,20,396,210,64,25435.067383,-4947.636710,3287.463867,1807.506537,0.000000,0.000000,0.000000,0.000000,0.000000,0.000000,0.000000,0.000000,0,0,0,0,0,0.000000,0.000000,0.000000
20260511_092344,2026-05-11 09:43:21,583,1.3715,1,500,105,100,5,0,20,20,227,167,60,5481.504883,-4738.202411,2866.260254,1766.889999,0.000000,0.000000,0.000000,0.000000,0.000000,0.000000,0.000000,0.000000,0,0,0,0,0,0.000000,0.000000,0.000000
20260511_092344,2026-05-11 09:43:23,584,1.4550,1,500,105,100,5,0,20,20,240,135,73,7966.429688,-6030.938794,4889.332031,1995.308185,0.000000,0.000000,0.000000,0.000000,0.000000,0.000000,0.000000,0.000000,0,0,0,0,0,0.000000,0.000000,0.000000
20260511_092344,2026-05-11 09:43:26,585,1.5223,1,500,105,100,5,0,20,20,254,149,60,6705.227539,-4745.990147,3882.184814,1830.031848,0.000000,0.000000,0.000000,0.000000,0.000000,0.000000,0.000000,0.000000,0,0,0,0,0,0.000000,0.000000,0.000000
20260511_092344,2026-05-11 09:43:28,586,1.4559,1,500,105,100,5,2,20,20,373,173,62,21471.594238,-4752.177599,3477.879150,1795.991928,0.000000,0.000000,0.000000,0.000000,0.000000,0.000000,0.000000,0.000000,0,0,0,0,0,0.000000,0.000000,0.000000
20260511_092344,2026-05-11 09:43:31,587,1.4550,1,500,105,100,5,5,20,20,483,275,83,23836.341797,-6725.188202,4271.655762,2081.546274,0.000000,0.000000,0.000000,0.000000,0.000000,0.000000,0.000000,0.000000,0,0,0,0,0,0.000000,0.000000,0.000000
20260511_092344,2026-05-11 09:43:33,588,1.5341,1,500,105,100,5,0,20,20,367,291,64,5589.513672,-4974.923984,2702.951904,1859.759726,0.000000,0.000000,0.000000,0.000000,0.000000,0.000000,0.000000,0.000000,0,0,0,0,0,0.000000,0.000000,0.000000
20260511_092344,2026-05-11 09:43:36,589,1.4443,1,500,105,100,5,0,20,20,360,267,63,8386.166504,-4935.084038,3466.933350,1875.996835,0.000000,0.000000,0.000000,0.000000,0.000000,0.000000,0.000000,0.000000,0,0,0,0,0,0.000000,0.000000,0.000000
20260511_092344,2026-05-11 09:43:38,590,1.5186,1,500,105,100,5,1,20,20,286,211,78,8548.837891,-6499.885511,3483.395752,1997.730188,0.000000,0.000000,0.000000,0.000000,0.000000,0.000000,0.000000,0.000000,0,0,0,0,0,0.000000,0.000000,0.000000
20260511_092344,2026-05-11 09:43:41,591,1.5729,1,500,105,100,5,2,20,20,463,228,70,26227.384766,-5564.467002,3467.405029,1882.913782,0.000000,0.000000,0.000000,0.000000,0.000000,0.000000,0.000000,0.000000,0,0,0,0,0,0.000000,0.000000,0.000000
20260511_092344,2026-05-11 09:43:43,592,1.4950,1,500,105,100,5,0,20,20,385,244,55,17371.770508,-4033.709870,3076.593994,1765.415442,0.000000,0.000000,0.000000,0.000000,0.000000,0.000000,0.000000,0.000000,0,0,0,0,0,0.000000,0.000000,0.000000
20260511_092344,2026-05-11 09:43:46,593,1.5204,1,500,105,100,5,3,20,20,462,258,66,22399.216797,-5105.279844,3473.475830,1878.401154,0.000000,0.000000,0.000000,0.000000,0.000000,0.000000,0.000000,0.000000,0,0,0,0,0,0.000000,0.000000,0.000000
20260511_092344,2026-05-11 09:43:48,594,1.6401,1,500,105,100,5,3,20,20,462,308,77,7652.692871,-6148.466265,3271.088867,1943.897354,0.000000,0.000000,0.000000,0.000000,0.000000,0.000000,0.000000,0.000000,0,0,0,0,0,0.000000,0.000000,0.000000
20260511_092344,2026-05-11 09:43:51,595,1.6136,1,500,105,100,5,4,20,20,438,223,70,19646.199219,-5499.686259,3671.364746,1960.027008,0.000000,0.000000,0.000000,0.000000,0.000000,0.000000,0.000000,0.000000,0,0,0,0,0,0.000000,0.000000,0.000000
20260511_092344,2026-05-11 09:43:53,596,1.6036,1,500,105,100,5,2,20,20,438,337,67,10516.421875,-5171.783093,3482.281006,1890.691373,0.000000,0.000000,0.000000,0.000000,0.000000,0.000000,0.000000,0.000000,0,0,0,0,0,0.000000,0.000000,0.000000
20260511_092344,2026-05-11 09:43:56,597,1.4668,1,500,105,100,5,2,20,20,270,225,69,5333.487305,-5597.939986,3479.851807,1923.316400,0.000000,0.000000,0.000000,0.000000,0.000000,0.000000,0.000000,0.000000,0,0,0,0,0,0.000000,0.000000,0.000000
20260511_092344,2026-05-11 09:43:58,598,1.5379,1,500,105,100,5,5,20,20,458,316,75,9886.560059,-5956.953839,3290.099365,2015.214410,0.000000,0.000000,0.000000,0.000000,0.000000,0.000000,0.000000,0.000000,0,0,0,0,0,0.000000,0.000000,0.000000
20260511_092344,2026-05-11 09:44:01,599,1.5352,1,500,105,100,5,4,20,20,439,290,63,20825.578125,-4770.261985,3270.657959,1877.213269,0.000000,0.000000,0.000000,0.000000,0.000000,0.000000,0.000000,0.000000,0,0,0,0,0,0.000000,0.000000,0.000000
20260511_092344,2026-05-11 09:44:04,600,1.6410,1,500,105,100,5,3,20,20,571,322,63,23371.694336,-4622.960664,3484.311035,1873.881494,0.000000,0.000000,0.000000,0.000000,0.000000,0.000000,0.000000,0.000000,0,0,0,0,0,0.000000,0.000000,0.000000
20260511_092344,2026-05-11 09:44:06,601,1.6881,1,500,105,100,5,1,20,20,447,289,72,13891.903320,-5704.675120,3080.277100,1898.108447,0.000000,0.000000,0.000000,0.000000,0.000000,0.000000,0.000000,0.000000,0,0,0,0,0,0.000000,0.000000,0.000000
20260511_092344,2026-05-11 09:44:09,602,1.4884,1,500,105,100,5,0,20,20,319,234,67,18589.749512,-5347.903297,3674.189697,1866.394006,0.000000,0.000000,0.000000,0.000000,0.000000,0.000000,0.000000,0.000000,0,0,0,0,0,0.000000,0.000000,0.000000
20260511_092344,2026-05-11 09:44:11,603,1.5750,1,500,105,100,5,3,20,20,478,210,70,23698.710938,-5437.005013,3083.612061,1843.848584,0.000000,0.000000,0.000000,0.000000,0.000000,0.000000,0.000000,0.000000,0,0,0,0,0,0.000000,0.000000,0.000000
20260511_092344,2026-05-11 09:44:14,604,1.5069,1,500,105,100,5,1,20,20,375,198,74,11576.744629,-5995.694839,2883.098389,1962.581589,0.000000,0.000000,0.000000,0.000000,0.000000,0.000000,0.000000,0.000000,0,0,0,0,0,0.000000,0.000000,0.000000
20260511_092344,2026-05-11 09:44:17,605,1.5164,1,500,105,100,5,0,20,20,398,268,82,18304.520508,-6777.172938,2686.953369,2004.730151,0.000000,0.000000,0.000000,0.000000,0.000000,0.000000,0.000000,0.000000,0,0,0,0,0,0.000000,0.000000,0.000000
20260511_092344,2026-05-11 09:44:19,606,1.4013,1,500,105,100,5,1,20,20,314,214,61,10836.148438,-4781.886532,3272.012939,1844.869308,0.000000,0.000000,0.000000,0.000000,0.000000,0.000000,0.000000,0.000000,0,0,0,0,0,0.000000,0.000000,0.000000
20260511_092344,2026-05-11 09:44:22,607,1.5061,1,500,105,100,5,1,20,20,225,166,76,5974.291992,-6401.337163,3080.943115,1933.445685,0.000000,0.000000,0.000000,0.000000,0.000000,0.000000,0.000000,0.000000,0,0,0,0,0,0.000000,0.000000,0.000000
20260511_092344,2026-05-11 09:44:24,608,1.5756,1,500,105,100,5,4,20,20,604,389,80,22907.942383,-6356.472706,3491.665527,2008.849860,0.000000,0.000000,0.000000,0.000000,0.000000,0.000000,0.000000,0.000000,0,0,0,0,0,0.000000,0.000000,0.000000
20260511_092344,2026-05-11 09:44:27,609,1.4381,1,500,105,100,5,1,20,20,324,259,53,6623.916992,-3909.614489,2493.221191,1681.359579,0.000000,0.000000,0.000000,0.000000,0.000000,0.000000,0.000000,0.000000,0,0,0,0,0,0.000000,0.000000,0.000000
20260511_092344,2026-05-11 09:44:29,610,1.5006,1,500,105,100,5,3,20,20,446,352,77,11496.465332,-6147.504259,3073.829346,1992.518341,0.000000,0.000000,0.000000,0.000000,0.000000,0.000000,0.000000,0.000000,0,0,0,0,0,0.000000,0.000000,0.000000
20260511_092344,2026-05-11 09:44:32,611,1.5068,1,500,105,100,5,5,20,20,447,319,74,21090.814941,-5884.460856,4061.371094,1934.200671,0.000000,0.000000,0.000000,0.000000,0.000000,0.000000,0.000000,0.000000,0,0,0,0,0,0.000000,0.000000,0.000000
20260511_092344,2026-05-11 09:44:34,612,1.4410,1,500,105,100,5,4,20,20,475,354,76,8024.621582,-5992.658040,4071.533203,1986.076636,0.000000,0.000000,0.000000,0.000000,0.000000,0.000000,0.000000,0.000000,0,0,0,0,0,0.000000,0.000000,0.000000
20260511_092344,2026-05-11 09:44:37,613,1.5402,1,500,105,100,5,6,20,20,538,280,76,23714.873047,-6059.977906,3475.533447,2008.828619,0.000000,0.000000,0.000000,0.000000,0.000000,0.000000,0.000000,0.000000,0,0,0,0,0,0.000000,0.000000,0.000000
20260511_092344,2026-05-11 09:44:40,614,1.5691,1,500,105,100,5,5,20,20,437,311,67,20398.918945,-5175.318222,3276.054199,1939.063593,0.000000,0.000000,0.000000,0.000000,0.000000,0.000000,0.000000,0.000000,0,0,0,0,0,0.000000,0.000000,0.000000
20260511_092344,2026-05-11 09:44:42,615,1.5466,1,500,105,100,5,1,20,20,401,302,83,17245.759277,-6824.755090,3479.352295,2065.949561,0.000000,0.000000,0.000000,0.000000,0.000000,0.000000,0.000000,0.000000,0,0,0,0,0,0.000000,0.000000,0.000000
20260511_092344,2026-05-11 09:44:45,616,1.5351,1,500,105,100,5,5,20,20,499,372,55,19608.664551,-3915.298242,3493.427979,1790.032416,0.000000,0.000000,0.000000,0.000000,0.000000,0.000000,0.000000,0.000000,0,0,0,0,0,0.000000,0.000000,0.000000
20260511_092344,2026-05-11 09:44:47,617,1.6401,1,500,105,100,5,4,20,20,516,330,70,13567.494141,-5453.571590,2874.283691,1856.494034,0.000000,0.000000,0.000000,0.000000,0.000000,0.000000,0.000000,0.000000,0,0,0,0,0,0.000000,0.000000,0.000000
20260511_092344,2026-05-11 09:44:50,618,1.4759,1,500,105,100,5,1,20,20,313,252,61,16950.919922,-4681.382463,2879.672363,1790.040048,0.000000,0.000000,0.000000,0.000000,0.000000,0.000000,0.000000,0.000000,0,0,0,0,0,0.000000,0.000000,0.000000
20260511_092344,2026-05-11 09:44:53,619,1.6556,1,500,105,100,5,11,20,20,618,469,59,21822.144043,-4126.591860,2897.825684,1764.752393,0.000000,0.000000,0.000000,0.000000,0.000000,0.000000,0.000000,0.000000,0,0,0,0,0,0.000000,0.000000,0.000000
20260511_092344,2026-05-11 09:44:55,620,1.6263,1,500,105,100,5,2,20,20,406,222,60,18081.992188,-4579.565654,3078.430176,1777.041019,0.000000,0.000000,0.000000,0.000000,0.000000,0.000000,0.000000,0.000000,0,0,0,0,0,0.000000,0.000000,0.000000
20260511_092344,2026-05-11 09:44:58,621,1.4886,1,500,105,100,5,7,20,20,522,455,80,6659.758789,-6390.653546,3083.352783,2052.387531,0.000000,0.000000,0.000000,0.000000,0.000000,0.000000,0.000000,0.000000,0,0,0,0,0,0.000000,0.000000,0.000000
20260511_092344,2026-05-11 09:45:01,622,1.5012,1,500,105,100,5,6,20,20,660,545,61,21411.774414,-4258.502388,2894.718018,1867.258801,0.000000,0.000000,0.000000,0.000000,0.000000,0.000000,0.000000,0.000000,0,0,0,0,0,0.000000,0.000000,0.000000
20260511_092344,2026-05-11 09:45:03,623,1.5030,1,500,105,100,5,7,20,20,650,444,66,25680.024414,-4816.003949,2705.902832,1918.685379,0.000000,0.000000,0.000000,0.000000,0.000000,0.000000,0.000000,0.000000,0,0,0,0,0,0.000000,0.000000,0.000000
20260511_092344,2026-05-11 09:45:06,624,1.5693,1,500,105,100,5,4,20,20,536,367,72,22978.953125,-5592.330140,3676.894043,1951.160989,0.000000,0.000000,0.000000,0.000000,0.000000,0.000000,0.000000,0.000000,0,0,0,0,0,0.000000,0.000000,0.000000
20260511_092344,2026-05-11 09:45:08,625,1.5530,1,500,105,100,5,4,20,20,431,270,69,19523.804688,-5457.799700,3673.711182,1865.409174,0.000000,0.000000,0.000000,0.000000,0.000000,0.000000,0.000000,0.000000,0,0,0,0,0,0.000000,0.000000,0.000000
20260511_092344,2026-05-11 09:45:11,626,1.5082,1,500,105,100,5,4,20,20,546,239,80,24752.357422,-6449.626633,3072.670654,2050.057318,0.000000,0.000000,0.000000,0.000000,0.000000,0.000000,0.000000,0.000000,0,0,0,0,0,0.000000,0.000000,0.000000
20260511_092344,2026-05-11 09:45:13,627,1.4866,1,500,105,100,5,2,20,20,336,281,72,15899.257812,-5816.035919,3473.373779,1881.298206,0.000000,0.000000,0.000000,0.000000,0.000000,0.000000,0.000000,0.000000,0,0,0,0,0,0.000000,0.000000,0.000000
20260511_092344,2026-05-11 09:45:16,628,1.4056,1,500,105,100,5,4,20,20,352,254,58,21716.076172,-4360.352287,3095.063965,1803.518448,0.000000,0.000000,0.000000,0.000000,0.000000,0.000000,0.000000,0.000000,0,0,0,0,0,0.000000,0.000000,0.000000
20260511_092344,2026-05-11 09:45:18,629,1.4443,1,500,105,100,5,2,20,20,473,253,71,23547.592773,-5568.431686,2681.467285,1930.408539,0.000000,0.000000,0.000000,0.000000,0.000000,0.000000,0.000000,0.000000,0,0,0,0,0,0.000000,0.000000,0.000000
20260511_092344,2026-05-11 09:45:21,630,1.4733,1,500,105,100,5,3,20,20,423,323,59,7687.878418,-4376.416559,3467.486816,1821.329630,0.000000,0.000000,0.000000,0.000000,0.000000,0.000000,0.000000,0.000000,0,0,0,0,0,0.000000,0.000000,0.000000
20260511_092344,2026-05-11 09:45:24,631,1.4753,1,500,105,100,5,6,20,20,591,329,71,21792.050293,-5406.537256,3156.967773,1977.419263,0.000000,0.000000,0.000000,0.000000,0.000000,0.000000,0.000000,0.000000,0,0,0,0,0,0.000000,0.000000,0.000000
20260511_092344,2026-05-11 09:45:26,632,1.5433,1,500,105,100,5,0,20,20,311,246,62,5343.694336,-4841.501290,3881.123291,1812.688391,0.000000,0.000000,0.000000,0.000000,0.000000,0.000000,0.000000,0.000000,0,0,0,0,0,0.000000,0.000000,0.000000
20260511_092344,2026-05-11 09:45:29,633,1.5788,1,500,105,100,5,9,20,20,526,336,55,21920.370117,-3831.360122,2679.945557,1662.952695,0.000000,0.000000,0.000000,0.000000,0.000000,0.000000,0.000000,0.000000,0,0,0,0,0,0.000000,0.000000,0.000000
20260511_092344,2026-05-11 09:45:32,634,1.5470,1,500,105,100,5,4,20,20,484,332,70,16009.769775,-5382.608803,4094.141602,1886.029065,0.000000,0.000000,0.000000,0.000000,0.000000,0.000000,0.000000,0.000000,0,0,0,0,0,0.000000,0.000000,0.000000
20260511_092344,2026-05-11 09:45:34,635,1.5660,1,500,105,100,5,2,20,20,593,380,68,20304.904297,-5090.227873,3081.732178,1858.589145,0.000000,0.000000,0.000000,0.000000,0.000000,0.000000,0.000000,0.000000,0,0,0,0,0,0.000000,0.000000,0.000000
20260511_092344,2026-05-11 09:45:37,636,1.4222,1,500,105,100,5,2,20,20,395,329,73,7633.437012,-5795.830109,3287.074463,1950.825391,0.000000,0.000000,0.000000,0.000000,0.000000,0.000000,0.000000,0.000000,0,0,0,0,0,0.000000,0.000000,0.000000
20260511_092344,2026-05-11 09:45:39,637,1.4101,1,500,105,100,5,2,20,20,495,393,70,8049.978027,-5418.281848,3077.695312,1920.093793,0.000000,0.000000,0.000000,0.000000,0.000000,0.000000,0.000000,0.000000,0,0,0,0,0,0.000000,0.000000,0.000000
20260511_092344,2026-05-11 09:45:42,638,1.6540,1,500,105,100,5,2,20,20,595,349,68,20798.497070,-5058.570003,3476.391846,1920.977478,0.000000,0.000000,0.000000,0.000000,0.000000,0.000000,0.000000,0.000000,0,0,0,0,0,0.000000,0.000000,0.000000
20260511_092344,2026-05-11 09:45:45,639,1.4255,1,500,105,100,5,2,20,20,383,264,87,22362.353516,-7230.707879,5061.531250,2050.897400,0.000000,0.000000,0.000000,0.000000,0.000000,0.000000,0.000000,0.000000,0,0,0,0,0,0.000000,0.000000,0.000000
20260511_092344,2026-05-11 09:45:47,640,1.4499,1,500,105,100,5,0,20,20,291,189,56,18364.786133,-4277.360883,2672.897217,1700.051450,0.000000,0.000000,0.000000,0.000000,0.000000,0.000000,0.000000,0.000000,0,0,0,0,0,0.000000,0.000000,0.000000
20260511_092344,2026-05-11 09:45:50,641,1.4856,1,500,105,100,5,2,20,20,348,246,55,19700.881348,-4108.354277,3482.838623,1628.407141,0.000000,0.000000,0.000000,0.000000,0.000000,0.000000,0.000000,0.000000,0,0,0,0,0,0.000000,0.000000,0.000000
20260511_092344,2026-05-11 09:45:53,642,1.4776,1,500,105,100,5,0,20,20,348,230,62,18493.944336,-4762.424814,4478.463867,1786.889050,0.000000,0.000000,0.000000,0.000000,0.000000,0.000000,0.000000,0.000000,0,0,0,0,0,0.000000,0.000000,0.000000
20260511_092344,2026-05-11 09:45:55,643,1.4570,1,500,105,100,5,2,20,20,376,302,61,6477.269043,-4654.583055,2868.825439,1871.138776,0.000000,0.000000,0.000000,0.000000,0.000000,0.000000,0.000000,0.000000,0,0,0,0,0,0.000000,0.000000,0.000000
20260511_092344,2026-05-11 09:45:58,644,1.5130,1,500,105,100,5,1,20,20,294,189,60,8173.880371,-4676.658244,5280.441895,1745.394876,0.000000,0.000000,0.000000,0.000000,0.000000,0.000000,0.000000,0.000000,0,0,0,0,0,0.000000,0.000000,0.000000
20260511_092344,2026-05-11 09:46:01,645,1.4933,1,500,105,100,5,1,20,20,367,242,68,18034.347656,-5390.744476,3284.284180,1894.121021,0.000000,0.000000,0.000000,0.000000,0.000000,0.000000,0.000000,0.000000,0,0,0,0,0,0.000000,0.000000,0.000000
20260511_092344,2026-05-11 09:46:03,646,1.4904,1,500,105,100,5,3,20,20,365,284,83,7373.604004,-6918.985638,2872.187744,2045.271484,0.000000,0.000000,0.000000,0.000000,0.000000,0.000000,0.000000,0.000000,0,0,0,0,0,0.000000,0.000000,0.000000
20260511_092344,2026-05-11 09:46:06,647,1.4987,1,500,105,100,5,0,20,20,203,157,86,5961.961914,-7519.073153,4662.887695,2081.877667,0.000000,0.000000,0.000000,0.000000,0.000000,0.000000,0.000000,0.000000,0,0,0,0,0,0.000000,0.000000,0.000000
20260511_092344,2026-05-11 09:46:09,648,1.4587,1,500,105,100,5,5,20,20,458,252,61,22728.957031,-4545.294315,3086.211426,1815.768997,0.000000,0.000000,0.000000,0.000000,0.000000,0.000000,0.000000,0.000000,0,0,0,0,0,0.000000,0.000000,0.000000
20260511_092344,2026-05-11 09:46:11,649,1.4160,1,500,105,100,5,1,20,20,440,332,71,8826.192871,-5610.138473,3296.397461,1964.077679,0.000000,0.000000,0.000000,0.000000,0.000000,0.000000,0.000000,0.000000,0,0,0,0,0,0.000000,0.000000,0.000000
20260511_092344,2026-05-11 09:46:14,650,1.5611,1,500,105,100,5,2,20,20,365,248,63,10375.660156,-4860.862761,3074.166504,1877.842957,0.000000,0.000000,0.000000,0.000000,0.000000,0.000000,0.000000,0.000000,0,0,0,0,0,0.000000,0.000000,0.000000
20260511_092344,2026-05-11 09:46:17,651,1.6894,1,500,105,100,5,3,20,20,373,257,69,22173.173828,-5532.881245,3076.822510,1921.979758,0.000000,0.000000,0.000000,0.000000,0.000000,0.000000,0.000000,0.000000,0,0,0,0,0,0.000000,0.000000,0.000000
20260511_092344,2026-05-11 09:46:19,652,1.5268,1,500,105,100,5,1,20,20,350,229,84,17099.192383,-7003.035414,3679.611816,2074.716919,0.000000,0.000000,0.000000,0.000000,0.000000,0.000000,0.000000,0.000000,0,0,0,0,0,0.000000,0.000000,0.000000
20260511_092344,2026-05-11 09:46:22,653,1.5031,1,500,105,100,5,2,20,20,340,197,62,25024.559570,-4828.496537,3668.571289,1818.718463,0.000000,0.000000,0.000000,0.000000,0.000000,0.000000,0.000000,0.000000,0,0,0,0,0,0.000000,0.000000,0.000000
20260511_092344,2026-05-11 09:46:25,654,1.4944,1,500,105,100,5,3,20,20,419,329,73,6522.668457,-5786.634079,3692.202148,2000.261725,0.000000,0.000000,0.000000,0.000000,0.000000,0.000000,0.000000,0.000000,0,0,0,0,0,0.000000,0.000000,0.000000
20260511_092344,2026-05-11 09:46:27,655,1.4611,1,500,105,100,5,7,20,20,473,411,85,6100.596191,-7041.788153,3069.591553,2123.366333,0.000000,0.000000,0.000000,0.000000,0.000000,0.000000,0.000000,0.000000,0,0,0,0,0,0.000000,0.000000,0.000000
20260511_092344,2026-05-11 09:46:30,656,1.5625,1,500,105,100,5,6,20,20,445,274,75,23172.188477,-6093.119312,2686.921387,2020.172742,0.000000,0.000000,0.000000,0.000000,0.000000,0.000000,0.000000,0.000000,0,0,0,0,0,0.000000,0.000000,0.000000
20260511_092344,2026-05-11 09:46:33,657,1.5541,1,500,105,100,5,1,20,20,397,203,69,24745.422852,-5474.979900,3496.921875,1928.710205,0.000000,0.000000,0.000000,0.000000,0.000000,0.000000,0.000000,0.000000,0,0,0,0,0,0.000000,0.000000,0.000000
20260511_092344,2026-05-11 09:46:35,658,1.4355,1,500,105,100,5,1,20,20,251,215,44,4487.504883,-3056.144676,2283.609863,1677.353009,0.000000,0.000000,0.000000,0.000000,0.000000,0.000000,0.000000,0.000000,0,0,0,0,0,0.000000,0.000000,0.000000
20260511_092344,2026-05-11 09:46:38,659,1.4618,1,500,105,100,5,0,20,20,363,220,72,9944.469238,-5846.291988,3472.185303,1926.062839,0.000000,0.000000,0.000000,0.000000,0.000000,0.000000,0.000000,0.000000,0,0,0,0,0,0.000000,0.000000,0.000000
20260511_092344,2026-05-11 09:46:41,660,1.4551,1,500,105,100,5,2,20,20,247,190,62,6461.601562,-4892.611783,3469.569580,1800.279337,0.000000,0.000000,0.000000,0.000000,0.000000,0.000000,0.000000,0.000000,0,0,0,0,0,0.000000,0.000000,0.000000
20260511_092344,2026-05-11 09:46:43,661,1.4469,1,500,105,100,5,5,20,20,449,310,64,18095.553223,-4831.908207,3490.722168,1847.419165,0.000000,0.000000,0.000000,0.000000,0.000000,0.000000,0.000000,0.000000,0,0,0,0,0,0.000000,0.000000,0.000000
20260511_092344,2026-05-11 09:46:46,662,1.4899,1,500,105,100,5,1,20,20,349,252,69,7976.893555,-5556.292004,4081.804199,1957.267529,0.000000,0.000000,0.000000,0.000000,0.000000,0.000000,0.000000,0.000000,0,0,0,0,0,0.000000,0.000000,0.000000
20260511_092344,2026-05-11 09:46:49,663,1.5391,1,500,105,100,5,0,20,20,376,251,60,17990.437256,-4588.155009,3527.262207,1864.498090,0.000000,0.000000,0.000000,0.000000,0.000000,0.000000,0.000000,0.000000,0,0,0,0,0,0.000000,0.000000,0.000000
20260511_092344,2026-05-11 09:46:51,664,1.3877,1,500,105,100,5,1,20,20,378,256,70,7669.659668,-5586.452022,2872.726074,1967.453882,0.000000,0.000000,0.000000,0.000000,0.000000,0.000000,0.000000,0.000000,0,0,0,0,0,0.000000,0.000000,0.000000
20260511_092344,2026-05-11 09:46:54,665,1.4940,1,500,105,100,5,1,20,20,504,333,65,10064.747559,-4932.010753,2882.548584,1916.728540,0.000000,0.000000,0.000000,0.000000,0.000000,0.000000,0.000000,0.000000,0,0,0,0,0,0.000000,0.000000,0.000000
20260511_092344,2026-05-11 09:46:57,666,1.5793,1,500,105,100,5,10,20,20,489,342,46,20266.552246,-2959.131144,2872.123047,1729.449310,0.000000,0.000000,0.000000,0.000000,0.000000,0.000000,0.000000,0.000000,0,0,0,0,0,0.000000,0.000000,0.000000
20260511_092344,2026-05-11 09:46:59,667,1.5158,1,500,105,100,5,4,20,20,426,320,69,8989.599121,-5372.659167,3094.296875,1954.322375,0.000000,0.000000,0.000000,0.000000,0.000000,0.000000,0.000000,0.000000,0,0,0,0,0,0.000000,0.000000,0.000000
20260511_092344,2026-05-11 09:47:02,668,1.4748,1,500,105,100,5,2,20,20,495,438,65,8707.710938,-4881.522406,3079.197510,1924.547729,0.000000,0.000000,0.000000,0.000000,0.000000,0.000000,0.000000,0.000000,0,0,0,0,0,0.000000,0.000000,0.000000
20260511_092344,2026-05-11 09:47:05,669,1.5658,1,500,105,100,5,2,20,20,402,291,63,19894.505859,-4833.091273,2680.594238,1801.904947,0.000000,0.000000,0.000000,0.000000,0.000000,0.000000,0.000000,0.000000,0,0,0,0,0,0.000000,0.000000,0.000000
20260511_092344,2026-05-11 09:47:07,670,1.4062,1,500,105,100,5,0,20,20,308,204,71,9007.614746,-5734.137514,3677.888428,1946.597058,0.000000,0.000000,0.000000,0.000000,0.000000,0.000000,0.000000,0.000000,0,0,0,0,0,0.000000,0.000000,0.000000
20260511_092344,2026-05-11 09:47:10,671,1.5051,1,500,105,100,5,1,20,20,332,235,68,17259.604980,-5426.643385,3109.310059,1890.320651,0.000000,0.000000,0.000000,0.000000,0.000000,0.000000,0.000000,0.000000,0,0,0,0,0,0.000000,0.000000,0.000000
20260511_092344,2026-05-11 09:47:13,672,1.4600,1,500,105,100,5,1,20,20,397,294,74,9712.969727,-5958.926027,4487.081543,2008.945941,0.000000,0.000000,0.000000,0.000000,0.000000,0.000000,0.000000,0.000000,0,0,0,0,0,0.000000,0.000000,0.000000
20260511_092344,2026-05-11 09:47:15,673,1.4494,1,500,105,100,5,1,20,20,325,238,70,19410.630371,-5642.980486,4280.569336,1911.812772,0.000000,0.000000,0.000000,0.000000,0.000000,0.000000,0.000000,0.000000,0,0,0,0,0,0.000000,0.000000,0.000000
20260511_092344,2026-05-11 09:47:18,674,1.5390,1,500,105,100,5,0,20,20,242,214,68,5297.515625,-5529.912887,3869.245361,1898.599329,0.000000,0.000000,0.000000,0.000000,0.000000,0.000000,0.000000,0.000000,0,0,0,0,0,0.000000,0.000000,0.000000
20260511_092344,2026-05-11 09:47:21,675,1.5306,1,500,105,100,5,4,20,20,474,294,64,19888.028320,-4812.858062,3101.628418,1893.561844,0.000000,0.000000,0.000000,0.000000,0.000000,0.000000,0.000000,0.000000,0,0,0,0,0,0.000000,0.000000,0.000000
20260511_092344,2026-05-11 09:47:23,676,1.4105,1,500,105,100,5,0,20,20,254,231,78,4611.750000,-6523.630290,3271.504639,2043.575879,0.000000,0.000000,0.000000,0.000000,0.000000,0.000000,0.000000,0.000000,0,0,0,0,0,0.000000,0.000000,0.000000
20260511_092344,2026-05-11 09:47:26,677,1.4146,1,500,105,100,5,0,20,20,395,303,62,7839.450195,-4732.102131,2899.351562,1889.778754,0.000000,0.000000,0.000000,0.000000,0.000000,0.000000,0.000000,0.000000,0,0,0,0,0,0.000000,0.000000,0.000000
20260511_092344,2026-05-11 09:47:29,678,1.4931,1,500,105,100,5,1,20,20,370,255,55,9176.490234,-4059.406488,3478.175537,1746.251828,0.000000,0.000000,0.000000,0.000000,0.000000,0.000000,0.000000,0.000000,0,0,0,0,0,0.000000,0.000000,0.000000
20260511_092344,2026-05-11 09:47:31,679,1.3819,1,500,105,100,5,1,20,20,309,187,71,17119.050537,-5754.736050,4277.296875,1977.900061,0.000000,0.000000,0.000000,0.000000,0.000000,0.000000,0.000000,0.000000,0,0,0,0,0,0.000000,0.000000,0.000000
20260511_092344,2026-05-11 09:47:34,680,1.4250,1,500,105,100,5,0,20,20,332,201,57,7725.244141,-4340.894156,3273.892090,1811.712720,0.000000,0.000000,0.000000,0.000000,0.000000,0.000000,0.000000,0.000000,0,0,0,0,0,0.000000,0.000000,0.000000
20260511_092344,2026-05-11 09:47:36,681,1.4088,1,500,105,100,5,2,20,20,366,249,69,18312.687988,-5455.068794,4881.463867,1910.276697,0.000000,0.000000,0.000000,0.000000,0.000000,0.000000,0.000000,0.000000,0,0,0,0,0,0.000000,0.000000,0.000000
20260511_092344,2026-05-11 09:47:39,682,1.4268,1,500,105,100,5,1,20,20,294,149,61,21523.095703,-4793.722998,4088.816406,1799.933234,0.000000,0.000000,0.000000,0.000000,0.000000,0.000000,0.000000,0.000000,0,0,0,0,0,0.000000,0.000000,0.000000
20260511_092344,2026-05-11 09:47:42,683,1.4976,1,500,105,100,5,3,20,20,492,284,50,20346.132812,-3418.434165,3682.051025,1632.002063,0.000000,0.000000,0.000000,0.000000,0.000000,0.000000,0.000000,0.000000,0,0,0,0,0,0.000000,0.000000,0.000000
20260511_092344,2026-05-11 09:47:44,684,1.4912,1,500,105,100,5,3,20,20,481,265,73,21841.136719,-5749.883948,3882.593994,2004.936279,0.000000,0.000000,0.000000,0.000000,0.000000,0.000000,0.000000,0.000000,0,0,0,0,0,0.000000,0.000000,0.000000
20260511_092344,2026-05-11 09:47:47,685,1.3982,1,500,105,100,5,0,20,20,222,133,60,6321.120117,-4774.164171,2876.684082,1813.024057,0.000000,0.000000,0.000000,0.000000,0.000000,0.000000,0.000000,0.000000,0,0,0,0,0,0.000000,0.000000,0.000000
20260511_092344,2026-05-11 09:47:50,686,1.4643,1,500,105,100,5,1,20,20,385,261,64,15858.357422,-4947.842080,3270.920166,1863.291946,0.000000,0.000000,0.000000,0.000000,0.000000,0.000000,0.000000,0.000000,0,0,0,0,0,0.000000,0.000000,0.000000
20260511_092344,2026-05-11 09:47:52,687,1.6536,1,500,105,100,5,1,20,20,347,265,81,7002.898438,-6708.912367,4081.519043,2085.410590,0.000000,0.000000,0.000000,0.000000,0.000000,0.000000,0.000000,0.000000,0,0,0,0,0,0.000000,0.000000,0.000000
20260511_092344,2026-05-11 09:47:55,688,1.4659,1,500,105,100,5,2,20,20,488,257,53,21596.999023,-3751.084235,3692.955078,1765.344446,0.000000,0.000000,0.000000,0.000000,0.000000,0.000000,0.000000,0.000000,0,0,0,0,0,0.000000,0.000000,0.000000
20260511_092344,2026-05-11 09:47:58,689,1.4084,1,500,105,100,5,2,20,20,286,169,49,20937.800293,-3549.792158,3674.058838,1637.003415,0.000000,0.000000,0.000000,0.000000,0.000000,0.000000,0.000000,0.000000,0,0,0,0,0,0.000000,0.000000,0.000000
20260511_092344,2026-05-11 09:48:00,690,1.4583,1,500,105,100,5,3,20,20,272,212,59,17097.793945,-4587.872040,2683.530518,1866.558386,0.000000,0.000000,0.000000,0.000000,0.000000,0.000000,0.000000,0.000000,0,0,0,0,0,0.000000,0.000000,0.000000
20260511_092344,2026-05-11 09:48:03,691,1.4947,1,500,105,100,5,2,20,20,450,243,62,19813.873047,-4680.919384,2683.593750,1854.018451,0.000000,0.000000,0.000000,0.000000,0.000000,0.000000,0.000000,0.000000,0,0,0,0,0,0.000000,0.000000,0.000000
20260511_092344,2026-05-11 09:48:06,692,1.5173,1,500,105,100,5,5,20,20,621,266,59,25862.905273,-4265.585307,2884.202148,1824.780261,0.000000,0.000000,0.000000,0.000000,0.000000,0.000000,0.000000,0.000000,0,0,0,0,0,0.000000,0.000000,0.000000
20260511_092344,2026-05-11 09:48:09,693,1.5275,1,500,105,100,5,2,20,20,359,205,61,15263.409668,-4718.671308,3490.848877,1840.739774,0.000000,0.000000,0.000000,0.000000,0.000000,0.000000,0.000000,0.000000,0,0,0,0,0,0.000000,0.000000,0.000000
20260511_092344,2026-05-11 09:48:11,694,1.5237,1,500,105,100,5,0,20,20,240,171,59,16131.486816,-4645.956928,3279.461670,1835.683405,0.000000,0.000000,0.000000,0.000000,0.000000,0.000000,0.000000,0.000000,0,0,0,0,0,0.000000,0.000000,0.000000
20260511_092344,2026-05-11 09:48:14,695,1.5301,1,500,105,100,5,6,20,20,546,287,51,22675.091797,-3500.329814,3287.323486,1663.654730,0.000000,0.000000,0.000000,0.000000,0.000000,0.000000,0.000000,0.000000,0,0,0,0,0,0.000000,0.000000,0.000000
20260511_092344,2026-05-11 09:48:17,696,1.5191,1,500,105,100,5,10,20,20,658,362,58,23106.860352,-4041.370737,2888.617676,1859.671002,0.000000,0.000000,0.000000,0.000000,0.000000,0.000000,0.000000,0.000000,0,0,0,0,0,0.000000,0.000000,0.000000
20260511_092344,2026-05-11 09:48:19,697,1.4728,1,500,105,100,5,0,20,20,434,258,61,19158.897461,-4571.527439,3474.560059,1890.877264,0.000000,0.000000,0.000000,0.000000,0.000000,0.000000,0.000000,0.000000,0,0,0,0,0,0.000000,0.000000,0.000000
20260511_092344,2026-05-11 09:48:22,698,1.4785,1,500,105,100,5,1,20,20,368,236,49,18279.998535,-3420.204815,2486.157715,1747.555420,0.000000,0.000000,0.000000,0.000000,0.000000,0.000000,0.000000,0.000000,0,0,0,0,0,0.000000,0.000000,0.000000
20260511_092344,2026-05-11 09:48:25,699,1.6810,1,500,105,100,5,8,20,20,596,372,53,23003.340820,-3614.535668,2900.887939,1746.644736,0.000000,0.000000,0.000000,0.000000,0.000000,0.000000,0.000000,0.000000,0,0,0,0,0,0.000000,0.000000,0.000000
20260511_092344,2026-05-11 09:48:28,700,1.4627,1,500,105,100,5,4,20,20,355,225,49,23608.003906,-3502.414724,2687.287109,1721.731094,0.000000,0.000000,0.000000,0.000000,0.000000,0.000000,0.000000,0.000000,0,0,0,0,0,0.000000,0.000000,0.000000
20260511_092344,2026-05-11 09:48:30,701,1.5136,1,500,105,100,5,8,20,20,606,357,39,21149.479980,-2203.854128,2900.312500,1637.833118,0.000000,0.000000,0.000000,0.000000,0.000000,0.000000,0.000000,0.000000,0,0,0,0,0,0.000000,0.000000,0.000000
20260511_092344,2026-05-11 09:48:33,702,1.5487,1,500,105,100,5,8,20,20,492,270,41,22876.671875,-2542.271912,2692.213135,1598.994379,0.000000,0.000000,0.000000,0.000000,0.000000,0.000000,0.000000,0.000000,0,0,0,0,0,0.000000,0.000000,0.000000
20260511_092344,2026-05-11 09:48:36,703,1.4264,1,500,105,100,5,5,20,20,346,223,44,21282.225586,-2966.688311,3888.085449,1699.563013,0.000000,0.000000,0.000000,0.000000,0.000000,0.000000,0.000000,0.000000,0,0,0,0,0,0.000000,0.000000,0.000000
20260511_092344,2026-05-11 09:48:38,704,1.5024,1,500,105,100,5,6,20,20,511,337,38,21443.946289,-2196.725706,2706.394531,1561.576007,0.000000,0.000000,0.000000,0.000000,0.000000,0.000000,0.000000,0.000000,0,0,0,0,0,0.000000,0.000000,0.000000
20260511_092344,2026-05-11 09:48:41,705,1.5164,1,500,105,100,5,5,20,20,554,312,38,23071.139648,-2169.513084,2284.828613,1612.851056,0.000000,0.000000,0.000000,0.000000,0.000000,0.000000,0.000000,0.000000,0,0,0,0,0,0.000000,0.000000,0.000000
20260511_092344,2026-05-11 09:48:44,706,1.4822,1,500,105,100,5,8,20,20,497,276,53,20636.586914,-3740.949884,4091.201904,1789.006335,0.000000,0.000000,0.000000,0.000000,0.000000,0.000000,0.000000,0.000000,0,0,0,0,0,0.000000,0.000000,0.000000
20260511_092344,2026-05-11 09:48:47,707,1.4422,1,500,105,100,5,3,20,20,373,294,48,16032.423096,-3325.787758,2276.286377,1754.787671,0.000000,0.000000,0.000000,0.000000,0.000000,0.000000,0.000000,0.000000,0,0,0,0,0,0.000000,0.000000,0.000000
20260511_092344,2026-05-11 09:48:49,708,1.6163,1,500,105,100,5,3,20,20,592,397,40,21263.421875,-2239.789050,3067.995361,1600.498489,0.000000,0.000000,0.000000,0.000000,0.000000,0.000000,0.000000,0.000000,0,0,0,0,0,0.000000,0.000000,0.000000
20260511_092344,2026-05-11 09:48:52,709,1.5574,1,500,105,100,5,12,20,20,752,530,52,22961.265625,-3269.607931,3293.892822,1782.827512,0.000000,0.000000,0.000000,0.000000,0.000000,0.000000,0.000000,0.000000,0,0,0,0,0,0.000000,0.000000,0.000000
20260511_092344,2026-05-11 09:48:55,710,1.6440,1,500,105,100,5,7,20,20,749,426,50,24480.596680,-3108.202849,2679.125732,1778.083850,0.000000,0.000000,0.000000,0.000000,0.000000,0.000000,0.000000,0.000000,0,0,0,0,0,0.000000,0.000000,0.000000
20260511_092344,2026-05-11 09:48:58,711,1.5893,1,500,105,100,5,3,20,20,478,366,45,18645.182129,-2905.741896,3294.741943,1712.304608,0.000000,0.000000,0.000000,0.000000,0.000000,0.000000,0.000000,0.000000,0,0,0,0,0,0.000000,0.000000,0.000000
20260511_092344,2026-05-11 09:49:01,712,1.5261,1,500,105,100,5,6,20,20,486,272,49,25839.427734,-3353.552887,3281.013184,1768.407373,0.000000,0.000000,0.000000,0.000000,0.000000,0.000000,0.000000,0.000000,0,0,0,0,0,0.000000,0.000000,0.000000
20260511_092344,2026-05-11 09:49:03,713,1.5950,1,500,105,100,5,2,20,20,428,305,47,18863.189941,-3160.552516,2071.175293,1740.138965,0.000000,0.000000,0.000000,0.000000,0.000000,0.000000,0.000000,0.000000,0,0,0,0,0,0.000000,0.000000,0.000000
20260511_092344,2026-05-11 09:49:06,714,1.5123,1,500,105,100,5,3,20,20,416,307,46,20319.469727,-3051.835906,2875.815674,1739.577521,0.000000,0.000000,0.000000,0.000000,0.000000,0.000000,0.000000,0.000000,0,0,0,0,0,0.000000,0.000000,0.000000
20260511_092344,2026-05-11 09:49:09,715,1.5297,1,500,105,100,5,9,20,20,729,338,50,26800.179688,-3166.547851,3076.350342,1777.705444,0.000000,0.000000,0.000000,0.000000,0.000000,0.000000,0.000000,0.000000,0,0,0,0,0,0.000000,0.000000,0.000000
20260511_092344,2026-05-11 09:49:12,716,1.4932,1,500,105,100,5,7,20,20,439,275,55,20928.533691,-3936.389725,3702.149414,1824.662653,0.000000,0.000000,0.000000,0.000000,0.000000,0.000000,0.000000,0.000000,0,0,0,0,0,0.000000,0.000000,0.000000
20260511_092344,2026-05-11 09:49:14,717,1.6084,1,500,105,100,5,7,20,20,679,407,43,20965.337402,-2436.829938,2490.949951,1659.472018,0.000000,0.000000,0.000000,0.000000,0.000000,0.000000,0.000000,0.000000,0,0,0,0,0,0.000000,0.000000,0.000000
20260511_092344,2026-05-11 09:49:17,718,1.5368,1,500,105,100,5,5,20,20,541,298,48,23150.000000,-3183.638557,2473.864258,1728.861258,0.000000,0.000000,0.000000,0.000000,0.000000,0.000000,0.000000,0.000000,0,0,0,0,0,0.000000,0.000000,0.000000
20260511_092344,2026-05-11 09:49:20,719,1.6661,1,500,105,100,5,10,20,20,732,414,40,23999.876953,-2131.426514,2267.845703,1606.078799,0.000000,0.000000,0.000000,0.000000,0.000000,0.000000,0.000000,0.000000,0,0,0,0,0,0.000000,0.000000,0.000000
20260511_092344,2026-05-11 09:49:23,720,1.6537,1,500,105,100,5,6,20,20,616,328,52,22146.354492,-3495.151268,3698.111572,1786.621277,0.000000,0.000000,0.000000,0.000000,0.000000,0.000000,0.000000,0.000000,0,0,0,0,0,0.000000,0.000000,0.000000
20260511_092344,2026-05-11 09:49:26,721,1.5088,1,500,105,100,5,7,20,20,669,411,42,23979.618164,-2484.518354,2684.522705,1653.980084,0.000000,0.000000,0.000000,0.000000,0.000000,0.000000,0.000000,0.000000,0,0,0,0,0,0.000000,0.000000,0.000000
20260511_092344,2026-05-11 09:49:29,722,1.6543,1,500,105,100,5,4,20,20,474,313,42,14953.497070,-2660.542990,3476.736328,1667.858478,0.000000,0.000000,0.000000,0.000000,0.000000,0.000000,0.000000,0.000000,0,0,0,0,0,0.000000,0.000000,0.000000
20260511_092344,2026-05-11 09:49:32,723,1.6567,1,500,105,100,5,11,20,20,734,369,42,25665.116211,-2363.701699,2474.637207,1666.491885,0.000000,0.000000,0.000000,0.000000,0.000000,0.000000,0.000000,0.000000,0,0,0,0,0,0.000000,0.000000,0.000000
20260511_092344,2026-05-11 09:49:35,724,1.5016,1,500,105,100,5,3,20,20,444,291,42,23593.811523,-2593.392121,2266.533691,1670.625748,0.000000,0.000000,0.000000,0.000000,0.000000,0.000000,0.000000,0.000000,0,0,0,0,0,0.000000,0.000000,0.000000
20260511_092344,2026-05-11 09:49:37,725,1.5373,1,500,105,100,5,1,20,20,405,282,50,20289.702148,-3510.483195,2668.981445,1732.177527,0.000000,0.000000,0.000000,0.000000,0.000000,0.000000,0.000000,0.000000,0,0,0,0,0,0.000000,0.000000,0.000000
20260511_092344,2026-05-11 09:49:40,726,1.4848,1,500,105,100,5,2,20,20,463,322,56,18902.320801,-4026.178908,2487.706299,1780.095499,0.000000,0.000000,0.000000,0.000000,0.000000,0.000000,0.000000,0.000000,0,0,0,0,0,0.000000,0.000000,0.000000
20260511_092344,2026-05-11 09:49:43,727,1.5176,1,500,105,100,5,6,20,20,583,342,57,21642.784180,-4016.120002,2683.376709,1826.984174,0.000000,0.000000,0.000000,0.000000,0.000000,0.000000,0.000000,0.000000,0,0,0,0,0,0.000000,0.000000,0.000000
20260511_092344,2026-05-11 09:49:46,728,1.5768,1,500,105,100,5,4,20,20,483,291,62,21678.600098,-4685.192494,2870.106689,1865.841574,0.000000,0.000000,0.000000,0.000000,0.000000,0.000000,0.000000,0.000000,0,0,0,0,0,0.000000,0.000000,0.000000
20260511_092344,2026-05-11 09:49:49,729,1.5838,1,500,105,100,5,7,20,20,747,346,62,24695.544922,-4371.100182,3294.569336,1828.022546,0.000000,0.000000,0.000000,0.000000,0.000000,0.000000,0.000000,0.000000,0,0,0,0,0,0.000000,0.000000,0.000000
20260511_092344,2026-05-11 09:49:51,730,1.6397,1,500,105,100,5,3,20,20,469,303,61,23604.741211,-4585.953044,2793.394043,1731.853836,0.000000,0.000000,0.000000,0.000000,0.000000,0.000000,0.000000,0.000000,0,0,0,0,0,0.000000,0.000000,0.000000
20260511_092344,2026-05-11 09:49:54,731,1.5275,1,500,105,100,5,5,20,20,544,264,64,24726.276367,-4836.584707,2474.008301,1766.970248,0.000000,0.000000,0.000000,0.000000,0.000000,0.000000,0.000000,0.000000,0,0,0,0,0,0.000000,0.000000,0.000000
20260511_092344,2026-05-11 09:49:57,732,1.4828,1,500,105,100,5,2,20,20,454,269,55,20394.141602,-3969.399702,2793.277588,1757.498428,0.000000,0.000000,0.000000,0.000000,0.000000,0.000000,0.000000,0.000000,0,0,0,0,0,0.000000,0.000000,0.000000
20260511_092344,2026-05-11 09:50:00,733,1.5048,1,500,105,100,5,2,20,20,377,248,44,20674.108398,-2977.573624,2206.121338,1558.958972,0.000000,0.000000,0.000000,0.000000,0.000000,0.000000,0.000000,0.000000,0,0,0,0,0,0.000000,0.000000,0.000000
20260511_092344,2026-05-11 09:50:02,734,1.5148,1,500,105,100,5,1,20,20,314,210,43,19582.951660,-2927.422141,2663.545898,1550.770755,0.000000,0.000000,0.000000,0.000000,0.000000,0.000000,0.000000,0.000000,0,0,0,0,0,0.000000,0.000000,0.000000
20260511_092344,2026-05-11 09:50:05,735,1.4530,1,500,105,100,5,2,20,20,317,235,59,18236.054443,-4540.317596,3295.147705,1844.945502,0.000000,0.000000,0.000000,0.000000,0.000000,0.000000,0.000000,0.000000,0,0,0,0,0,0.000000,0.000000,0.000000
20260511_092344,2026-05-11 09:50:08,736,1.4949,1,500,105,100,5,2,20,20,274,194,45,17760.368164,-3197.403623,2683.696777,1631.178745,0.000000,0.000000,0.000000,0.000000,0.000000,0.000000,0.000000,0.000000,0,0,0,0,0,0.000000,0.000000,0.000000
20260511_092344,2026-05-11 09:50:11,737,1.4914,1,500,105,100,5,5,20,20,484,263,59,18872.847168,-4315.136772,3079.812988,1778.403705,0.000000,0.000000,0.000000,0.000000,0.000000,0.000000,0.000000,0.000000,0,0,0,0,0,0.000000,0.000000,0.000000
20260511_092344,2026-05-11 09:50:14,738,1.5360,1,500,105,100,5,11,20,20,767,337,62,25537.521484,-4385.372812,3285.103027,1849.158896,0.000000,0.000000,0.000000,0.000000,0.000000,0.000000,0.000000,0.000000,0,0,0,0,0,0.000000,0.000000,0.000000
20260511_092344,2026-05-11 09:50:17,739,1.5528,1,500,105,100,5,7,20,20,664,406,60,24178.307617,-4288.081025,2891.005615,1875.602258,0.000000,0.000000,0.000000,0.000000,0.000000,0.000000,0.000000,0.000000,0,0,0,0,0,0.000000,0.000000,0.000000
20260511_092344,2026-05-11 09:50:19,740,1.6394,1,500,105,100,5,7,20,20,681,296,62,24869.844727,-4390.832351,2475.439453,1833.886008,0.000000,0.000000,0.000000,0.000000,0.000000,0.000000,0.000000,0.000000,0,0,0,0,0,0.000000,0.000000,0.000000
20260511_092344,2026-05-11 09:50:22,741,1.5337,1,500,105,100,5,8,20,20,584,353,57,21876.162109,-4015.314195,4078.083008,1763.403394,0.000000,0.000000,0.000000,0.000000,0.000000,0.000000,0.000000,0.000000,0,0,0,0,0,0.000000,0.000000,0.000000
20260511_092344,2026-05-11 09:50:25,742,1.5679,1,500,105,100,5,4,20,20,416,192,51,25322.775391,-3587.781317,2674.019531,1695.498553,0.000000,0.000000,0.000000,0.000000,0.000000,0.000000,0.000000,0.000000,0,0,0,0,0,0.000000,0.000000,0.000000
20260511_092344,2026-05-11 09:50:28,743,1.5072,1,500,105,100,5,3,20,20,484,257,62,26596.934570,-4634.045678,2864.892090,1767.002618,0.000000,0.000000,0.000000,0.000000,0.000000,0.000000,0.000000,0.000000,0,0,0,0,0,0.000000,0.000000,0.000000
20260511_092344,2026-05-11 09:50:31,744,1.4962,1,500,105,100,5,1,20,20,448,236,63,20926.489746,-4739.546913,3657.073730,1705.184515,0.000000,0.000000,0.000000,0.000000,0.000000,0.000000,0.000000,0.000000,0,0,0,0,0,0.000000,0.000000,0.000000
20260511_092344,2026-05-11 09:50:34,745,1.4929,1,500,105,100,5,1,20,20,266,195,49,19617.828125,-3607.672598,2280.988525,1677.018420,0.000000,0.000000,0.000000,0.000000,0.000000,0.000000,0.000000,0.000000,0,0,0,0,0,0.000000,0.000000,0.000000
20260511_092344,2026-05-11 09:50:37,746,1.5363,1,500,105,100,5,8,20,20,625,287,50,25881.860352,-3245.334998,2693.083496,1713.009979,0.000000,0.000000,0.000000,0.000000,0.000000,0.000000,0.000000,0.000000,0,0,0,0,0,0.000000,0.000000,0.000000
20260511_092344,2026-05-11 09:50:39,747,1.4264,1,500,105,100,5,3,20,20,422,272,55,20215.172363,-3988.561582,2893.784912,1792.982440,0.000000,0.000000,0.000000,0.000000,0.000000,0.000000,0.000000,0.000000,0,0,0,0,0,0.000000,0.000000,0.000000
20260511_092344,2026-05-11 09:50:42,748,1.5173,1,500,105,100,5,6,20,20,664,361,47,24396.517578,-2924.705195,2691.506836,1665.675488,0.000000,0.000000,0.000000,0.000000,0.000000,0.000000,0.000000,0.000000,0,0,0,0,0,0.000000,0.000000,0.000000
20260511_092344,2026-05-11 09:50:45,749,1.4648,1,500,105,100,5,5,20,20,399,257,53,21649.216309,-3857.937466,3073.479248,1749.372305,0.000000,0.000000,0.000000,0.000000,0.000000,0.000000,0.000000,0.000000,0,0,0,0,0,0.000000,0.000000,0.000000
20260511_092344,2026-05-11 09:50:48,750,1.5368,1,500,105,100,5,3,20,20,473,250,52,26952.718750,-3635.746015,2874.807373,1746.407736,0.000000,0.000000,0.000000,0.000000,0.000000,0.000000,0.000000,0.000000,0,0,0,0,0,0.000000,0.000000,0.000000
20260511_092344,2026-05-11 09:50:51,751,1.5189,1,500,105,100,5,4,20,20,567,399,67,24527.747070,-4999.679440,2885.387939,1895.997989,0.000000,0.000000,0.000000,0.000000,0.000000,0.000000,0.000000,0.000000,0,0,0,0,0,0.000000,0.000000,0.000000
20260511_092344,2026-05-11 09:50:54,752,1.4399,1,500,105,100,5,3,20,20,489,274,45,22002.697266,-2923.887361,3286.356201,1554.880435,0.000000,0.000000,0.000000,0.000000,0.000000,0.000000,0.000000,0.000000,0,0,0,0,0,0.000000,0.000000,0.000000
20260511_092344,2026-05-11 09:50:56,753,1.4825,1,500,105,100,5,4,20,20,416,216,54,20501.230469,-3900.954613,3283.235107,1750.557147,0.000000,0.000000,0.000000,0.000000,0.000000,0.000000,0.000000,0.000000,0,0,0,0,0,0.000000,0.000000,0.000000
20260511_092344,2026-05-11 09:50:59,754,1.4937,1,500,105,100,5,2,20,20,363,199,57,20535.208496,-4336.394891,3291.815430,1764.297287,0.000000,0.000000,0.000000,0.000000,0.000000,0.000000,0.000000,0.000000,0,0,0,0,0,0.000000,0.000000,0.000000
20260511_092344,2026-05-11 09:51:02,755,1.4947,1,500,105,100,5,4,20,20,517,174,66,23596.552734,-5039.370159,3282.715820,1865.645279,0.000000,0.000000,0.000000,0.000000,0.000000,0.000000,0.000000,0.000000,0,0,0,0,0,0.000000,0.000000,0.000000
20260511_092344,2026-05-11 09:51:05,756,1.5015,1,500,105,100,5,1,20,20,321,175,60,23839.757812,-4687.115698,3089.171875,1874.540509,0.000000,0.000000,0.000000,0.000000,0.000000,0.000000,0.000000,0.000000,0,0,0,0,0,0.000000,0.000000,0.000000
20260511_092344,2026-05-11 09:51:08,757,1.6220,1,500,105,100,5,7,20,20,658,220,56,25279.963867,-3896.939311,2874.018555,1773.760968,0.000000,0.000000,0.000000,0.000000,0.000000,0.000000,0.000000,0.000000,0,0,0,0,0,0.000000,0.000000,0.000000
20260511_092344,2026-05-11 09:51:11,758,1.4684,1,500,105,100,5,1,20,20,290,195,56,16515.256836,-4251.424446,3054.320312,1748.313876,0.000000,0.000000,0.000000,0.000000,0.000000,0.000000,0.000000,0.000000,0,0,0,0,0,0.000000,0.000000,0.000000
20260511_092344,2026-05-11 09:51:13,759,1.5112,1,500,105,100,5,4,20,20,360,219,52,20678.810547,-3748.385727,2661.112793,1704.602484,0.000000,0.000000,0.000000,0.000000,0.000000,0.000000,0.000000,0.000000,0,0,0,0,0,0.000000,0.000000,0.000000
20260511_092344,2026-05-11 09:51:16,760,1.4734,1,500,105,100,5,1,20,20,367,190,61,16154.864014,-4764.759426,2683.388428,1768.024112,0.000000,0.000000,0.000000,0.000000,0.000000,0.000000,0.000000,0.000000,0,0,0,0,0,0.000000,0.000000,0.000000
20260511_092344,2026-05-11 09:51:19,761,1.5093,1,500,105,100,5,0,20,20,389,231,61,18018.266602,-4701.072563,3692.793945,1743.808807,0.000000,0.000000,0.000000,0.000000,0.000000,0.000000,0.000000,0.000000,0,0,0,0,0,0.000000,0.000000,0.000000
20260511_092344,2026-05-11 09:51:22,762,1.5347,1,500,105,100,5,0,20,20,356,183,55,20543.936523,-4133.210967,3087.056152,1762.960767,0.000000,0.000000,0.000000,0.000000,0.000000,0.000000,0.000000,0.000000,0,0,0,0,0,0.000000,0.000000,0.000000
20260511_092344,2026-05-11 09:51:25,763,1.4102,1,500,105,100,5,1,20,20,343,121,57,22079.882812,-4365.184234,3294.082520,1680.702301,0.000000,0.000000,0.000000,0.000000,0.000000,0.000000,0.000000,0.000000,0,0,0,0,0,0.000000,0.000000,0.000000
20260511_092344,2026-05-11 09:51:28,764,1.4366,1,500,105,100,5,2,20,20,355,161,53,22706.571289,-3966.160998,2838.194580,1660.578046,0.000000,0.000000,0.000000,0.000000,0.000000,0.000000,0.000000,0.000000,0,0,0,0,0,0.000000,0.000000,0.000000
20260511_092344,2026-05-11 09:51:31,765,1.4585,1,500,105,100,5,3,20,20,382,164,61,25870.799805,-4746.962226,2869.264648,1739.372998,0.000000,0.000000,0.000000,0.000000,0.000000,0.000000,0.000000,0.000000,0,0,0,0,0,0.000000,0.000000,0.000000
20260511_092344,2026-05-11 09:51:33,766,1.4067,1,500,105,100,5,1,20,20,232,143,69,19796.075195,-5669.298064,3248.457031,1863.846237,0.000000,0.000000,0.000000,0.000000,0.000000,0.000000,0.000000,0.000000,0,0,0,0,0,0.000000,0.000000,0.000000
20260511_092344,2026-05-11 09:51:36,767,1.4526,1,500,105,100,5,2,20,20,423,214,61,10749.269043,-4639.951481,3243.741211,1750.723117,0.000000,0.000000,0.000000,0.000000,0.000000,0.000000,0.000000,0.000000,0,0,0,0,0,0.000000,0.000000,0.000000
20260511_092344,2026-05-11 09:51:39,768,1.4680,1,500,105,100,5,1,20,20,254,126,47,20279.930176,-3442.747451,2651.537354,1674.442618,0.000000,0.000000,0.000000,0.000000,0.000000,0.000000,0.000000,0.000000,0,0,0,0,0,0.000000,0.000000,0.000000
20260511_092344,2026-05-11 09:51:42,769,1.4974,1,500,105,100,5,1,20,20,351,195,64,18822.652832,-5022.098768,2864.900391,1861.001089,0.000000,0.000000,0.000000,0.000000,0.000000,0.000000,0.000000,0.000000,0,0,0,0,0,0.000000,0.000000,0.000000
20260511_092344,2026-05-11 09:51:45,770,1.4146,1,500,105,100,5,0,20,20,425,266,70,20617.491211,-5575.802519,2477.839844,1904.617227,0.000000,0.000000,0.000000,0.000000,0.000000,0.000000,0.000000,0.000000,0,0,0,0,0,0.000000,0.000000,0.000000
20260511_092344,2026-05-11 09:51:48,771,1.5577,1,500,105,100,5,2,20,20,366,208,42,23638.136719,-2741.023856,2635.998291,1525.218967,0.000000,0.000000,0.000000,0.000000,0.000000,0.000000,0.000000,0.000000,0,0,0,0,0,0.000000,0.000000,0.000000
20260511_092344,2026-05-11 09:51:51,772,1.5285,1,500,105,100,5,0,20,20,428,187,55,18187.479980,-3996.688661,2681.672363,1802.296384,0.000000,0.000000,0.000000,0.000000,0.000000,0.000000,0.000000,0.000000,0,0,0,0,0,0.000000,0.000000,0.000000
20260511_092344,2026-05-11 09:51:54,773,1.5069,1,500,105,100,5,0,20,20,247,119,60,18391.429688,-4715.513446,4296.045410,1732.404877,0.000000,0.000000,0.000000,0.000000,0.000000,0.000000,0.000000,0.000000,0,0,0,0,0,0.000000,0.000000,0.000000
20260511_092344,2026-05-11 09:51:57,774,1.5578,1,500,105,100,5,2,20,20,376,173,58,22374.401367,-4411.710064,2673.907959,1761.524057,0.000000,0.000000,0.000000,0.000000,0.000000,0.000000,0.000000,0.000000,0,0,0,0,0,0.000000,0.000000,0.000000
20260511_092344,2026-05-11 09:51:59,775,1.5083,1,500,105,100,5,0,20,20,270,143,54,17791.750977,-4045.781033,3086.595703,1696.509357,0.000000,0.000000,0.000000,0.000000,0.000000,0.000000,0.000000,0.000000,0,0,0,0,0,0.000000,0.000000,0.000000
20260511_092344,2026-05-11 09:52:02,776,1.4943,1,500,105,100,5,1,20,20,289,136,65,14315.015381,-5165.841554,2889.069336,1846.920984,0.000000,0.000000,0.000000,0.000000,0.000000,0.000000,0.000000,0.000000,0,0,0,0,0,0.000000,0.000000,0.000000
20260511_092344,2026-05-11 09:52:05,777,1.4566,1,500,105,100,5,2,20,20,325,264,61,8040.151855,-4711.154685,2898.476318,1798.011096,0.000000,0.000000,0.000000,0.000000,0.000000,0.000000,0.000000,0.000000,0,0,0,0,0,0.000000,0.000000,0.000000
20260511_092344,2026-05-11 09:52:08,778,1.4707,1,500,105,100,5,1,20,20,457,246,61,11247.476074,-4590.069053,3281.904785,1743.018234,0.000000,0.000000,0.000000,0.000000,0.000000,0.000000,0.000000,0.000000,0,0,0,0,0,0.000000,0.000000,0.000000
20260511_092344,2026-05-11 09:52:11,779,1.5542,1,500,105,100,5,2,20,20,391,177,60,24209.206055,-4580.381054,3312.703125,1721.910309,0.000000,0.000000,0.000000,0.000000,0.000000,0.000000,0.000000,0.000000,0,0,0,0,0,0.000000,0.000000,0.000000
20260511_092344,2026-05-11 09:52:14,780,1.4505,1,500,105,100,5,2,20,20,387,201,67,22026.752930,-5295.330573,2888.834717,1876.138055,0.000000,0.000000,0.000000,0.000000,0.000000,0.000000,0.000000,0.000000,0,0,0,0,0,0.000000,0.000000,0.000000
20260511_092344,2026-05-11 09:52:17,781,1.4218,1,500,105,100,5,1,20,20,235,117,32,18804.896973,-1920.675173,2093.934570,1419.198761,0.000000,0.000000,0.000000,0.000000,0.000000,0.000000,0.000000,0.000000,0,0,0,0,0,0.000000,0.000000,0.000000
20260511_092344,2026-05-11 09:52:20,782,1.5023,1,500,105,100,5,3,20,20,485,256,47,26483.380859,-3114.627841,2686.773682,1607.528949,0.000000,0.000000,0.000000,0.000000,0.000000,0.000000,0.000000,0.000000,0,0,0,0,0,0.000000,0.000000,0.000000
20260511_092344,2026-05-11 09:52:23,783,1.3697,1,500,105,100,5,2,20,20,242,131,49,19943.905273,-3630.612075,3865.926025,1608.079272,0.000000,0.000000,0.000000,0.000000,0.000000,0.000000,0.000000,0.000000,0,0,0,0,0,0.000000,0.000000,0.000000
20260511_092344,2026-05-11 09:52:26,784,1.5207,1,500,105,100,5,2,20,20,309,150,62,19015.668457,-4846.594722,2689.732422,1805.472104,0.000000,0.000000,0.000000,0.000000,0.000000,0.000000,0.000000,0.000000,0,0,0,0,0,0.000000,0.000000,0.000000
20260511_092344,2026-05-11 09:52:29,785,1.5388,1,500,105,100,5,1,20,20,327,196,64,8087.031250,-4983.761964,3305.170898,1793.682263,0.000000,0.000000,0.000000,0.000000,0.000000,0.000000,0.000000,0.000000,0,0,0,0,0,0.000000,0.000000,0.000000
20260511_092344,2026-05-11 09:52:31,786,1.4191,1,500,105,100,5,0,20,20,284,183,54,21090.762695,-4030.742889,3670.612549,1664.762418,0.000000,0.000000,0.000000,0.000000,0.000000,0.000000,0.000000,0.000000,0,0,0,0,0,0.000000,0.000000,0.000000
20260511_092344,2026-05-11 09:52:34,787,1.4760,1,500,105,100,5,4,20,20,431,232,40,22244.103516,-2372.362612,2263.305176,1550.583307,0.000000,0.000000,0.000000,0.000000,0.000000,0.000000,0.000000,0.000000,0,0,0,0,0,0.000000,0.000000,0.000000
20260511_092344,2026-05-11 09:52:37,788,1.4900,1,500,105,100,5,3,20,20,325,201,42,24836.106445,-2785.211217,2668.992188,1614.583090,0.000000,0.000000,0.000000,0.000000,0.000000,0.000000,0.000000,0.000000,0,0,0,0,0,0.000000,0.000000,0.000000
20260511_092344,2026-05-11 09:52:40,789,1.5077,1,500,105,100,5,9,20,20,717,244,48,25871.781250,-2933.228554,3269.290771,1702.792865,0.000000,0.000000,0.000000,0.000000,0.000000,0.000000,0.000000,0.000000,0,0,0,0,0,0.000000,0.000000,0.000000
20260511_092344,2026-05-11 09:52:43,790,1.4590,1,500,105,100,5,2,20,20,443,238,47,22802.249023,-3128.031198,2865.379395,1649.305139,0.000000,0.000000,0.000000,0.000000,0.000000,0.000000,0.000000,0.000000,0,0,0,0,0,0.000000,0.000000,0.000000
20260511_092344,2026-05-11 09:52:46,791,1.3909,1,500,105,100,5,5,20,20,427,210,45,24405.751953,-2932.191388,2681.839844,1641.721335,0.000000,0.000000,0.000000,0.000000,0.000000,0.000000,0.000000,0.000000,0,0,0,0,0,0.000000,0.000000,0.000000
20260511_092344,2026-05-11 09:52:49,792,1.4088,1,500,105,100,5,1,20,20,390,248,56,22160.762695,-4107.936216,3484.629639,1690.678256,0.000000,0.000000,0.000000,0.000000,0.000000,0.000000,0.000000,0.000000,0,0,0,0,0,0.000000,0.000000,0.000000
20260511_092344,2026-05-11 09:52:52,793,1.5871,1,500,105,100,5,0,20,20,466,297,52,19373.001953,-3548.126793,2872.451660,1666.584180,0.000000,0.000000,0.000000,0.000000,0.000000,0.000000,0.000000,0.000000,0,0,0,0,0,0.000000,0.000000,0.000000
20260511_092344,2026-05-11 09:52:55,794,1.4109,1,500,105,100,5,4,20,20,477,274,61,24078.172852,-4548.190769,3096.958740,1792.338544,0.000000,0.000000,0.000000,0.000000,0.000000,0.000000,0.000000,0.000000,0,0,0,0,0,0.000000,0.000000,0.000000
20260511_092344,2026-05-11 09:52:58,795,1.6679,1,500,105,100,5,5,20,20,568,324,46,23487.952148,-2864.867127,3299.504639,1666.971442,0.000000,0.000000,0.000000,0.000000,0.000000,0.000000,0.000000,0.000000,0,0,0,0,0,0.000000,0.000000,0.000000
20260511_092344,2026-05-11 09:53:01,796,1.6434,1,500,105,100,5,0,20,20,315,222,51,20089.935059,-3657.102705,3263.331299,1704.594238,0.000000,0.000000,0.000000,0.000000,0.000000,0.000000,0.000000,0.000000,0,0,0,0,0,0.000000,0.000000,0.000000
20260511_092344,2026-05-11 09:53:04,797,1.4912,1,500,105,100,5,5,20,20,643,415,61,25760.291992,-4245.451224,2665.700439,1852.092667,0.000000,0.000000,0.000000,0.000000,0.000000,0.000000,0.000000,0.000000,0,0,0,0,0,0.000000,0.000000,0.000000
20260511_092344,2026-05-11 09:53:07,798,1.4087,1,500,105,100,5,7,20,20,622,379,53,25514.962891,-3527.175027,2871.349121,1780.283649,0.000000,0.000000,0.000000,0.000000,0.000000,0.000000,0.000000,0.000000,0,0,0,0,0,0.000000,0.000000,0.000000
20260511_092344,2026-05-11 09:53:10,799,1.4097,1,500,105,100,5,3,20,20,501,304,41,22360.938477,-2433.243052,2670.118408,1552.853986,0.000000,0.000000,0.000000,0.000000,0.000000,0.000000,0.000000,0.000000,0,0,0,0,0,0.000000,0.000000,0.000000
20260511_092344,2026-05-11 09:53:14,800,2.1120,1,500,105,100,5,3,20,20,459,251,59,24036.637695,-4347.788349,3288.957275,1802.742389,0.000000,0.000000,0.000000,0.000000,0.000000,0.000000,0.000000,0.000000,0,0,0,0,0,0.000000,0.000000,0.000000
20260511_092344,2026-05-11 09:53:17,801,1.6374,1,500,105,100,5,3,20,20,447,270,70,22370.905273,-5488.905677,4267.609863,1884.771216,0.000000,0.000000,0.000000,0.000000,0.000000,0.000000,0.000000,0.000000,0,0,0,0,0,0.000000,0.000000,0.000000
20260511_092344,2026-05-11 09:53:20,802,1.4751,1,500,105,100,5,2,20,20,564,335,49,18155.172363,-3195.194891,2466.395996,1741.192993,0.000000,0.000000,0.000000,0.000000,0.000000,0.000000,0.000000,0.000000,0,0,0,0,0,0.000000,0.000000,0.000000
20260511_092344,2026-05-11 09:53:23,803,1.4459,1,500,105,100,5,3,20,20,365,305,53,17555.755859,-3842.561680,2461.143311,1789.331171,0.000000,0.000000,0.000000,0.000000,0.000000,0.000000,0.000000,0.000000,0,0,0,0,0,0.000000,0.000000,0.000000
20260511_092344,2026-05-11 09:53:26,804,1.5865,1,500,105,100,5,9,20,20,687,429,57,26172.531250,-3917.261545,2685.523682,1845.771106,0.000000,0.000000,0.000000,0.000000,0.000000,0.000000,0.000000,0.000000,0,0,0,0,0,0.000000,0.000000,0.000000
20260511_092344,2026-05-11 09:53:29,805,1.4792,1,500,105,100,5,6,20,20,679,412,57,23351.806641,-3915.139843,3316.401367,1832.995575,0.000000,0.000000,0.000000,0.000000,0.000000,0.000000,0.000000,0.000000,0,0,0,0,0,0.000000,0.000000,0.000000
20260511_092344,2026-05-11 09:53:32,806,1.7287,1,500,105,100,5,9,20,20,683,303,60,27009.756836,-4240.818624,2363.835938,1852.150800,0.000000,0.000000,0.000000,0.000000,0.000000,0.000000,0.000000,0.000000,0,0,0,0,0,0.000000,0.000000,0.000000
20260511_092344,2026-05-11 09:53:36,807,1.6509,1,500,105,100,5,1,20,20,380,266,58,19024.698730,-4299.680336,3098.997314,1826.084619,0.000000,0.000000,0.000000,0.000000,0.000000,0.000000,0.000000,0.000000,0,0,0,0,0,0.000000,0.000000,0.000000
20260511_092344,2026-05-11 09:53:39,808,1.5203,1,500,105,100,5,1,20,20,473,301,64,16193.866943,-4830.407445,2894.642822,1778.243289,0.000000,0.000000,0.000000,0.000000,0.000000,0.000000,0.000000,0.000000,0,0,0,0,0,0.000000,0.000000,0.000000
20260511_092344,2026-05-11 09:53:42,809,1.4743,1,500,105,100,5,2,20,20,389,335,63,5357.228516,-4773.639121,2684.650879,1882.422034,0.000000,0.000000,0.000000,0.000000,0.000000,0.000000,0.000000,0.000000,0,0,0,0,0,0.000000,0.000000,0.000000
20260511_092344,2026-05-11 09:53:45,810,1.4745,1,500,105,100,5,8,20,20,663,427,62,26889.060547,-4366.031591,2889.079102,1894.204474,0.000000,0.000000,0.000000,0.000000,0.000000,0.000000,0.000000,0.000000,0,0,0,0,0,0.000000,0.000000,0.000000
20260511_092344,2026-05-11 09:53:48,811,1.6034,1,500,105,100,5,2,20,20,466,309,60,22421.541016,-4407.353038,2879.958008,1880.797772,0.000000,0.000000,0.000000,0.000000,0.000000,0.000000,0.000000,0.000000,0,0,0,0,0,0.000000,0.000000,0.000000
20260511_092344,2026-05-11 09:53:51,812,1.5118,1,500,105,100,5,3,20,20,492,371,47,17138.636719,-3048.159928,2477.559326,1744.973749,0.000000,0.000000,0.000000,0.000000,0.000000,0.000000,0.000000,0.000000,0,0,0,0,0,0.000000,0.000000,0.000000
20260511_092344,2026-05-11 09:53:54,813,1.4215,1,500,105,100,5,2,20,20,489,399,63,16555.247070,-4682.877911,2677.937012,1902.845782,0.000000,0.000000,0.000000,0.000000,0.000000,0.000000,0.000000,0.000000,0,0,0,0,0,0.000000,0.000000,0.000000
20260511_092344,2026-05-11 09:53:57,814,1.5580,1,500,105,100,5,12,20,20,610,405,62,24496.501953,-4453.101427,2479.313965,1875.191870,0.000000,0.000000,0.000000,0.000000,0.000000,0.000000,0.000000,0.000000,0,0,0,0,0,0.000000,0.000000,0.000000
20260511_092344,2026-05-11 09:54:00,815,1.6371,1,500,105,100,5,2,20,20,621,407,51,21956.636719,-3287.765934,3484.963623,1790.212170,0.000000,0.000000,0.000000,0.000000,0.000000,0.000000,0.000000,0.000000,0,0,0,0,0,0.000000,0.000000,0.000000
20260511_092344,2026-05-11 09:54:04,816,1.6199,1,500,105,100,5,2,20,20,429,237,52,23408.833008,-3647.892689,2894.198242,1751.092166,0.000000,0.000000,0.000000,0.000000,0.000000,0.000000,0.000000,0.000000,0,0,0,0,0,0.000000,0.000000,0.000000
20260511_092344,2026-05-11 09:54:07,817,1.5010,1,500,105,100,5,5,20,20,460,303,54,18550.710938,-3799.454191,2875.944336,1776.060446,0.000000,0.000000,0.000000,0.000000,0.000000,0.000000,0.000000,0.000000,0,0,0,0,0,0.000000,0.000000,0.000000
20260511_092344,2026-05-11 09:54:10,818,1.4072,1,500,105,100,5,1,20,20,416,251,43,21013.839355,-2800.845757,2874.232422,1607.808368,0.000000,0.000000,0.000000,0.000000,0.000000,0.000000,0.000000,0.000000,0,0,0,0,0,0.000000,0.000000,0.000000
20260511_092344,2026-05-11 09:54:14,819,2.5611,1,500,105,100,5,5,20,20,460,297,59,20177.738770,-4287.624599,3266.140381,1841.825031,0.000000,0.000000,0.000000,0.000000,0.000000,0.000000,0.000000,0.000000,0,0,0,0,0,0.000000,0.000000,0.000000
20260511_095428,2026-05-11 09:55:10,0,42.2000,0,1,105,100,5,1,20,20,364,255,74,18864.358617,-6025.764137,2964.972057,1700.010163,255.000000,34.618211,251.845000,-13.108475,770.513233,-950.304416,-7000.000000,-69.538000,0,35960,16603,18715,10,0.469967,0.529750,139.156967
20260511_095428,2026-05-11 09:55:20,1,9.4916,1,500,105,100,5,6,20,20,839,608,111,20923.096251,-9039.653654,3690.288733,2057.615456,254.000000,22.649071,155.600000,-8.232081,529.709264,-681.232409,-4500.000000,-38.512000,0,21344,9740,11143,17,0.466029,0.533158,132.689760
20260511_095428,2026-05-11 09:55:21,2,1.5456,1,500,105,100,5,0,20,20,455,348,67,18013.086426,-5236.304114,2614.736572,1663.559372,0.000000,0.000000,0.000000,0.000000,0.000000,0.000000,0.000000,0.000000,0,0,0,0,0,0.000000,0.000000,0.000000
20260511_095428,2026-05-11 09:55:23,3,1.4305,1,500,105,100,5,2,20,20,524,320,64,21197.484863,-4801.851369,3001.927734,1652.567490,0.000000,0.000000,0.000000,0.000000,0.000000,0.000000,0.000000,0.000000,0,0,0,0,0,0.000000,0.000000,0.000000
20260511_095428,2026-05-11 09:55:24,4,1.3553,1,500,105,100,5,1,20,20,346,227,76,20813.686035,-6318.664831,3125.793213,1883.536420,0.000000,0.000000,0.000000,0.000000,0.000000,0.000000,0.000000,0.000000,0,0,0,0,0,0.000000,0.000000,0.000000
20260511_095428,2026-05-11 09:55:26,5,1.3876,1,500,105,100,5,1,20,20,367,216,66,19682.646484,-5217.242630,2641.797119,1793.423718,0.000000,0.000000,0.000000,0.000000,0.000000,0.000000,0.000000,0.000000,0,0,0,0,0,0.000000,0.000000,0.000000
20260511_095428,2026-05-11 09:55:27,6,1.5907,1,500,105,100,5,4,20,20,634,361,62,25818.414062,-4484.624452,2750.396240,1747.078641,0.000000,0.000000,0.000000,0.000000,0.000000,0.000000,0.000000,0.000000,0,0,0,0,0,0.000000,0.000000,0.000000
20260511_095428,2026-05-11 09:55:29,7,1.4937,1,500,105,100,5,1,20,20,493,332,59,20185.001465,-4368.089289,2692.892090,1651.026477,0.000000,0.000000,0.000000,0.000000,0.000000,0.000000,0.000000,0.000000,0,0,0,0,0,0.000000,0.000000,0.000000
20260511_095428,2026-05-11 09:55:30,8,1.4218,1,500,105,100,5,6,20,20,553,439,67,18326.083496,-5060.107576,2883.518799,1836.950739,0.000000,0.000000,0.000000,0.000000,0.000000,0.000000,0.000000,0.000000,0,0,0,0,0,0.000000,0.000000,0.000000
20260511_095428,2026-05-11 09:55:32,9,1.4563,1,500,105,100,5,4,20,20,560,370,61,21253.691895,-4367.309003,2859.451172,1741.863766,0.000000,0.000000,0.000000,0.000000,0.000000,0.000000,0.000000,0.000000,0,0,0,0,0,0.000000,0.000000,0.000000
20260511_095428,2026-05-11 09:55:34,10,1.4598,1,500,105,100,5,6,20,20,588,406,67,20719.551758,-5000.095284,2876.795410,1864.241214,0.000000,0.000000,0.000000,0.000000,0.000000,0.000000,0.000000,0.000000,0,0,0,0,0,0.000000,0.000000,0.000000
20260511_095428,2026-05-11 09:55:35,11,1.5578,1,500,105,100,5,1,20,20,478,361,65,16095.791260,-4930.731112,3711.009033,1796.578519,0.000000,0.000000,0.000000,0.000000,0.000000,0.000000,0.000000,0.000000,0,0,0,0,0,0.000000,0.000000,0.000000
20260511_095428,2026-05-11 09:55:37,12,1.6699,1,500,105,100,5,18,20,20,989,696,45,21272.551758,-2290.769863,2569.623291,1567.770227,0.000000,0.000000,0.000000,0.000000,0.000000,0.000000,0.000000,0.000000,0,0,0,0,0,0.000000,0.000000,0.000000
20260511_095428,2026-05-11 09:55:39,13,1.5385,1,500,105,100,5,11,20,20,839,644,70,22915.474609,-4987.380548,3365.627930,1823.505310,0.000000,0.000000,0.000000,0.000000,0.000000,0.000000,0.000000,0.000000,0,0,0,0,0,0.000000,0.000000,0.000000
20260511_095428,2026-05-11 09:55:40,14,1.5359,1,500,105,100,5,10,20,20,834,661,60,19926.213379,-4043.615798,3518.289062,1663.431741,0.000000,0.000000,0.000000,0.000000,0.000000,0.000000,0.000000,0.000000,0,0,0,0,0,0.000000,0.000000,0.000000
20260511_095428,2026-05-11 09:55:42,15,1.6303,1,500,105,100,5,15,20,20,974,723,53,22590.019531,-3104.654212,2417.732422,1691.917889,0.000000,0.000000,0.000000,0.000000,0.000000,0.000000,0.000000,0.000000,0,0,0,0,0,0.000000,0.000000,0.000000
20260511_095428,2026-05-11 09:55:44,16,1.6727,1,500,105,100,5,18,20,20,974,793,51,21855.523438,-2841.474693,3849.396484,1570.038339,0.000000,0.000000,0.000000,0.000000,0.000000,0.000000,0.000000,0.000000,0,0,0,0,0,0.000000,0.000000,0.000000
20260511_095428,2026-05-11 09:55:45,17,1.5097,1,500,105,100,5,7,20,20,595,484,56,18228.598633,-3899.290526,2415.891357,1625.167819,0.000000,0.000000,0.000000,0.000000,0.000000,0.000000,0.000000,0.000000,0,0,0,0,0,0.000000,0.000000,0.000000
20260511_095428,2026-05-11 09:55:47,18,1.5397,1,500,105,100,5,5,20,20,698,628,69,6281.646484,-5056.482601,3246.501221,1798.151761,0.000000,0.000000,0.000000,0.000000,0.000000,0.000000,0.000000,0.000000,0,0,0,0,0,0.000000,0.000000,0.000000
20260511_095428,2026-05-11 09:55:49,19,1.4688,1,500,105,100,5,2,20,20,628,486,85,8820.293457,-6841.488232,3188.829346,1913.224420,0.000000,0.000000,0.000000,0.000000,0.000000,0.000000,0.000000,0.000000,0,0,0,0,0,0.000000,0.000000,0.000000
20260511_095428,2026-05-11 09:56:06,20,17.3104,1,500,105,100,5,15,20,20,974,853,119,5479.120775,-9552.985627,4110.407182,2310.252467,453.000000,36.469821,265.245000,-9.717773,674.383511,-817.789195,-5600.000000,-37.872000,0,27440,12824,13929,65,0.478186,0.519390,139.728703
20260511_095428,2026-05-11 09:56:08,21,1.6558,1,500,105,100,5,4,20,20,786,713,97,7246.076660,-7853.709554,3813.115967,2201.584674,0.000000,0.000000,0.000000,0.000000,0.000000,0.000000,0.000000,0.000000,0,0,0,0,0,0.000000,0.000000,0.000000
20260511_095428,2026-05-11 09:56:10,22,1.7143,1,500,105,100,5,15,20,20,1138,936,73,21247.034180,-4964.508105,2910.334717,1930.026471,0.000000,0.000000,0.000000,0.000000,0.000000,0.000000,0.000000,0.000000,0,0,0,0,0,0.000000,0.000000,0.000000
20260511_095428,2026-05-11 09:56:11,23,1.5266,1,500,105,100,5,2,20,20,516,435,72,16732.324463,-5649.589966,2748.159180,1885.511847,0.000000,0.000000,0.000000,0.000000,0.000000,0.000000,0.000000,0.000000,0,0,0,0,0,0.000000,0.000000,0.000000
20260511_095428,2026-05-11 09:56:13,24,1.4997,1,500,105,100,5,1,20,20,494,426,84,8743.939453,-6853.329900,3087.347412,1972.935303,0.000000,0.000000,0.000000,0.000000,0.000000,0.000000,0.000000,0.000000,0,0,0,0,0,0.000000,0.000000,0.000000
20260511_095428,2026-05-11 09:56:14,25,1.5164,1,500,105,100,5,4,20,20,497,429,79,5602.851562,-6328.880002,3064.558594,1960.255048,0.000000,0.000000,0.000000,0.000000,0.000000,0.000000,0.000000,0.000000,0,0,0,0,0,0.000000,0.000000,0.000000
20260511_095428,2026-05-11 09:56:16,26,1.5000,1,500,105,100,5,4,20,20,569,427,72,11012.576172,-5577.495034,3659.088623,1893.946130,0.000000,0.000000,0.000000,0.000000,0.000000,0.000000,0.000000,0.000000,0,0,0,0,0,0.000000,0.000000,0.000000
20260511_095428,2026-05-11 09:56:18,27,1.5214,1,500,105,100,5,3,20,20,550,447,69,18060.393066,-5223.926771,2687.543213,1875.591437,0.000000,0.000000,0.000000,0.000000,0.000000,0.000000,0.000000,0.000000,0,0,0,0,0,0.000000,0.000000,0.000000
20260511_095428,2026-05-11 09:56:19,28,1.4681,1,500,105,100,5,4,20,20,449,378,66,7168.718750,-5099.370773,3071.958496,1724.167831,0.000000,0.000000,0.000000,0.000000,0.000000,0.000000,0.000000,0.000000,0,0,0,0,0,0.000000,0.000000,0.000000
20260511_095428,2026-05-11 09:56:21,29,1.4348,1,500,105,100,5,3,20,20,576,414,73,9611.656738,-5595.018391,2643.481445,1848.165329,0.000000,0.000000,0.000000,0.000000,0.000000,0.000000,0.000000,0.000000,0,0,0,0,0,0.000000,0.000000,0.000000
20260511_095428,2026-05-11 09:56:23,30,1.5175,1,500,105,100,5,1,20,20,520,382,71,20734.000977,-5471.731433,3188.785156,1839.168607,0.000000,0.000000,0.000000,0.000000,0.000000,0.000000,0.000000,0.000000,0,0,0,0,0,0.000000,0.000000,0.000000
20260511_095428,2026-05-11 09:56:24,31,1.5305,1,500,105,100,5,1,20,20,399,327,72,13897.664978,-5750.403261,3063.654541,1842.638797,0.000000,0.000000,0.000000,0.000000,0.000000,0.000000,0.000000,0.000000,0,0,0,0,0,0.000000,0.000000,0.000000
20260511_095428,2026-05-11 09:56:26,32,1.6014,1,500,105,100,5,4,20,20,477,301,73,21204.444336,-5816.635609,3018.951172,1814.065680,0.000000,0.000000,0.000000,0.000000,0.000000,0.000000,0.000000,0.000000,0,0,0,0,0,0.000000,0.000000,0.000000
20260511_095428,2026-05-11 09:56:28,33,1.4747,1,500,105,100,5,6,20,20,559,455,50,18581.675781,-3312.556520,3068.947021,1581.275012,0.000000,0.000000,0.000000,0.000000,0.000000,0.000000,0.000000,0.000000,0,0,0,0,0,0.000000,0.000000,0.000000
20260511_095428,2026-05-11 09:56:29,34,1.4353,1,500,105,100,5,0,20,20,396,285,61,20005.387207,-4724.042097,3454.085938,1704.537024,0.000000,0.000000,0.000000,0.000000,0.000000,0.000000,0.000000,0.000000,0,0,0,0,0,0.000000,0.000000,0.000000
20260511_095428,2026-05-11 09:56:31,35,1.5430,1,500,105,100,5,6,20,20,580,460,69,8447.906250,-5249.353122,2878.507080,1895.424158,0.000000,0.000000,0.000000,0.000000,0.000000,0.000000,0.000000,0.000000,0,0,0,0,0,0.000000,0.000000,0.000000
20260511_095428,2026-05-11 09:56:32,36,1.4884,1,500,105,100,5,6,20,20,515,401,56,20846.283203,-3966.649420,2478.081787,1775.817902,0.000000,0.000000,0.000000,0.000000,0.000000,0.000000,0.000000,0.000000,0,0,0,0,0,0.000000,0.000000,0.000000
20260511_095428,2026-05-11 09:56:34,37,1.5056,1,500,105,100,5,2,20,20,481,413,81,17433.569336,-6584.707996,3080.271240,1978.375290,0.000000,0.000000,0.000000,0.000000,0.000000,0.000000,0.000000,0.000000,0,0,0,0,0,0.000000,0.000000,0.000000
20260511_095428,2026-05-11 09:56:36,38,1.4025,1,500,105,100,5,0,20,20,332,281,75,6556.924316,-6154.559467,2885.531982,1983.150775,0.000000,0.000000,0.000000,0.000000,0.000000,0.000000,0.000000,0.000000,0,0,0,0,0,0.000000,0.000000,0.000000
20260511_095428,2026-05-11 09:56:37,39,1.4388,1,500,105,100,5,1,20,20,388,272,73,19757.789062,-5863.995859,3100.752197,1970.781348,0.000000,0.000000,0.000000,0.000000,0.000000,0.000000,0.000000,0.000000,0,0,0,0,0,0.000000,0.000000,0.000000
20260511_095428,2026-05-11 09:56:39,40,1.5518,1,500,105,100,5,3,20,20,377,277,77,7211.484863,-6327.726108,3283.841309,1982.644354,0.000000,0.000000,0.000000,0.000000,0.000000,0.000000,0.000000,0.000000,0,0,0,0,0,0.000000,0.000000,0.000000
20260511_095428,2026-05-11 09:57:21,41,41.8076,0,1,105,100,5,0,20,20,290,224,59,13345.608422,-4656.028057,2791.925760,1737.679130,224.000000,35.158865,285.955000,-9.099295,529.378056,-731.969489,-5500.000000,-54.442000,0,23667,9991,12898,256,0.431670,0.557269,138.379512
20260518_090107,2026-05-18 09:01:10,0,3.5234,1,500,100,100,0,0,20,20,201,201,70,1437.433716,-6774.580792,2854.666992,1612.927722,0.000000,0.000000,0.000000,0.000000,0.000000,0.000000,0.000000,0.000000,0,0,0,0,0,0.000000,0.000000,0.000000
20260518_090107,2026-05-18 09:01:12,1,1.3280,1,500,101,100,1,0,20,20,160,160,67,1853.235718,-6425.440850,2782.779785,1619.611853,0.000000,0.000000,0.000000,0.000000,0.000000,0.000000,0.000000,0.000000,0,0,0,0,0,0.000000,0.000000,0.000000
20260518_090107,2026-05-18 09:01:14,2,2.1605,1,500,102,100,2,0,20,20,199,192,62,2355.683350,-5821.634347,2559.942139,1557.137372,0.000000,0.000000,0.000000,0.000000,0.000000,0.000000,0.000000,0.000000,0,0,0,0,0,0.000000,0.000000,0.000000
20260518_090107,2026-05-18 09:01:15,3,1.3721,1,500,103,100,3,0,20,20,235,230,72,1670.008789,-6689.314394,2922.943604,1647.399689,0.000000,0.000000,0.000000,0.000000,0.000000,0.000000,0.000000,0.000000,0,0,0,0,0,0.000000,0.000000,0.000000
20260518_090107,2026-05-18 09:01:17,4,1.4012,1,500,104,100,4,0,20,20,294,280,70,3835.471680,-6314.042699,2691.274414,1586.998196,0.000000,0.000000,0.000000,0.000000,0.000000,0.000000,0.000000,0.000000,0,0,0,0,0,0.000000,0.000000,0.000000
20260518_090107,2026-05-18 09:01:18,5,1.4836,1,500,105,100,5,0,20,20,282,257,68,4065.928589,-6061.738084,2253.768799,1569.888492,0.000000,0.000000,0.000000,0.000000,0.000000,0.000000,0.000000,0.000000,0,0,0,0,0,0.000000,0.000000,0.000000
20260518_090107,2026-05-18 09:01:20,6,1.4258,1,500,105,100,5,0,20,20,278,214,76,2187.894531,-6844.214558,3245.064697,1690.194305,0.000000,0.000000,0.000000,0.000000,0.000000,0.000000,0.000000,0.000000,0,0,0,0,0,0.000000,0.000000,0.000000
20260518_090107,2026-05-18 09:01:22,7,1.7503,1,500,105,100,5,0,20,20,244,214,69,2968.422546,-6206.152683,3253.563477,1659.654889,0.000000,0.000000,0.000000,0.000000,0.000000,0.000000,0.000000,0.000000,0,0,0,0,0,0.000000,0.000000,0.000000
20260518_090107,2026-05-18 09:01:24,8,1.7720,1,500,105,100,5,0,20,20,164,148,80,3765.587158,-7428.084616,3069.883545,1825.740857,0.000000,0.000000,0.000000,0.000000,0.000000,0.000000,0.000000,0.000000,0,0,0,0,0,0.000000,0.000000,0.000000
20260518_090107,2026-05-18 09:01:25,9,1.6779,1,500,105,100,5,1,20,20,235,217,76,3913.743896,-6885.314887,4276.079102,1832.991470,0.000000,0.000000,0.000000,0.000000,0.000000,0.000000,0.000000,0.000000,0,0,0,0,0,0.000000,0.000000,0.000000
20260518_090107,2026-05-18 09:01:27,10,1.3337,1,500,105,100,5,0,20,20,312,271,75,2778.517822,-6745.426085,3079.420654,1894.633820,0.000000,0.000000,0.000000,0.000000,0.000000,0.000000,0.000000,0.000000,0,0,0,0,0,0.000000,0.000000,0.000000
20260518_090107,2026-05-18 09:01:28,11,1.4040,1,500,105,100,5,1,20,20,327,276,81,6853.274902,-7212.253798,3499.130859,1933.423105,0.000000,0.000000,0.000000,0.000000,0.000000,0.000000,0.000000,0.000000,0,0,0,0,0,0.000000,0.000000,0.000000
20260518_090107,2026-05-18 09:01:30,12,1.5995,1,500,105,100,5,1,20,20,244,206,77,7562.324951,-6926.409057,3400.138672,1872.047504,0.000000,0.000000,0.000000,0.000000,0.000000,0.000000,0.000000,0.000000,0,0,0,0,0,0.000000,0.000000,0.000000
20260518_090107,2026-05-18 09:01:32,13,1.5262,1,500,105,100,5,2,20,20,234,200,83,6546.524658,-7586.889834,2475.555176,1965.785345,0.000000,0.000000,0.000000,0.000000,0.000000,0.000000,0.000000,0.000000,0,0,0,0,0,0.000000,0.000000,0.000000
20260518_090107,2026-05-18 09:01:33,14,1.5554,1,500,105,100,5,1,20,20,373,311,86,5569.833496,-7689.315988,3289.735352,2076.180646,0.000000,0.000000,0.000000,0.000000,0.000000,0.000000,0.000000,0.000000,0,0,0,0,0,0.000000,0.000000,0.000000
20260518_090107,2026-05-18 09:01:35,15,1.4553,1,500,105,100,5,3,20,20,394,386,69,4420.039032,-5973.592006,3484.539551,1931.152448,0.000000,0.000000,0.000000,0.000000,0.000000,0.000000,0.000000,0.000000,0,0,0,0,0,0.000000,0.000000,0.000000
20260518_090107,2026-05-18 09:01:36,16,1.5068,1,500,105,100,5,4,20,20,381,338,67,7466.870605,-5756.228645,3004.337646,1890.367773,0.000000,0.000000,0.000000,0.000000,0.000000,0.000000,0.000000,0.000000,0,0,0,0,0,0.000000,0.000000,0.000000
20260518_090107,2026-05-18 09:01:38,17,1.5614,1,500,105,100,5,3,20,20,384,342,74,7071.913574,-6489.582647,2960.079834,1843.455853,0.000000,0.000000,0.000000,0.000000,0.000000,0.000000,0.000000,0.000000,0,0,0,0,0,0.000000,0.000000,0.000000
20260518_090107,2026-05-18 09:01:40,18,1.8087,1,500,105,100,5,2,20,20,365,306,67,7281.802979,-5795.311687,2679.930420,1786.451111,0.000000,0.000000,0.000000,0.000000,0.000000,0.000000,0.000000,0.000000,0,0,0,0,0,0.000000,0.000000,0.000000
20260518_090107,2026-05-18 09:01:42,19,1.9297,1,500,105,100,5,4,20,20,382,341,70,3914.519287,-6023.494430,3090.389160,1891.968393,0.000000,0.000000,0.000000,0.000000,0.000000,0.000000,0.000000,0.000000,0,0,0,0,0,0.000000,0.000000,0.000000
20260518_090107,2026-05-18 09:01:44,20,1.5225,1,500,105,100,5,4,20,20,482,414,68,7854.728271,-5666.326698,3096.953857,1787.960699,0.000000,0.000000,0.000000,0.000000,0.000000,0.000000,0.000000,0.000000,0,0,0,0,0,0.000000,0.000000,0.000000
20260518_090107,2026-05-18 09:01:45,21,1.4651,1,500,105,100,5,4,20,20,532,449,77,7894.541504,-6499.644437,3297.601318,1950.921283,0.000000,0.000000,0.000000,0.000000,0.000000,0.000000,0.000000,0.000000,0,0,0,0,0,0.000000,0.000000,0.000000
20260518_090107,2026-05-18 09:01:47,22,1.4626,1,500,105,100,5,0,20,20,246,207,81,2491.473877,-7295.776698,3489.294434,2010.999719,0.000000,0.000000,0.000000,0.000000,0.000000,0.000000,0.000000,0.000000,0,0,0,0,0,0.000000,0.000000,0.000000
20260518_090107,2026-05-18 09:01:49,23,1.7453,1,500,105,100,5,0,20,20,232,214,67,5514.326538,-5919.953145,3088.941162,1813.747534,0.000000,0.000000,0.000000,0.000000,0.000000,0.000000,0.000000,0.000000,0,0,0,0,0,0.000000,0.000000,0.000000
20260518_090107,2026-05-18 09:01:51,24,1.6443,1,500,105,100,5,0,20,20,261,215,92,6385.489014,-8413.666436,3274.610840,2163.929376,0.000000,0.000000,0.000000,0.000000,0.000000,0.000000,0.000000,0.000000,0,0,0,0,0,0.000000,0.000000,0.000000
20260518_090107,2026-05-18 09:01:52,25,1.5078,1,500,105,100,5,0,20,20,234,198,82,1285.100952,-7464.999564,3071.741211,2018.364145,0.000000,0.000000,0.000000,0.000000,0.000000,0.000000,0.000000,0.000000,0,0,0,0,0,0.000000,0.000000,0.000000
20260518_090107,2026-05-18 09:01:54,26,1.5455,1,500,105,100,5,2,20,20,319,269,78,7751.662354,-6920.753140,2874.646729,1991.401166,0.000000,0.000000,0.000000,0.000000,0.000000,0.000000,0.000000,0.000000,0,0,0,0,0,0.000000,0.000000,0.000000
20260518_090107,2026-05-18 09:01:56,27,1.5866,1,500,105,100,5,0,20,20,308,253,76,4491.544220,-6789.397602,2669.117676,2005.424445,0.000000,0.000000,0.000000,0.000000,0.000000,0.000000,0.000000,0.000000,0,0,0,0,0,0.000000,0.000000,0.000000
20260518_090107,2026-05-18 09:01:58,28,1.8992,1,500,105,100,5,0,20,20,270,249,71,6301.870728,-6245.502627,3077.693604,1872.136673,0.000000,0.000000,0.000000,0.000000,0.000000,0.000000,0.000000,0.000000,0,0,0,0,0,0.000000,0.000000,0.000000
20260518_090107,2026-05-18 09:01:59,29,1.7699,1,500,105,100,5,1,20,20,280,243,67,3324.437256,-5830.897664,3087.781494,1816.671088,0.000000,0.000000,0.000000,0.000000,0.000000,0.000000,0.000000,0.000000,0,0,0,0,0,0.000000,0.000000,0.000000
20260518_090107,2026-05-18 09:02:01,30,1.5965,1,500,105,100,5,1,20,20,351,338,72,2086.874023,-6247.213849,3490.695312,1909.853925,0.000000,0.000000,0.000000,0.000000,0.000000,0.000000,0.000000,0.000000,0,0,0,0,0,0.000000,0.000000,0.000000
20260518_090107,2026-05-18 09:02:03,31,1.5005,1,500,105,100,5,1,20,20,347,290,64,7548.136230,-5449.518814,3266.291992,1852.817276,0.000000,0.000000,0.000000,0.000000,0.000000,0.000000,0.000000,0.000000,0,0,0,0,0,0.000000,0.000000,0.000000
20260518_090107,2026-05-18 09:02:04,32,1.5592,1,500,105,100,5,1,20,20,365,302,71,9114.052246,-6180.698527,3100.940430,1949.531610,0.000000,0.000000,0.000000,0.000000,0.000000,0.000000,0.000000,0.000000,0,0,0,0,0,0.000000,0.000000,0.000000
20260518_090107,2026-05-18 09:02:06,33,1.5293,1,500,105,100,5,0,20,20,215,198,66,6158.125366,-5856.590156,3070.508057,1920.218604,0.000000,0.000000,0.000000,0.000000,0.000000,0.000000,0.000000,0.000000,0,0,0,0,0,0.000000,0.000000,0.000000
20260518_090107,2026-05-18 09:02:08,34,1.6307,1,500,105,100,5,0,20,20,227,193,82,4748.570862,-7466.999910,3286.444336,2042.501489,0.000000,0.000000,0.000000,0.000000,0.000000,0.000000,0.000000,0.000000,0,0,0,0,0,0.000000,0.000000,0.000000
20260518_090107,2026-05-18 09:02:10,35,1.5614,1,500,105,100,5,1,20,20,294,245,64,8697.084717,-5550.666730,2688.993652,1825.654199,0.000000,0.000000,0.000000,0.000000,0.000000,0.000000,0.000000,0.000000,0,0,0,0,0,0.000000,0.000000,0.000000
20260518_090107,2026-05-18 09:02:11,36,1.4700,1,500,105,100,5,3,20,20,355,308,83,4296.983887,-7372.639973,3880.272705,2102.214197,0.000000,0.000000,0.000000,0.000000,0.000000,0.000000,0.000000,0.000000,0,0,0,0,0,0.000000,0.000000,0.000000
20260518_090107,2026-05-18 09:02:13,37,1.5249,1,500,105,100,5,1,20,20,375,320,92,4498.811584,-8237.813503,3679.366699,2193.344037,0.000000,0.000000,0.000000,0.000000,0.000000,0.000000,0.000000,0.000000,0,0,0,0,0,0.000000,0.000000,0.000000
20260518_090107,2026-05-18 09:02:15,38,1.9687,1,500,105,100,5,2,20,20,355,315,73,6156.839844,-6348.163013,3886.608887,1957.185693,0.000000,0.000000,0.000000,0.000000,0.000000,0.000000,0.000000,0.000000,0,0,0,0,0,0.000000,0.000000,0.000000
20260518_090107,2026-05-18 09:02:17,39,1.9055,1,500,105,100,5,2,20,20,389,380,83,4256.700256,-7377.676935,2882.838135,2071.088879,0.000000,0.000000,0.000000,0.000000,0.000000,0.000000,0.000000,0.000000,0,0,0,0,0,0.000000,0.000000,0.000000
20260518_090107,2026-05-18 09:02:19,40,1.6679,1,500,105,100,5,4,20,20,487,450,78,8428.862793,-6716.743596,3057.934082,1984.532205,0.000000,0.000000,0.000000,0.000000,0.000000,0.000000,0.000000,0.000000,0,0,0,0,0,0.000000,0.000000,0.000000
20260518_090107,2026-05-18 09:02:20,41,1.5270,1,500,105,100,5,2,20,20,403,360,65,7740.601074,-5504.324545,3082.871338,1808.501007,0.000000,0.000000,0.000000,0.000000,0.000000,0.000000,0.000000,0.000000,0,0,0,0,0,0.000000,0.000000,0.000000
20260518_090107,2026-05-18 09:02:22,42,1.5644,1,500,105,100,5,3,20,20,391,349,65,7478.004150,-5480.321286,3069.986084,1858.471509,0.000000,0.000000,0.000000,0.000000,0.000000,0.000000,0.000000,0.000000,0,0,0,0,0,0.000000,0.000000,0.000000
20260518_090107,2026-05-18 09:02:24,43,1.6129,1,500,105,100,5,0,20,20,334,308,69,5251.383240,-5933.885654,3475.673340,1911.568942,0.000000,0.000000,0.000000,0.000000,0.000000,0.000000,0.000000,0.000000,0,0,0,0,0,0.000000,0.000000,0.000000
20260518_090107,2026-05-18 09:02:26,44,1.6647,1,500,105,100,5,7,20,20,416,338,61,9367.850586,-4990.119749,3076.848145,1802.677606,0.000000,0.000000,0.000000,0.000000,0.000000,0.000000,0.000000,0.000000,0,0,0,0,0,0.000000,0.000000,0.000000
20260518_090107,2026-05-18 09:02:27,45,1.5773,1,500,105,100,5,1,20,20,332,305,85,6618.484375,-7618.198084,3509.566650,2031.953577,0.000000,0.000000,0.000000,0.000000,0.000000,0.000000,0.000000,0.000000,0,0,0,0,0,0.000000,0.000000,0.000000
20260518_090107,2026-05-18 09:02:29,46,1.4983,1,500,105,100,5,3,20,20,303,281,85,6535.551270,-7639.295564,3084.936035,2010.358322,0.000000,0.000000,0.000000,0.000000,0.000000,0.000000,0.000000,0.000000,0,0,0,0,0,0.000000,0.000000,0.000000
20260518_090107,2026-05-18 09:02:31,47,1.5401,1,500,105,100,5,2,20,20,367,328,77,7576.000244,-6752.107525,2878.741699,1993.975043,0.000000,0.000000,0.000000,0.000000,0.000000,0.000000,0.000000,0.000000,0,0,0,0,0,0.000000,0.000000,0.000000
20260518_090107,2026-05-18 09:02:32,48,1.6949,1,500,105,100,5,4,20,20,521,454,72,9005.240723,-6118.530101,3285.325684,1937.111841,0.000000,0.000000,0.000000,0.000000,0.000000,0.000000,0.000000,0.000000,0,0,0,0,0,0.000000,0.000000,0.000000
20260518_090107,2026-05-18 09:02:34,49,1.7308,1,500,105,100,5,5,20,20,483,426,81,8096.824707,-6967.543541,3291.789795,2062.721552,0.000000,0.000000,0.000000,0.000000,0.000000,0.000000,0.000000,0.000000,0,0,0,0,0,0.000000,0.000000,0.000000
20260518_090107,2026-05-18 09:02:36,50,1.8245,1,500,105,100,5,3,20,20,456,371,81,5562.397461,-7019.665212,3292.953613,2011.816531,0.000000,0.000000,0.000000,0.000000,0.000000,0.000000,0.000000,0.000000,0,0,0,0,0,0.000000,0.000000,0.000000
20260518_090107,2026-05-18 09:02:38,51,1.4880,1,500,105,100,5,4,20,20,419,389,71,7282.051758,-6055.929035,3461.811035,1932.155292,0.000000,0.000000,0.000000,0.000000,0.000000,0.000000,0.000000,0.000000,0,0,0,0,0,0.000000,0.000000,0.000000
20260518_090107,2026-05-18 09:02:39,52,1.4411,1,500,105,100,5,1,20,20,400,370,75,7620.478516,-6541.717736,3479.621094,1955.482581,0.000000,0.000000,0.000000,0.000000,0.000000,0.000000,0.000000,0.000000,0,0,0,0,0,0.000000,0.000000,0.000000
20260518_090107,2026-05-18 09:02:41,53,1.4283,1,500,105,100,5,1,20,20,437,425,69,6607.478027,-5829.765936,3080.608643,1821.132339,0.000000,0.000000,0.000000,0.000000,0.000000,0.000000,0.000000,0.000000,0,0,0,0,0,0.000000,0.000000,0.000000
20260518_090107,2026-05-18 09:02:43,54,1.6109,1,500,105,100,5,1,20,20,288,244,73,10071.870117,-6453.597377,3003.281006,1902.169498,0.000000,0.000000,0.000000,0.000000,0.000000,0.000000,0.000000,0.000000,0,0,0,0,0,0.000000,0.000000,0.000000
20260518_090107,2026-05-18 09:02:44,55,1.6822,1,500,105,100,5,0,20,20,332,313,72,7457.655640,-6204.891468,4276.458984,1913.272617,0.000000,0.000000,0.000000,0.000000,0.000000,0.000000,0.000000,0.000000,0,0,0,0,0,0.000000,0.000000,0.000000
20260518_090107,2026-05-18 09:02:46,56,1.5476,1,500,105,100,5,5,20,20,348,330,63,6397.991867,-5318.481350,2834.671875,1788.901740,0.000000,0.000000,0.000000,0.000000,0.000000,0.000000,0.000000,0.000000,0,0,0,0,0,0.000000,0.000000,0.000000
20260518_090107,2026-05-18 09:02:48,57,1.5066,1,500,105,100,5,2,20,20,405,370,81,7992.178711,-7060.370705,3079.495850,2033.808759,0.000000,0.000000,0.000000,0.000000,0.000000,0.000000,0.000000,0.000000,0,0,0,0,0,0.000000,0.000000,0.000000
20260518_090107,2026-05-18 09:02:50,58,1.7774,1,500,105,100,5,1,20,20,366,321,84,3323.829834,-7357.175583,2878.713135,2063.499414,0.000000,0.000000,0.000000,0.000000,0.000000,0.000000,0.000000,0.000000,0,0,0,0,0,0.000000,0.000000,0.000000
20260518_090107,2026-05-18 09:02:52,59,1.7683,1,500,105,100,5,5,20,20,463,439,59,5659.834961,-4785.578627,2889.601318,1835.398386,0.000000,0.000000,0.000000,0.000000,0.000000,0.000000,0.000000,0.000000,0,0,0,0,0,0.000000,0.000000,0.000000
20260518_090107,2026-05-18 09:02:53,60,1.6438,1,500,105,100,5,6,20,20,515,473,67,9692.041504,-5447.774325,3709.914307,1892.830435,0.000000,0.000000,0.000000,0.000000,0.000000,0.000000,0.000000,0.000000,0,0,0,0,0,0.000000,0.000000,0.000000
20260518_090107,2026-05-18 09:02:55,61,1.6468,1,500,105,100,5,3,20,20,542,475,75,5971.907471,-6218.593541,2880.592529,2000.677411,0.000000,0.000000,0.000000,0.000000,0.000000,0.000000,0.000000,0.000000,0,0,0,0,0,0.000000,0.000000,0.000000
20260518_090107,2026-05-18 09:02:57,62,1.5064,1,500,105,100,5,3,20,20,420,385,73,8168.261719,-6239.864864,4059.169922,1958.753989,0.000000,0.000000,0.000000,0.000000,0.000000,0.000000,0.000000,0.000000,0,0,0,0,0,0.000000,0.000000,0.000000
20260518_090107,2026-05-18 09:02:59,63,1.6691,1,500,105,100,5,1,20,20,367,336,80,5974.316528,-6987.021893,4474.457520,1997.452133,0.000000,0.000000,0.000000,0.000000,0.000000,0.000000,0.000000,0.000000,0,0,0,0,0,0.000000,0.000000,0.000000
20260518_090107,2026-05-18 09:03:00,64,1.7102,1,500,105,100,5,1,20,20,305,286,82,3263.280762,-7291.155703,4896.840332,2060.955792,0.000000,0.000000,0.000000,0.000000,0.000000,0.000000,0.000000,0.000000,0,0,0,0,0,0.000000,0.000000,0.000000
20260518_090107,2026-05-18 09:03:02,65,1.6443,1,500,105,100,5,7,20,20,488,408,73,9258.387695,-6164.229404,3072.752441,1960.343231,0.000000,0.000000,0.000000,0.000000,0.000000,0.000000,0.000000,0.000000,0,0,0,0,0,0.000000,0.000000,0.000000
20260518_090107,2026-05-18 09:03:04,66,1.5069,1,500,105,100,5,4,20,20,482,378,71,9458.146973,-5918.172108,3485.126953,1935.824500,0.000000,0.000000,0.000000,0.000000,0.000000,0.000000,0.000000,0.000000,0,0,0,0,0,0.000000,0.000000,0.000000
20260518_090107,2026-05-18 09:03:06,67,1.6395,1,500,105,100,5,8,20,20,466,418,60,8511.148438,-4860.015194,2876.090332,1831.607202,0.000000,0.000000,0.000000,0.000000,0.000000,0.000000,0.000000,0.000000,0,0,0,0,0,0.000000,0.000000,0.000000
20260518_090107,2026-05-18 09:03:08,68,1.7976,1,500,105,100,5,2,20,20,318,293,50,8103.698242,-4009.741479,3407.470459,1709.956024,0.000000,0.000000,0.000000,0.000000,0.000000,0.000000,0.000000,0.000000,0,0,0,0,0,0.000000,0.000000,0.000000
20260518_090107,2026-05-18 09:03:09,69,1.7950,1,500,105,100,5,2,20,20,376,321,73,5903.129517,-6267.771770,3581.648926,1911.730389,0.000000,0.000000,0.000000,0.000000,0.000000,0.000000,0.000000,0.000000,0,0,0,0,0,0.000000,0.000000,0.000000
20260518_090107,2026-05-18 09:03:11,70,1.4861,1,500,105,100,5,2,20,20,392,317,80,9826.073242,-6953.299250,3092.473145,1972.454572,0.000000,0.000000,0.000000,0.000000,0.000000,0.000000,0.000000,0.000000,0,0,0,0,0,0.000000,0.000000,0.000000
20260518_090107,2026-05-18 09:03:13,71,1.4593,1,500,105,100,5,2,20,20,323,245,66,5883.192810,-5617.319797,3486.659912,1862.126190,0.000000,0.000000,0.000000,0.000000,0.000000,0.000000,0.000000,0.000000,0,0,0,0,0,0.000000,0.000000,0.000000
20260518_090107,2026-05-18 09:03:14,72,1.5095,1,500,105,100,5,5,20,20,472,417,78,8918.470459,-6667.093124,2824.942383,1974.723865,0.000000,0.000000,0.000000,0.000000,0.000000,0.000000,0.000000,0.000000,0,0,0,0,0,0.000000,0.000000,0.000000
20260518_090107,2026-05-18 09:03:16,73,1.5619,1,500,105,100,5,6,20,20,395,349,57,6713.120728,-4596.329779,2882.825195,1780.385910,0.000000,0.000000,0.000000,0.000000,0.000000,0.000000,0.000000,0.000000,0,0,0,0,0,0.000000,0.000000,0.000000
20260518_090107,2026-05-18 09:03:18,74,1.4582,1,500,105,100,5,2,20,20,393,304,56,9786.086670,-4490.855134,2810.962402,1690.124841,0.000000,0.000000,0.000000,0.000000,0.000000,0.000000,0.000000,0.000000,0,0,0,0,0,0.000000,0.000000,0.000000
20260518_090107,2026-05-18 09:03:19,75,1.4684,1,500,105,100,5,6,20,20,424,354,68,9803.293945,-5652.226843,2899.317871,1845.917892,0.000000,0.000000,0.000000,0.000000,0.000000,0.000000,0.000000,0.000000,0,0,0,0,0,0.000000,0.000000,0.000000
20260518_090107,2026-05-18 09:03:21,76,1.5517,1,500,105,100,5,4,20,20,445,395,67,9315.286621,-5537.026572,2889.989502,1946.304346,0.000000,0.000000,0.000000,0.000000,0.000000,0.000000,0.000000,0.000000,0,0,0,0,0,0.000000,0.000000,0.000000
20260518_090107,2026-05-18 09:03:23,77,1.5641,1,500,105,100,5,5,20,20,459,414,66,9335.635742,-5416.936402,2874.747803,1931.680524,0.000000,0.000000,0.000000,0.000000,0.000000,0.000000,0.000000,0.000000,0,0,0,0,0,0.000000,0.000000,0.000000
20260518_090107,2026-05-18 09:03:25,78,1.8741,1,500,105,100,5,5,20,20,479,431,69,9831.279785,-5693.298653,2681.527588,1932.972922,0.000000,0.000000,0.000000,0.000000,0.000000,0.000000,0.000000,0.000000,0,0,0,0,0,0.000000,0.000000,0.000000
20260518_090107,2026-05-18 09:03:27,79,1.7119,1,500,105,100,5,3,20,20,367,316,56,7365.816895,-4494.257411,3048.353271,1813.590424,0.000000,0.000000,0.000000,0.000000,0.000000,0.000000,0.000000,0.000000,0,0,0,0,0,0.000000,0.000000,0.000000
20260518_090107,2026-05-18 09:03:28,80,1.6199,1,500,105,100,5,7,20,20,474,367,55,11282.378906,-4327.409987,2691.265869,1746.076538,0.000000,0.000000,0.000000,0.000000,0.000000,0.000000,0.000000,0.000000,0,0,0,0,0,0.000000,0.000000,0.000000
20260518_090107,2026-05-18 09:03:30,81,1.4920,1,500,105,100,5,5,20,20,385,310,67,9146.079834,-5618.734598,2699.727539,1916.939197,0.000000,0.000000,0.000000,0.000000,0.000000,0.000000,0.000000,0.000000,0,0,0,0,0,0.000000,0.000000,0.000000
20260518_090107,2026-05-18 09:03:32,82,1.5363,1,500,105,100,5,1,20,20,368,321,44,8461.825928,-3315.066520,2680.426514,1620.417142,0.000000,0.000000,0.000000,0.000000,0.000000,0.000000,0.000000,0.000000,0,0,0,0,0,0.000000,0.000000,0.000000
20260518_090107,2026-05-18 09:03:33,83,1.6215,1,500,105,100,5,7,20,20,416,365,54,8667.736328,-4195.757502,3278.250732,1769.705743,0.000000,0.000000,0.000000,0.000000,0.000000,0.000000,0.000000,0.000000,0,0,0,0,0,0.000000,0.000000,0.000000
20260518_090107,2026-05-18 09:03:35,84,1.5836,1,500,105,100,5,11,20,20,696,648,63,9061.548340,-4775.460869,3900.884033,1831.323636,0.000000,0.000000,0.000000,0.000000,0.000000,0.000000,0.000000,0.000000,0,0,0,0,0,0.000000,0.000000,0.000000
20260518_090107,2026-05-18 09:03:37,85,1.7285,1,500,105,100,5,8,20,20,615,596,60,5243.377441,-4612.362213,3688.044189,1853.008929,0.000000,0.000000,0.000000,0.000000,0.000000,0.000000,0.000000,0.000000,0,0,0,0,0,0.000000,0.000000,0.000000
20260518_090107,2026-05-18 09:03:39,86,1.5528,1,500,105,100,5,2,20,20,468,436,56,9297.665771,-4335.992640,2871.389160,1828.742407,0.000000,0.000000,0.000000,0.000000,0.000000,0.000000,0.000000,0.000000,0,0,0,0,0,0.000000,0.000000,0.000000
20260518_090107,2026-05-18 09:03:41,87,1.8592,1,500,105,100,5,8,20,20,594,550,56,8266.550293,-4207.538364,3287.047607,1822.916162,0.000000,0.000000,0.000000,0.000000,0.000000,0.000000,0.000000,0.000000,0,0,0,0,0,0.000000,0.000000,0.000000
20260518_090107,2026-05-18 09:03:43,88,1.9418,1,500,105,100,5,9,20,20,528,483,61,8597.579346,-4803.552480,3675.014648,1844.295782,0.000000,0.000000,0.000000,0.000000,0.000000,0.000000,0.000000,0.000000,0,0,0,0,0,0.000000,0.000000,0.000000
20260518_090107,2026-05-18 09:03:45,89,1.9677,1,500,105,100,5,15,20,20,617,530,58,10322.358887,-4355.581501,3319.227051,1846.704523,0.000000,0.000000,0.000000,0.000000,0.000000,0.000000,0.000000,0.000000,0,0,0,0,0,0.000000,0.000000,0.000000
20260518_090107,2026-05-18 09:03:47,90,1.4951,1,500,105,100,5,2,20,20,397,352,54,7933.148804,-4251.758578,2679.229736,1777.887161,0.000000,0.000000,0.000000,0.000000,0.000000,0.000000,0.000000,0.000000,0,0,0,0,0,0.000000,0.000000,0.000000
20260518_090107,2026-05-18 09:03:48,91,1.5170,1,500,105,100,5,6,20,20,511,477,70,8818.971680,-5724.753536,2700.372314,1917.934656,0.000000,0.000000,0.000000,0.000000,0.000000,0.000000,0.000000,0.000000,0,0,0,0,0,0.000000,0.000000,0.000000
20260518_090107,2026-05-18 09:03:50,92,1.6889,1,500,105,100,5,5,20,20,483,431,61,10102.854492,-4857.704621,2871.685791,1848.209787,0.000000,0.000000,0.000000,0.000000,0.000000,0.000000,0.000000,0.000000,0,0,0,0,0,0.000000,0.000000,0.000000
20260518_090107,2026-05-18 09:03:52,93,1.7401,1,500,105,100,5,3,20,20,424,372,54,10582.252930,-4145.876062,3491.083984,1817.587421,0.000000,0.000000,0.000000,0.000000,0.000000,0.000000,0.000000,0.000000,0,0,0,0,0,0.000000,0.000000,0.000000
20260518_090107,2026-05-18 09:03:54,94,1.4000,1,500,105,100,5,1,20,20,240,202,46,9123.373779,-3634.602550,2472.037109,1704.183136,0.000000,0.000000,0.000000,0.000000,0.000000,0.000000,0.000000,0.000000,0,0,0,0,0,0.000000,0.000000,0.000000
20260518_090107,2026-05-18 09:03:55,95,1.5474,1,500,105,100,5,4,20,20,392,317,50,9147.920898,-3820.302662,2682.884521,1698.942914,0.000000,0.000000,0.000000,0.000000,0.000000,0.000000,0.000000,0.000000,0,0,0,0,0,0.000000,0.000000,0.000000
20260518_090107,2026-05-18 09:03:57,96,1.4391,1,500,105,100,5,1,20,20,295,266,54,7639.999756,-4365.018654,3082.432617,1729.659625,0.000000,0.000000,0.000000,0.000000,0.000000,0.000000,0.000000,0.000000,0,0,0,0,0,0.000000,0.000000,0.000000
20260518_090107,2026-05-18 09:03:59,97,1.5371,1,500,105,100,5,1,20,20,286,255,53,7909.429688,-4288.060462,3066.528320,1776.757266,0.000000,0.000000,0.000000,0.000000,0.000000,0.000000,0.000000,0.000000,0,0,0,0,0,0.000000,0.000000,0.000000
20260518_090107,2026-05-18 09:04:00,98,1.6429,1,500,105,100,5,1,20,20,353,327,53,8065.436035,-4158.468368,2589.850098,1751.909570,0.000000,0.000000,0.000000,0.000000,0.000000,0.000000,0.000000,0.000000,0,0,0,0,0,0.000000,0.000000,0.000000
20260518_090107,2026-05-18 09:04:02,99,1.6104,1,500,105,100,5,2,20,20,261,254,48,6477.108398,-3818.195265,2717.098633,1636.033063,0.000000,0.000000,0.000000,0.000000,0.000000,0.000000,0.000000,0.000000,0,0,0,0,0,0.000000,0.000000,0.000000
20260518_090107,2026-05-18 09:04:04,100,1.4523,1,500,105,100,5,2,20,20,332,255,68,10847.443848,-5735.500400,2810.650391,1855.405890,0.000000,0.000000,0.000000,0.000000,0.000000,0.000000,0.000000,0.000000,0,0,0,0,0,0.000000,0.000000,0.000000
20260518_090107,2026-05-18 09:04:05,101,1.3564,1,500,105,100,5,0,20,20,297,259,38,8654.303345,-2831.220539,2082.690918,1453.719620,0.000000,0.000000,0.000000,0.000000,0.000000,0.000000,0.000000,0.000000,0,0,0,0,0,0.000000,0.000000,0.000000
20260518_090107,2026-05-18 09:04:07,102,1.5255,1,500,105,100,5,1,20,20,286,239,46,8087.395630,-3538.840653,2550.204102,1689.809680,0.000000,0.000000,0.000000,0.000000,0.000000,0.000000,0.000000,0.000000,0,0,0,0,0,0.000000,0.000000,0.000000
20260518_090107,2026-05-18 09:04:09,103,1.5862,1,500,105,100,5,0,20,20,260,237,57,7576.641602,-4735.917120,3266.863037,1777.926547,0.000000,0.000000,0.000000,0.000000,0.000000,0.000000,0.000000,0.000000,0,0,0,0,0,0.000000,0.000000,0.000000
20260518_090107,2026-05-18 09:04:10,104,1.4934,1,500,105,100,5,1,20,20,290,263,48,8124.269775,-3764.634454,2891.687256,1568.600244,0.000000,0.000000,0.000000,0.000000,0.000000,0.000000,0.000000,0.000000,0,0,0,0,0,0.000000,0.000000,0.000000
20260518_090107,2026-05-18 09:04:12,105,1.4664,1,500,105,100,5,1,20,20,252,223,52,8251.655762,-4272.234303,2690.102783,1609.979205,0.000000,0.000000,0.000000,0.000000,0.000000,0.000000,0.000000,0.000000,0,0,0,0,0,0.000000,0.000000,0.000000
20260518_090107,2026-05-18 09:04:14,106,1.5249,1,500,105,100,5,2,20,20,293,250,59,8422.859131,-4891.648001,2261.813721,1732.355899,0.000000,0.000000,0.000000,0.000000,0.000000,0.000000,0.000000,0.000000,0,0,0,0,0,0.000000,0.000000,0.000000
20260518_090107,2026-05-18 09:04:15,107,1.5287,1,500,105,100,5,0,20,20,268,235,48,5960.698456,-3862.189429,3089.271729,1643.536292,0.000000,0.000000,0.000000,0.000000,0.000000,0.000000,0.000000,0.000000,0,0,0,0,0,0.000000,0.000000,0.000000
20260518_090107,2026-05-18 09:04:18,108,2.0680,1,500,105,100,5,4,20,20,405,349,71,10149.411621,-5967.096262,3047.086670,1963.986627,0.000000,0.000000,0.000000,0.000000,0.000000,0.000000,0.000000,0.000000,0,0,0,0,0,0.000000,0.000000,0.000000
20260518_090107,2026-05-18 09:04:20,109,1.7943,1,500,105,100,5,1,20,20,289,263,71,8029.240479,-6126.497921,3477.401855,1935.142593,0.000000,0.000000,0.000000,0.000000,0.000000,0.000000,0.000000,0.000000,0,0,0,0,0,0.000000,0.000000,0.000000
20260518_090107,2026-05-18 09:04:21,110,1.5186,1,500,105,100,5,1,20,20,259,207,94,3542.798584,-8480.027189,3286.156494,2180.728186,0.000000,0.000000,0.000000,0.000000,0.000000,0.000000,0.000000,0.000000,0,0,0,0,0,0.000000,0.000000,0.000000
20260518_090107,2026-05-18 09:04:23,111,1.4933,1,500,105,100,5,1,20,20,301,274,61,7284.071228,-5121.134124,3080.371826,1834.516086,0.000000,0.000000,0.000000,0.000000,0.000000,0.000000,0.000000,0.000000,0,0,0,0,0,0.000000,0.000000,0.000000
20260518_090107,2026-05-18 09:04:25,112,1.5323,1,500,105,100,5,1,20,20,291,260,72,7983.758057,-6200.127969,3282.163330,1936.572897,0.000000,0.000000,0.000000,0.000000,0.000000,0.000000,0.000000,0.000000,0,0,0,0,0,0.000000,0.000000,0.000000
20260518_090107,2026-05-18 09:04:27,113,1.6531,1,500,105,100,5,2,20,20,258,191,59,8440.517822,-4917.767067,2876.600830,1821.791000,0.000000,0.000000,0.000000,0.000000,0.000000,0.000000,0.000000,0.000000,0,0,0,0,0,0.000000,0.000000,0.000000
20260518_090107,2026-05-18 09:04:28,114,1.7171,1,500,105,100,5,6,20,20,355,296,62,9329.140625,-5078.688019,2886.097656,1864.483780,0.000000,0.000000,0.000000,0.000000,0.000000,0.000000,0.000000,0.000000,0,0,0,0,0,0.000000,0.000000,0.000000
20260518_090107,2026-05-18 09:04:30,115,1.5315,1,500,105,100,5,3,20,20,402,348,61,9855.031982,-5025.006324,2893.005371,1825.048386,0.000000,0.000000,0.000000,0.000000,0.000000,0.000000,0.000000,0.000000,0,0,0,0,0,0.000000,0.000000,0.000000
20260518_090107,2026-05-18 09:04:32,116,1.5577,1,500,105,100,5,6,20,20,422,289,69,10656.140137,-5768.801234,3085.332520,1885.015894,0.000000,0.000000,0.000000,0.000000,0.000000,0.000000,0.000000,0.000000,0,0,0,0,0,0.000000,0.000000,0.000000
20260518_090107,2026-05-18 09:04:34,117,1.8914,1,500,105,100,5,2,20,20,277,242,63,9492.267334,-5323.347852,3056.446777,1833.860187,0.000000,0.000000,0.000000,0.000000,0.000000,0.000000,0.000000,0.000000,0,0,0,0,0,0.000000,0.000000,0.000000
20260518_090107,2026-05-18 09:04:36,118,1.9147,1,500,105,100,5,0,20,20,213,183,70,6880.234497,-6180.431063,2877.757080,1907.817026,0.000000,0.000000,0.000000,0.000000,0.000000,0.000000,0.000000,0.000000,0,0,0,0,0,0.000000,0.000000,0.000000
20260518_090107,2026-05-18 09:04:38,119,1.6843,1,500,105,100,5,5,20,20,296,212,59,10343.297852,-4894.194821,3067.598145,1839.109283,0.000000,0.000000,0.000000,0.000000,0.000000,0.000000,0.000000,0.000000,0,0,0,0,0,0.000000,0.000000,0.000000
20260518_090107,2026-05-18 09:04:40,120,1.5198,1,500,105,100,5,2,20,20,317,233,62,10273.468018,-5147.567832,2481.416992,1845.459662,0.000000,0.000000,0.000000,0.000000,0.000000,0.000000,0.000000,0.000000,0,0,0,0,0,0.000000,0.000000,0.000000
20260518_090107,2026-05-18 09:04:41,121,1.6197,1,500,105,100,5,10,20,20,588,487,58,10454.090332,-4322.920742,2666.158936,1854.757379,0.000000,0.000000,0.000000,0.000000,0.000000,0.000000,0.000000,0.000000,0,0,0,0,0,0.000000,0.000000,0.000000
20260518_090107,2026-05-18 09:04:43,122,1.7848,1,500,105,100,5,5,20,20,423,356,50,12266.575684,-3776.341810,2690.715820,1765.598694,0.000000,0.000000,0.000000,0.000000,0.000000,0.000000,0.000000,0.000000,0,0,0,0,0,0.000000,0.000000,0.000000
20260518_090107,2026-05-18 09:04:45,123,1.8148,1,500,105,100,5,5,20,20,429,328,49,9670.144531,-3689.533176,2285.317383,1764.754474,0.000000,0.000000,0.000000,0.000000,0.000000,0.000000,0.000000,0.000000,0,0,0,0,0,0.000000,0.000000,0.000000
20260518_090107,2026-05-18 09:04:47,124,1.4443,1,500,105,100,5,5,20,20,404,364,72,7866.461792,-6079.971144,3094.455566,1962.938324,0.000000,0.000000,0.000000,0.000000,0.000000,0.000000,0.000000,0.000000,0,0,0,0,0,0.000000,0.000000,0.000000
20260518_090107,2026-05-18 09:04:49,125,1.6073,1,500,105,100,5,4,20,20,391,340,65,7848.960693,-5362.161599,3273.925537,1861.526044,0.000000,0.000000,0.000000,0.000000,0.000000,0.000000,0.000000,0.000000,0,0,0,0,0,0.000000,0.000000,0.000000
20260518_090107,2026-05-18 09:04:51,126,1.7244,1,500,105,100,5,5,20,20,472,327,78,11243.472168,-6614.099572,5296.215332,2045.033130,0.000000,0.000000,0.000000,0.000000,0.000000,0.000000,0.000000,0.000000,0,0,0,0,0,0.000000,0.000000,0.000000
20260518_090107,2026-05-18 09:04:53,127,2.0224,1,500,105,100,5,1,20,20,369,288,63,9803.065674,-5163.009153,3251.495117,1820.508704,0.000000,0.000000,0.000000,0.000000,0.000000,0.000000,0.000000,0.000000,0,0,0,0,0,0.000000,0.000000,0.000000
20260518_090107,2026-05-18 09:04:55,128,1.5513,1,500,105,100,5,0,20,20,406,333,79,7757.788574,-6812.474670,4880.997559,2061.027893,0.000000,0.000000,0.000000,0.000000,0.000000,0.000000,0.000000,0.000000,0,0,0,0,0,0.000000,0.000000,0.000000
20260518_090107,2026-05-18 09:04:56,129,1.4685,1,500,105,100,5,3,20,20,374,337,69,8775.406006,-5794.555696,3490.370605,1905.780652,0.000000,0.000000,0.000000,0.000000,0.000000,0.000000,0.000000,0.000000,0,0,0,0,0,0.000000,0.000000,0.000000
20260518_090107,2026-05-18 09:04:58,130,1.5167,1,500,105,100,5,3,20,20,325,267,71,9663.643799,-6107.801174,5277.251953,1950.481714,0.000000,0.000000,0.000000,0.000000,0.000000,0.000000,0.000000,0.000000,0,0,0,0,0,0.000000,0.000000,0.000000
20260518_090107,2026-05-18 09:05:00,131,1.4677,1,500,105,100,5,1,20,20,225,195,54,9051.063232,-4465.424446,2675.734131,1792.846606,0.000000,0.000000,0.000000,0.000000,0.000000,0.000000,0.000000,0.000000,0,0,0,0,0,0.000000,0.000000,0.000000
20260518_090107,2026-05-18 09:05:02,132,1.4895,1,500,105,100,5,2,20,20,274,221,66,9973.128906,-5613.401558,3081.404053,1930.518768,0.000000,0.000000,0.000000,0.000000,0.000000,0.000000,0.000000,0.000000,0,0,0,0,0,0.000000,0.000000,0.000000
20260518_090107,2026-05-18 09:05:03,133,1.6337,1,500,105,100,5,4,20,20,380,291,63,10276.480469,-5171.106086,3083.093018,1880.382983,0.000000,0.000000,0.000000,0.000000,0.000000,0.000000,0.000000,0.000000,0,0,0,0,0,0.000000,0.000000,0.000000
20260518_090107,2026-05-18 09:05:05,134,1.5896,1,500,105,100,5,0,20,20,208,163,57,8425.927490,-4847.215223,2883.610352,1773.180847,0.000000,0.000000,0.000000,0.000000,0.000000,0.000000,0.000000,0.000000,0,0,0,0,0,0.000000,0.000000,0.000000
20260518_090107,2026-05-18 09:05:07,135,1.4954,1,500,105,100,5,2,20,20,302,241,64,9987.900879,-5385.332509,3103.814209,1870.714859,0.000000,0.000000,0.000000,0.000000,0.000000,0.000000,0.000000,0.000000,0,0,0,0,0,0.000000,0.000000,0.000000
20260518_090107,2026-05-18 09:05:09,136,1.9400,1,500,105,100,5,3,20,20,312,263,51,10369.024902,-4058.756012,2878.919434,1723.296451,0.000000,0.000000,0.000000,0.000000,0.000000,0.000000,0.000000,0.000000,0,0,0,0,0,0.000000,0.000000,0.000000
20260518_090107,2026-05-18 09:05:11,137,1.8742,1,500,105,100,5,2,20,20,282,246,76,4098.663086,-6646.954824,4082.631104,1992.773798,0.000000,0.000000,0.000000,0.000000,0.000000,0.000000,0.000000,0.000000,0,0,0,0,0,0.000000,0.000000,0.000000
20260518_090107,2026-05-18 09:05:13,138,1.6335,1,500,105,100,5,0,20,20,235,211,54,8160.762939,-4476.896435,2694.805176,1721.082675,0.000000,0.000000,0.000000,0.000000,0.000000,0.000000,0.000000,0.000000,0,0,0,0,0,0.000000,0.000000,0.000000
20260518_090107,2026-05-18 09:05:15,139,1.4594,1,500,105,100,5,0,20,20,287,207,74,10149.036621,-6373.830850,3702.741943,1948.015997,0.000000,0.000000,0.000000,0.000000,0.000000,0.000000,0.000000,0.000000,0,0,0,0,0,0.000000,0.000000,0.000000
20260518_090107,2026-05-18 09:05:16,140,1.4374,1,500,105,100,5,1,20,20,191,143,67,10017.329102,-5886.319192,3678.116699,1834.569138,0.000000,0.000000,0.000000,0.000000,0.000000,0.000000,0.000000,0.000000,0,0,0,0,0,0.000000,0.000000,0.000000
20260518_090107,2026-05-18 09:05:18,141,1.5626,1,500,105,100,5,3,20,20,297,219,67,10037.822754,-5719.163532,3692.810547,1905.090753,0.000000,0.000000,0.000000,0.000000,0.000000,0.000000,0.000000,0.000000,0,0,0,0,0,0.000000,0.000000,0.000000
20260518_090107,2026-05-18 09:05:20,142,1.4761,1,500,105,100,5,2,20,20,314,223,59,10751.975586,-4921.649556,2480.958496,1759.006442,0.000000,0.000000,0.000000,0.000000,0.000000,0.000000,0.000000,0.000000,0,0,0,0,0,0.000000,0.000000,0.000000
20260518_090107,2026-05-18 09:05:21,143,1.4800,1,500,105,100,5,3,20,20,297,208,53,9962.019043,-4279.765407,2673.684570,1758.593649,0.000000,0.000000,0.000000,0.000000,0.000000,0.000000,0.000000,0.000000,0,0,0,0,0,0.000000,0.000000,0.000000
20260518_090107,2026-05-18 09:05:23,144,1.4931,1,500,105,100,5,1,20,20,307,253,63,8532.714600,-5251.487069,2891.693115,1901.375171,0.000000,0.000000,0.000000,0.000000,0.000000,0.000000,0.000000,0.000000,0,0,0,0,0,0.000000,0.000000,0.000000
20260518_090107,2026-05-18 09:05:25,145,1.6588,1,500,105,100,5,2,20,20,311,252,56,10086.927490,-4521.869904,2674.833984,1796.266187,0.000000,0.000000,0.000000,0.000000,0.000000,0.000000,0.000000,0.000000,0,0,0,0,0,0.000000,0.000000,0.000000
20260518_090107,2026-05-18 09:05:27,146,1.8542,1,500,105,100,5,2,20,20,361,235,67,12928.249512,-5630.760485,3276.440674,1937.172540,0.000000,0.000000,0.000000,0.000000,0.000000,0.000000,0.000000,0.000000,0,0,0,0,0,0.000000,0.000000,0.000000
20260518_090107,2026-05-18 09:05:29,147,1.9570,1,500,105,100,5,2,20,20,260,202,67,9746.982666,-5780.551830,2689.333984,1871.792435,0.000000,0.000000,0.000000,0.000000,0.000000,0.000000,0.000000,0.000000,0,0,0,0,0,0.000000,0.000000,0.000000
20260518_090107,2026-05-18 09:05:31,148,1.5094,1,500,105,100,5,2,20,20,304,236,59,7063.531738,-4920.703471,2697.456543,1836.072699,0.000000,0.000000,0.000000,0.000000,0.000000,0.000000,0.000000,0.000000,0,0,0,0,0,0.000000,0.000000,0.000000
20260518_090107,2026-05-18 09:05:33,149,1.5243,1,500,105,100,5,0,20,20,194,163,52,7634.228271,-4353.300032,2686.609619,1732.915765,0.000000,0.000000,0.000000,0.000000,0.000000,0.000000,0.000000,0.000000,0,0,0,0,0,0.000000,0.000000,0.000000
20260518_090107,2026-05-18 09:05:35,150,1.5016,1,500,105,100,5,2,20,20,270,213,70,7650.162842,-6050.345008,3091.257080,1855.586508,0.000000,0.000000,0.000000,0.000000,0.000000,0.000000,0.000000,0.000000,0,0,0,0,0,0.000000,0.000000,0.000000
20260518_090107,2026-05-18 09:05:36,151,1.4954,1,500,105,100,5,1,20,20,223,151,55,8628.540771,-4623.976226,3254.014648,1730.976935,0.000000,0.000000,0.000000,0.000000,0.000000,0.000000,0.000000,0.000000,0,0,0,0,0,0.000000,0.000000,0.000000
20260518_090107,2026-05-18 09:05:38,152,1.6662,1,500,105,100,5,3,20,20,398,319,67,10928.461426,-5569.942204,2914.154297,1860.844611,0.000000,0.000000,0.000000,0.000000,0.000000,0.000000,0.000000,0.000000,0,0,0,0,0,0.000000,0.000000,0.000000
20260518_090107,2026-05-18 09:05:40,153,1.5802,1,500,105,100,5,1,20,20,264,194,67,9123.735107,-5800.060414,4087.343018,1842.002985,0.000000,0.000000,0.000000,0.000000,0.000000,0.000000,0.000000,0.000000,0,0,0,0,0,0.000000,0.000000,0.000000
20260518_090107,2026-05-18 09:05:42,154,1.5287,1,500,105,100,5,0,20,20,275,206,41,8700.596191,-3154.961576,2885.440674,1585.368140,0.000000,0.000000,0.000000,0.000000,0.000000,0.000000,0.000000,0.000000,0,0,0,0,0,0.000000,0.000000,0.000000
20260518_090107,2026-05-18 09:05:44,155,1.8274,1,500,105,100,5,1,20,20,239,224,56,7142.681030,-4672.598759,2676.114502,1781.952863,0.000000,0.000000,0.000000,0.000000,0.000000,0.000000,0.000000,0.000000,0,0,0,0,0,0.000000,0.000000,0.000000
20260518_090107,2026-05-18 09:05:46,156,1.9249,1,500,105,100,5,6,20,20,476,340,53,11715.078613,-4037.930449,3293.216309,1815.063934,0.000000,0.000000,0.000000,0.000000,0.000000,0.000000,0.000000,0.000000,0,0,0,0,0,0.000000,0.000000,0.000000
20260518_090107,2026-05-18 09:05:48,157,1.7328,1,500,105,100,5,4,20,20,363,258,52,11520.407715,-4089.925373,2890.519775,1752.890738,0.000000,0.000000,0.000000,0.000000,0.000000,0.000000,0.000000,0.000000,0,0,0,0,0,0.000000,0.000000,0.000000
20260518_090107,2026-05-18 09:05:50,158,1.5399,1,500,105,100,5,4,20,20,275,238,66,9727.029785,-5625.807638,3481.872803,1871.108377,0.000000,0.000000,0.000000,0.000000,0.000000,0.000000,0.000000,0.000000,0,0,0,0,0,0.000000,0.000000,0.000000
20260518_090107,2026-05-18 09:05:51,159,1.4331,1,500,105,100,5,1,20,20,294,265,62,7084.556519,-5166.365151,2676.174561,1809.734644,0.000000,0.000000,0.000000,0.000000,0.000000,0.000000,0.000000,0.000000,0,0,0,0,0,0.000000,0.000000,0.000000
20260518_090107,2026-05-18 09:05:53,160,1.4466,1,500,105,100,5,2,20,20,280,210,62,8974.164062,-5271.470177,2890.311035,1790.995416,0.000000,0.000000,0.000000,0.000000,0.000000,0.000000,0.000000,0.000000,0,0,0,0,0,0.000000,0.000000,0.000000
20260518_090107,2026-05-18 09:05:55,161,1.5728,1,500,105,100,5,1,20,20,283,226,71,9131.112305,-6133.646078,3082.194092,1809.746564,0.000000,0.000000,0.000000,0.000000,0.000000,0.000000,0.000000,0.000000,0,0,0,0,0,0.000000,0.000000,0.000000
20260518_090107,2026-05-18 09:05:57,162,1.4769,1,500,105,100,5,0,20,20,252,205,62,7610.817993,-5286.775560,3878.002930,1795.922672,0.000000,0.000000,0.000000,0.000000,0.000000,0.000000,0.000000,0.000000,0,0,0,0,0,0.000000,0.000000,0.000000
20260518_090107,2026-05-18 09:05:58,163,1.5168,1,500,105,100,5,1,20,20,262,219,50,9799.504395,-4028.201624,3291.914795,1716.043591,0.000000,0.000000,0.000000,0.000000,0.000000,0.000000,0.000000,0.000000,0,0,0,0,0,0.000000,0.000000,0.000000
20260518_090107,2026-05-18 09:06:00,164,1.6564,1,500,105,100,5,1,20,20,220,175,53,10472.312988,-4370.098133,3031.117920,1727.996643,0.000000,0.000000,0.000000,0.000000,0.000000,0.000000,0.000000,0.000000,0,0,0,0,0,0.000000,0.000000,0.000000
20260518_090107,2026-05-18 09:06:02,165,1.7713,1,500,105,100,5,2,20,20,237,184,51,9346.540771,-4199.219810,2861.137695,1754.946454,0.000000,0.000000,0.000000,0.000000,0.000000,0.000000,0.000000,0.000000,0,0,0,0,0,0.000000,0.000000,0.000000
20260518_090107,2026-05-18 09:06:04,166,1.6003,1,500,105,100,5,2,20,20,322,256,43,9959.822266,-3163.130081,3074.195801,1678.078983,0.000000,0.000000,0.000000,0.000000,0.000000,0.000000,0.000000,0.000000,0,0,0,0,0,0.000000,0.000000,0.000000
20260518_090107,2026-05-18 09:06:06,167,1.4396,1,500,105,100,5,1,20,20,214,149,47,10452.468750,-3774.726803,3473.078857,1714.036008,0.000000,0.000000,0.000000,0.000000,0.000000,0.000000,0.000000,0.000000,0,0,0,0,0,0.000000,0.000000,0.000000
20260518_090107,2026-05-18 09:06:08,168,1.5405,1,500,105,100,5,5,20,20,444,343,54,12634.753418,-4150.900865,2469.654785,1819.435205,0.000000,0.000000,0.000000,0.000000,0.000000,0.000000,0.000000,0.000000,0,0,0,0,0,0.000000,0.000000,0.000000
20260518_090107,2026-05-18 09:06:10,169,1.8456,1,500,105,100,5,3,20,20,365,314,64,9773.702393,-5341.463005,3078.530029,1914.359564,0.000000,0.000000,0.000000,0.000000,0.000000,0.000000,0.000000,0.000000,0,0,0,0,0,0.000000,0.000000,0.000000
20260518_090107,2026-05-18 09:06:12,170,1.7071,1,500,105,100,5,4,20,20,345,245,55,11752.813965,-4422.421680,2892.905518,1828.897363,0.000000,0.000000,0.000000,0.000000,0.000000,0.000000,0.000000,0.000000,0,0,0,0,0,0.000000,0.000000,0.000000
20260518_090107,2026-05-18 09:06:14,171,1.6427,1,500,105,100,5,2,20,20,247,219,46,9290.279541,-3683.471517,2877.736328,1724.289960,0.000000,0.000000,0.000000,0.000000,0.000000,0.000000,0.000000,0.000000,0,0,0,0,0,0.000000,0.000000,0.000000
20260518_090107,2026-05-18 09:06:15,172,1.5038,1,500,105,100,5,0,20,20,233,208,52,6901.013062,-4248.712329,3675.086914,1737.623669,0.000000,0.000000,0.000000,0.000000,0.000000,0.000000,0.000000,0.000000,0,0,0,0,0,0.000000,0.000000,0.000000
20260518_090107,2026-05-18 09:06:17,173,1.7561,1,500,105,100,5,0,20,20,324,279,53,9721.367188,-4224.390139,2887.246338,1697.630997,0.000000,0.000000,0.000000,0.000000,0.000000,0.000000,0.000000,0.000000,0,0,0,0,0,0.000000,0.000000,0.000000
20260518_090107,2026-05-18 09:06:20,174,1.9306,1,500,105,100,5,2,20,20,305,287,68,6428.950623,-5804.666154,3278.427979,1921.043683,0.000000,0.000000,0.000000,0.000000,0.000000,0.000000,0.000000,0.000000,0,0,0,0,0,0.000000,0.000000,0.000000
20260518_090107,2026-05-18 09:06:22,175,1.8564,1,500,105,100,5,3,20,20,410,331,66,10438.264648,-5473.464553,3478.166016,1895.834589,0.000000,0.000000,0.000000,0.000000,0.000000,0.000000,0.000000,0.000000,0,0,0,0,0,0.000000,0.000000,0.000000
20260518_090107,2026-05-18 09:06:23,176,1.4395,1,500,105,100,5,1,20,20,302,259,52,8606.743408,-4233.819144,2891.566895,1694.752634,0.000000,0.000000,0.000000,0.000000,0.000000,0.000000,0.000000,0.000000,0,0,0,0,0,0.000000,0.000000,0.000000
20260518_090107,2026-05-18 09:06:25,177,1.4912,1,500,105,100,5,6,20,20,410,333,47,11514.502441,-3544.980986,3085.443359,1711.967035,0.000000,0.000000,0.000000,0.000000,0.000000,0.000000,0.000000,0.000000,0,0,0,0,0,0.000000,0.000000,0.000000
20260518_090107,2026-05-18 09:06:27,178,1.6387,1,500,105,100,5,4,20,20,350,274,52,9342.885986,-4076.554506,3274.543701,1791.046143,0.000000,0.000000,0.000000,0.000000,0.000000,0.000000,0.000000,0.000000,0,0,0,0,0,0.000000,0.000000,0.000000
20260518_090107,2026-05-18 09:06:29,179,1.4799,1,500,105,100,5,3,20,20,343,297,44,10244.521973,-3315.937815,2480.344971,1711.626862,0.000000,0.000000,0.000000,0.000000,0.000000,0.000000,0.000000,0.000000,0,0,0,0,0,0.000000,0.000000,0.000000
20260518_090629,2026-05-18 09:06:31,0,1.6221,1,500,105,100,5,0,20,20,337,267,84,7801.158447,-7431.984881,3963.837402,1774.317560,0.000000,0.000000,0.000000,0.000000,0.000000,0.000000,0.000000,0.000000,0,0,0,0,0,0.000000,0.000000,0.000000
20260518_090629,2026-05-18 09:06:32,1,1.2165,1,500,105,100,5,2,20,20,288,185,70,11048.600098,-6117.677714,2774.810059,1661.378616,0.000000,0.000000,0.000000,0.000000,0.000000,0.000000,0.000000,0.000000,0,0,0,0,0,0.000000,0.000000,0.000000
20260518_090107,2026-05-18 09:06:33,180,3.6064,1,500,105,100,5,1,20,20,305,238,53,10003.668457,-4234.406143,2890.862061,1750.087915,0.000000,0.000000,0.000000,0.000000,0.000000,0.000000,0.000000,0.000000,0,0,0,0,0,0.000000,0.000000,0.000000
20260518_090629,2026-05-18 09:06:33,2,0.9812,1,500,105,100,5,0,20,20,295,224,72,9813.766357,-6259.607089,2461.358643,1653.969907,0.000000,0.000000,0.000000,0.000000,0.000000,0.000000,0.000000,0.000000,0,0,0,0,0,0.000000,0.000000,0.000000
20260518_090629,2026-05-18 09:06:34,3,1.1247,1,500,105,100,5,1,20,20,282,258,73,8060.762695,-6399.034366,4002.930664,1703.329663,0.000000,0.000000,0.000000,0.000000,0.000000,0.000000,0.000000,0.000000,0,0,0,0,0,0.000000,0.000000,0.000000
20260518_090629,2026-05-18 09:06:36,4,1.1988,1,500,105,100,5,0,20,20,282,204,54,9393.089600,-4457.779028,2394.956299,1470.191199,0.000000,0.000000,0.000000,0.000000,0.000000,0.000000,0.000000,0.000000,0,0,0,0,0,0.000000,0.000000,0.000000
20260518_090629,2026-05-18 09:06:37,5,1.2214,1,500,105,100,5,4,20,20,304,216,55,9669.396484,-4479.173611,2411.011963,1485.866962,0.000000,0.000000,0.000000,0.000000,0.000000,0.000000,0.000000,0.000000,0,0,0,0,0,0.000000,0.000000,0.000000
20260518_090107,2026-05-18 09:06:38,181,4.5030,1,500,105,100,5,4,20,20,429,380,34,9387.521484,-2149.451926,2289.522461,1590.912421,0.000000,0.000000,0.000000,0.000000,0.000000,0.000000,0.000000,0.000000,0,0,0,0,0,0.000000,0.000000,0.000000
20260518_090629,2026-05-18 09:06:38,6,0.9888,1,500,105,100,5,0,20,20,301,276,64,7304.130676,-5439.890759,3286.532227,1615.838062,0.000000,0.000000,0.000000,0.000000,0.000000,0.000000,0.000000,0.000000,0,0,0,0,0,0.000000,0.000000,0.000000
20260518_090629,2026-05-18 09:06:39,7,1.2856,1,500,105,100,5,4,20,20,422,347,60,9861.900879,-4813.381221,2550.728027,1677.246985,0.000000,0.000000,0.000000,0.000000,0.000000,0.000000,0.000000,0.000000,0,0,0,0,0,0.000000,0.000000,0.000000
20260518_090629,2026-05-18 09:06:41,8,1.2380,1,500,105,100,5,2,20,20,414,326,75,9998.730469,-6384.592469,2788.013428,1817.606314,0.000000,0.000000,0.000000,0.000000,0.000000,0.000000,0.000000,0.000000,0,0,0,0,0,0.000000,0.000000,0.000000
20260518_090629,2026-05-18 09:06:42,9,1.2327,1,500,105,100,5,2,20,20,332,251,66,11664.305664,-5567.275770,2542.836670,1662.707394,0.000000,0.000000,0.000000,0.000000,0.000000,0.000000,0.000000,0.000000,0,0,0,0,0,0.000000,0.000000,0.000000
20260518_090107,2026-05-18 09:06:42,182,4.1162,1,500,105,100,5,1,20,20,251,195,40,8716.098633,-3028.763568,2685.946045,1600.822705,0.000000,0.000000,0.000000,0.000000,0.000000,0.000000,0.000000,0.000000,0,0,0,0,0,0.000000,0.000000,0.000000
20260518_090629,2026-05-18 09:06:43,10,1.0915,1,500,105,100,5,2,20,20,289,221,70,11640.648438,-6055.755701,2452.754883,1698.819974,0.000000,0.000000,0.000000,0.000000,0.000000,0.000000,0.000000,0.000000,0,0,0,0,0,0.000000,0.000000,0.000000
20260518_090629,2026-05-18 09:06:44,11,1.1839,1,500,105,100,5,0,20,20,344,305,68,6547.167297,-5780.808320,3484.865967,1729.437424,0.000000,0.000000,0.000000,0.000000,0.000000,0.000000,0.000000,0.000000,0,0,0,0,0,0.000000,0.000000,0.000000
20260518_090629,2026-05-18 09:06:46,12,1.2824,1,500,105,100,5,2,20,20,319,258,57,10657.098145,-4701.955361,3392.863281,1658.314502,0.000000,0.000000,0.000000,0.000000,0.000000,0.000000,0.000000,0.000000,0,0,0,0,0,0.000000,0.000000,0.000000
20260518_090107,2026-05-18 09:06:46,183,3.9495,1,500,105,100,5,1,20,20,278,220,54,9914.223633,-4450.175928,3268.027832,1737.981821,0.000000,0.000000,0.000000,0.000000,0.000000,0.000000,0.000000,0.000000,0,0,0,0,0,0.000000,0.000000,0.000000
20260518_090629,2026-05-18 09:06:47,13,0.9906,1,500,105,100,5,6,20,20,359,296,68,9981.199463,-5757.313111,3884.996826,1731.885391,0.000000,0.000000,0.000000,0.000000,0.000000,0.000000,0.000000,0.000000,0,0,0,0,0,0.000000,0.000000,0.000000
20260518_090629,2026-05-18 09:06:48,14,1.2082,1,500,105,100,5,1,20,20,312,238,77,9061.118408,-6719.364520,3235.083740,1722.062619,0.000000,0.000000,0.000000,0.000000,0.000000,0.000000,0.000000,0.000000,0,0,0,0,0,0.000000,0.000000,0.000000
20260518_090629,2026-05-18 09:06:50,15,1.1981,1,500,105,100,5,2,20,20,329,292,75,9675.737549,-6510.173627,2675.592041,1865.537280,0.000000,0.000000,0.000000,0.000000,0.000000,0.000000,0.000000,0.000000,0,0,0,0,0,0.000000,0.000000,0.000000
20260518_090629,2026-05-18 09:06:51,16,1.2315,1,500,105,100,5,3,20,20,312,256,73,11272.001953,-6358.806207,3686.847656,1953.720013,0.000000,0.000000,0.000000,0.000000,0.000000,0.000000,0.000000,0.000000,0,0,0,0,0,0.000000,0.000000,0.000000
20260518_090107,2026-05-18 09:06:51,184,4.2118,1,500,105,100,5,2,20,20,272,237,52,8293.037598,-4183.405288,2877.576416,1719.637192,0.000000,0.000000,0.000000,0.000000,0.000000,0.000000,0.000000,0.000000,0,0,0,0,0,0.000000,0.000000,0.000000
20260518_090629,2026-05-18 09:06:52,17,1.1274,1,500,105,100,5,5,20,20,429,353,60,10373.574219,-4817.463139,3901.990234,1725.168893,0.000000,0.000000,0.000000,0.000000,0.000000,0.000000,0.000000,0.000000,0,0,0,0,0,0.000000,0.000000,0.000000
20260518_090629,2026-05-18 09:06:53,18,1.2530,1,500,105,100,5,2,20,20,355,274,67,9931.998291,-5663.838418,3099.052002,1864.259378,0.000000,0.000000,0.000000,0.000000,0.000000,0.000000,0.000000,0.000000,0,0,0,0,0,0.000000,0.000000,0.000000
20260518_090629,2026-05-18 09:06:55,19,1.2093,1,500,105,100,5,5,20,20,464,406,66,8434.339355,-5437.279337,2971.389648,1850.761011,0.000000,0.000000,0.000000,0.000000,0.000000,0.000000,0.000000,0.000000,0,0,0,0,0,0.000000,0.000000,0.000000
20260518_090107,2026-05-18 09:06:55,185,4.1799,1,500,105,100,5,6,20,20,362,277,49,10361.685059,-3760.075717,3882.888916,1695.349805,0.000000,0.000000,0.000000,0.000000,0.000000,0.000000,0.000000,0.000000,0,0,0,0,0,0.000000,0.000000,0.000000
20260518_090629,2026-05-18 09:06:56,20,0.9685,1,500,105,100,5,3,20,20,386,331,54,10503.802979,-4275.010655,2862.824951,1694.647339,0.000000,0.000000,0.000000,0.000000,0.000000,0.000000,0.000000,0.000000,0,0,0,0,0,0.000000,0.000000,0.000000
20260518_090629,2026-05-18 09:06:57,21,1.2779,1,500,105,100,5,11,20,20,478,393,60,11442.285645,-4749.743453,3438.968506,1764.228387,0.000000,0.000000,0.000000,0.000000,0.000000,0.000000,0.000000,0.000000,0,0,0,0,0,0.000000,0.000000,0.000000
20260518_090629,2026-05-18 09:06:59,22,1.2678,1,500,105,100,5,3,20,20,384,330,66,9061.199219,-5470.276761,3405.494385,1820.690753,0.000000,0.000000,0.000000,0.000000,0.000000,0.000000,0.000000,0.000000,0,0,0,0,0,0.000000,0.000000,0.000000
20260518_090107,2026-05-18 09:06:59,186,3.4164,1,500,105,100,5,1,20,20,328,287,51,8630.213867,-4030.739642,2871.161377,1731.331964,0.000000,0.000000,0.000000,0.000000,0.000000,0.000000,0.000000,0.000000,0,0,0,0,0,0.000000,0.000000,0.000000
20260518_090629,2026-05-18 09:07:00,23,1.0324,1,500,105,100,5,4,20,20,373,332,68,9014.994141,-5720.794347,3084.737305,1837.966467,0.000000,0.000000,0.000000,0.000000,0.000000,0.000000,0.000000,0.000000,0,0,0,0,0,0.000000,0.000000,0.000000
20260518_090629,2026-05-18 09:07:01,24,1.2242,1,500,105,100,5,2,20,20,369,319,56,9567.309570,-4512.217298,3255.898193,1722.971405,0.000000,0.000000,0.000000,0.000000,0.000000,0.000000,0.000000,0.000000,0,0,0,0,0,0.000000,0.000000,0.000000
20260518_090629,2026-05-18 09:07:03,25,1.2718,1,500,105,100,5,3,20,20,396,349,59,8709.649170,-4707.998960,3483.193115,1740.922647,0.000000,0.000000,0.000000,0.000000,0.000000,0.000000,0.000000,0.000000,0,0,0,0,0,0.000000,0.000000,0.000000
20260518_090107,2026-05-18 09:07:03,187,3.6246,1,500,105,100,5,5,20,20,421,296,58,12478.444824,-4617.708214,3075.114746,1806.123621,0.000000,0.000000,0.000000,0.000000,0.000000,0.000000,0.000000,0.000000,0,0,0,0,0,0.000000,0.000000,0.000000
20260518_090629,2026-05-18 09:07:04,26,0.9696,1,500,105,100,5,1,20,20,268,231,60,10460.211914,-5006.687610,3266.244629,1708.506772,0.000000,0.000000,0.000000,0.000000,0.000000,0.000000,0.000000,0.000000,0,0,0,0,0,0.000000,0.000000,0.000000
20260518_090629,2026-05-18 09:07:05,27,1.2479,1,500,105,100,5,2,20,20,314,250,66,9584.251953,-5587.310457,3018.488525,1817.810626,0.000000,0.000000,0.000000,0.000000,0.000000,0.000000,0.000000,0.000000,0,0,0,0,0,0.000000,0.000000,0.000000
20260518_090629,2026-05-18 09:07:06,28,1.1889,1,500,105,100,5,0,20,20,268,236,74,7287.842712,-6453.127341,3466.484375,1839.454825,0.000000,0.000000,0.000000,0.000000,0.000000,0.000000,0.000000,0.000000,0,0,0,0,0,0.000000,0.000000,0.000000
20260518_090107,2026-05-18 09:07:07,188,3.2605,1,500,105,100,5,2,20,20,266,236,55,7344.598389,-4506.627620,2861.574707,1819.701135,0.000000,0.000000,0.000000,0.000000,0.000000,0.000000,0.000000,0.000000,0,0,0,0,0,0.000000,0.000000,0.000000
20260518_090629,2026-05-18 09:07:08,29,1.0044,1,500,105,100,5,3,20,20,319,275,71,9511.865967,-6034.285422,2788.048340,1761.401822,0.000000,0.000000,0.000000,0.000000,0.000000,0.000000,0.000000,0.000000,0,0,0,0,0,0.000000,0.000000,0.000000
20260518_090629,2026-05-18 09:07:09,30,1.1781,1,500,105,100,5,0,20,20,263,251,67,7846.059448,-5749.632937,2317.947021,1685.311340,0.000000,0.000000,0.000000,0.000000,0.000000,0.000000,0.000000,0.000000,0,0,0,0,0,0.000000,0.000000,0.000000
20260518_090629,2026-05-18 09:07:10,31,1.1997,1,500,105,100,5,2,20,20,334,288,76,4347.242188,-6592.463837,3276.213867,1784.686197,0.000000,0.000000,0.000000,0.000000,0.000000,0.000000,0.000000,0.000000,0,0,0,0,0,0.000000,0.000000,0.000000
20260518_090107,2026-05-18 09:07:11,189,3.8849,1,500,105,100,5,1,20,20,306,279,73,7747.522705,-6271.613679,4882.170898,1991.327502,0.000000,0.000000,0.000000,0.000000,0.000000,0.000000,0.000000,0.000000,0,0,0,0,0,0.000000,0.000000,0.000000
20260518_090629,2026-05-18 09:07:11,32,0.9935,1,500,105,100,5,1,20,20,352,282,79,2140.289551,-6866.397118,3186.721924,1814.412512,0.000000,0.000000,0.000000,0.000000,0.000000,0.000000,0.000000,0.000000,0,0,0,0,0,0.000000,0.000000,0.000000
20260518_090629,2026-05-18 09:07:13,33,1.1880,1,500,105,100,5,0,20,20,320,301,82,7944.662842,-7240.345616,3414.547119,1850.133746,0.000000,0.000000,0.000000,0.000000,0.000000,0.000000,0.000000,0.000000,0,0,0,0,0,0.000000,0.000000,0.000000
20260518_090629,2026-05-18 09:07:14,34,1.2102,1,500,105,100,5,2,20,20,289,225,60,10245.274414,-5041.744751,3398.312500,1576.908905,0.000000,0.000000,0.000000,0.000000,0.000000,0.000000,0.000000,0.000000,0,0,0,0,0,0.000000,0.000000,0.000000
20260518_090629,2026-05-18 09:07:15,35,1.2021,1,500,105,100,5,1,20,20,349,317,76,7882.620850,-6613.310052,4019.132324,1768.567215,0.000000,0.000000,0.000000,0.000000,0.000000,0.000000,0.000000,0.000000,0,0,0,0,0,0.000000,0.000000,0.000000
20260518_090107,2026-05-18 09:07:15,190,4.1006,1,500,105,100,5,4,20,20,322,266,58,9716.648438,-4726.310853,3279.877441,1835.596716,0.000000,0.000000,0.000000,0.000000,0.000000,0.000000,0.000000,0.000000,0,0,0,0,0,0.000000,0.000000,0.000000
20260518_090107,2026-05-18 09:07:17,191,1.4969,1,500,105,100,5,4,20,20,257,228,54,8519.089111,-4410.321832,2673.114258,1810.715271,0.000000,0.000000,0.000000,0.000000,0.000000,0.000000,0.000000,0.000000,0,0,0,0,0,0.000000,0.000000,0.000000
20260518_090107,2026-05-18 09:07:19,192,1.7975,1,500,105,100,5,5,20,20,368,303,61,11452.138672,-4929.882512,4880.081543,1882.951746,0.000000,0.000000,0.000000,0.000000,0.000000,0.000000,0.000000,0.000000,0,0,0,0,0,0.000000,0.000000,0.000000
20260518_090107,2026-05-18 09:07:21,193,1.6201,1,500,105,100,5,2,20,20,276,209,61,9748.832764,-5172.523235,3491.159668,1832.913361,0.000000,0.000000,0.000000,0.000000,0.000000,0.000000,0.000000,0.000000,0,0,0,0,0,0.000000,0.000000,0.000000
20260518_090107,2026-05-18 09:07:23,194,1.5286,1,500,105,100,5,2,20,20,257,201,45,9501.872559,-3511.198307,3277.160400,1631.439746,0.000000,0.000000,0.000000,0.000000,0.000000,0.000000,0.000000,0.000000,0,0,0,0,0,0.000000,0.000000,0.000000
20260518_090107,2026-05-18 09:07:25,195,1.5539,1,500,105,100,5,3,20,20,356,240,45,11900.631836,-3398.393733,2477.850342,1710.669049,0.000000,0.000000,0.000000,0.000000,0.000000,0.000000,0.000000,0.000000,0,0,0,0,0,0.000000,0.000000,0.000000
20260518_090107,2026-05-18 09:07:27,196,1.6011,1,500,105,100,5,0,20,20,238,189,35,7553.173401,-2540.301331,2269.438477,1565.810809,0.000000,0.000000,0.000000,0.000000,0.000000,0.000000,0.000000,0.000000,0,0,0,0,0,0.000000,0.000000,0.000000
20260518_090107,2026-05-18 09:07:29,197,1.6481,1,500,105,100,5,3,20,20,212,175,59,10106.867188,-4948.399674,3687.481445,1739.584930,0.000000,0.000000,0.000000,0.000000,0.000000,0.000000,0.000000,0.000000,0,0,0,0,0,0.000000,0.000000,0.000000
20260518_090107,2026-05-18 09:07:31,198,1.7008,1,500,105,100,5,0,20,20,299,251,63,7632.955200,-5226.545350,3883.974609,1873.128735,0.000000,0.000000,0.000000,0.000000,0.000000,0.000000,0.000000,0.000000,0,0,0,0,0,0.000000,0.000000,0.000000
20260518_090107,2026-05-18 09:07:32,199,1.4017,1,500,105,100,5,1,20,20,239,200,45,8069.824219,-3578.539778,3272.967285,1565.508704,0.000000,0.000000,0.000000,0.000000,0.000000,0.000000,0.000000,0.000000,0,0,0,0,0,0.000000,0.000000,0.000000
20260518_090107,2026-05-18 09:07:34,200,1.4174,1,500,105,100,5,0,20,20,208,184,47,7120.871338,-3764.827780,2836.004639,1597.617941,0.000000,0.000000,0.000000,0.000000,0.000000,0.000000,0.000000,0.000000,0,0,0,0,0,0.000000,0.000000,0.000000
20260518_090107,2026-05-18 09:07:36,201,1.5306,1,500,105,100,5,0,20,20,211,184,50,7192.548950,-4101.847787,3248.251709,1596.286768,0.000000,0.000000,0.000000,0.000000,0.000000,0.000000,0.000000,0.000000,0,0,0,0,0,0.000000,0.000000,0.000000
20260518_090107,2026-05-18 09:07:38,202,1.4656,1,500,105,100,5,1,20,20,243,192,29,9715.918213,-1901.892461,2068.642090,1349.125745,0.000000,0.000000,0.000000,0.000000,0.000000,0.000000,0.000000,0.000000,0,0,0,0,0,0.000000,0.000000,0.000000
20260518_090107,2026-05-18 09:07:39,203,1.4172,1,500,105,100,5,0,20,20,189,169,50,6571.627136,-4139.207422,3075.871338,1484.565469,0.000000,0.000000,0.000000,0.000000,0.000000,0.000000,0.000000,0.000000,0,0,0,0,0,0.000000,0.000000,0.000000
20260518_090107,2026-05-18 09:07:41,204,1.5285,1,500,105,100,5,2,20,20,226,210,41,7797.767578,-3164.997599,2886.826904,1458.342776,0.000000,0.000000,0.000000,0.000000,0.000000,0.000000,0.000000,0.000000,0,0,0,0,0,0.000000,0.000000,0.000000
20260518_090107,2026-05-18 09:07:43,205,1.4518,1,500,105,100,5,4,20,20,300,260,61,8863.491699,-5079.385848,3287.099854,1791.158102,0.000000,0.000000,0.000000,0.000000,0.000000,0.000000,0.000000,0.000000,0,0,0,0,0,0.000000,0.000000,0.000000
20260518_090107,2026-05-18 09:07:45,206,1.7432,1,500,105,100,5,1,20,20,230,187,59,9164.110840,-4982.890567,3281.752197,1779.664056,0.000000,0.000000,0.000000,0.000000,0.000000,0.000000,0.000000,0.000000,0,0,0,0,0,0.000000,0.000000,0.000000
20260518_090107,2026-05-18 09:07:47,207,1.7659,1,500,105,100,5,0,20,20,275,213,55,8532.906494,-4494.716357,4082.739990,1752.619299,0.000000,0.000000,0.000000,0.000000,0.000000,0.000000,0.000000,0.000000,0,0,0,0,0,0.000000,0.000000,0.000000
20260518_090107,2026-05-18 09:07:49,208,1.6349,1,500,105,100,5,2,20,20,256,183,61,10152.058105,-5159.290491,3074.661377,1771.622165,0.000000,0.000000,0.000000,0.000000,0.000000,0.000000,0.000000,0.000000,0,0,0,0,0,0.000000,0.000000,0.000000
20260518_090107,2026-05-18 09:07:51,209,1.3949,1,500,105,100,5,3,20,20,298,227,65,9824.939941,-5550.467847,3083.903076,1854.176208,0.000000,0.000000,0.000000,0.000000,0.000000,0.000000,0.000000,0.000000,0,0,0,0,0,0.000000,0.000000,0.000000
20260518_092914,2026-05-18 09:29:15,0,1.0041,1,500,100,100,0,0,20,20,177,177,53,1246.177856,-5018.919533,2470.708984,1402.986627,0.000000,0.000000,0.000000,0.000000,0.000000,0.000000,0.000000,0.000000,0,0,0,0,0,0.000000,0.000000,0.000000
20260518_092914,2026-05-18 09:29:16,1,0.6690,1,500,101,100,1,0,20,20,213,212,48,1773.800659,-4391.385437,2183.597412,1359.842548,0.000000,0.000000,0.000000,0.000000,0.000000,0.000000,0.000000,0.000000,0,0,0,0,0,0.000000,0.000000,0.000000
20260518_092914,2026-05-18 09:29:17,2,0.7126,1,500,102,100,2,0,20,20,218,215,58,1333.284668,-5358.708775,2276.092773,1555.899503,0.000000,0.000000,0.000000,0.000000,0.000000,0.000000,0.000000,0.000000,0,0,0,0,0,0.000000,0.000000,0.000000
20260518_092914,2026-05-18 09:29:17,3,0.6984,1,500,103,100,3,0,20,20,188,187,57,2152.884766,-5207.530534,2671.713379,1524.494016,0.000000,0.000000,0.000000,0.000000,0.000000,0.000000,0.000000,0.000000,0,0,0,0,0,0.000000,0.000000,0.000000
20260518_092914,2026-05-18 09:29:18,4,0.7570,1,500,104,100,4,0,20,20,201,193,49,3414.951660,-4300.347415,2035.621216,1409.563980,0.000000,0.000000,0.000000,0.000000,0.000000,0.000000,0.000000,0.000000,0,0,0,0,0,0.000000,0.000000,0.000000
20260518_092914,2026-05-18 09:29:19,5,0.7400,1,500,105,100,5,0,20,20,263,241,43,2614.416992,-3546.132561,2265.640137,1337.530420,0.000000,0.000000,0.000000,0.000000,0.000000,0.000000,0.000000,0.000000,0,0,0,0,0,0.000000,0.000000,0.000000
20260518_092914,2026-05-18 09:29:20,6,0.7423,1,500,105,100,5,0,20,20,175,170,57,4466.418091,-5024.932825,2670.515625,1619.955231,0.000000,0.000000,0.000000,0.000000,0.000000,0.000000,0.000000,0.000000,0,0,0,0,0,0.000000,0.000000,0.000000
20260518_092914,2026-05-18 09:29:21,7,0.7349,1,500,105,100,5,0,20,20,166,162,49,2170.035339,-4281.346078,2863.580566,1460.440323,0.000000,0.000000,0.000000,0.000000,0.000000,0.000000,0.000000,0.000000,0,0,0,0,0,0.000000,0.000000,0.000000
20260518_092914,2026-05-18 09:29:21,8,0.7120,1,500,105,100,5,0,20,20,204,195,52,2733.434021,-4503.899418,2382.407715,1533.268448,0.000000,0.000000,0.000000,0.000000,0.000000,0.000000,0.000000,0.000000,0,0,0,0,0,0.000000,0.000000,0.000000
20260518_092914,2026-05-18 09:29:22,9,0.7095,1,500,105,100,5,0,20,20,184,181,63,3577.832413,-5667.190914,2860.947266,1703.534610,0.000000,0.000000,0.000000,0.000000,0.000000,0.000000,0.000000,0.000000,0,0,0,0,0,0.000000,0.000000,0.000000
20260518_092914,2026-05-18 09:29:23,10,0.7418,1,500,105,100,5,0,20,20,167,160,58,2595.604279,-5171.902874,3281.476318,1634.520825,0.000000,0.000000,0.000000,0.000000,0.000000,0.000000,0.000000,0.000000,0,0,0,0,0,0.000000,0.000000,0.000000
20260518_092914,2026-05-18 09:29:24,11,0.7054,1,500,105,100,5,0,20,20,218,212,60,4188.112549,-5302.008598,2473.936035,1609.284616,0.000000,0.000000,0.000000,0.000000,0.000000,0.000000,0.000000,0.000000,0,0,0,0,0,0.000000,0.000000,0.000000
20260518_092914,2026-05-18 09:29:25,12,0.7176,1,500,105,100,5,0,20,20,172,171,63,2332.599503,-5685.311904,3180.508545,1589.172714,0.000000,0.000000,0.000000,0.000000,0.000000,0.000000,0.000000,0.000000,0,0,0,0,0,0.000000,0.000000,0.000000
20260518_092914,2026-05-18 09:29:25,13,0.7116,1,500,105,100,5,0,20,20,170,160,59,4795.183350,-5281.419959,2577.623291,1546.834116,0.000000,0.000000,0.000000,0.000000,0.000000,0.000000,0.000000,0.000000,0,0,0,0,0,0.000000,0.000000,0.000000
20260518_092914,2026-05-18 09:29:26,14,0.7499,1,500,105,100,5,0,20,20,246,236,53,2232.504990,-4547.258425,2044.935425,1442.012732,0.000000,0.000000,0.000000,0.000000,0.000000,0.000000,0.000000,0.000000,0,0,0,0,0,0.000000,0.000000,0.000000
20260518_092914,2026-05-18 09:29:27,15,0.7369,1,500,105,100,5,0,20,20,174,161,51,4203.049561,-4442.253011,2467.381104,1546.828662,0.000000,0.000000,0.000000,0.000000,0.000000,0.000000,0.000000,0.000000,0,0,0,0,0,0.000000,0.000000,0.000000
20260518_093006,2026-05-18 09:30:07,0,1.0070,1,500,100,100,0,0,20,20,242,242,66,1119.373535,-6331.872900,2625.107910,1726.470288,0.000000,0.000000,0.000000,0.000000,0.000000,0.000000,0.000000,0.000000,0,0,0,0,0,0.000000,0.000000,0.000000
20260518_093006,2026-05-18 09:30:07,1,0.6697,1,500,101,100,1,0,20,20,160,158,55,985.976929,-5214.734073,2639.310303,1453.467914,0.000000,0.000000,0.000000,0.000000,0.000000,0.000000,0.000000,0.000000,0,0,0,0,0,0.000000,0.000000,0.000000
20260518_093006,2026-05-18 09:30:08,2,0.7014,1,500,102,100,2,0,20,20,247,242,61,2311.667969,-5641.675631,2793.124268,1607.224353,0.000000,0.000000,0.000000,0.000000,0.000000,0.000000,0.000000,0.000000,0,0,0,0,0,0.000000,0.000000,0.000000
20260518_093006,2026-05-18 09:30:09,3,0.6779,1,500,103,100,3,0,20,20,179,176,55,2097.538208,-5030.975431,2791.539551,1511.131274,0.000000,0.000000,0.000000,0.000000,0.000000,0.000000,0.000000,0.000000,0,0,0,0,0,0.000000,0.000000,0.000000
20260518_093006,2026-05-18 09:30:10,4,0.6883,1,500,104,100,4,0,20,20,258,247,63,2533.451172,-5714.412738,2698.529541,1542.637048,0.000000,0.000000,0.000000,0.000000,0.000000,0.000000,0.000000,0.000000,0,0,0,0,0,0.000000,0.000000,0.000000
20260518_093006,2026-05-18 09:30:11,5,0.6873,1,500,105,100,5,0,20,20,243,239,64,1349.627197,-5728.460112,2862.222900,1594.212167,0.000000,0.000000,0.000000,0.000000,0.000000,0.000000,0.000000,0.000000,0,0,0,0,0,0.000000,0.000000,0.000000
20260518_093006,2026-05-18 09:30:11,6,0.7208,1,500,105,100,5,0,20,20,181,174,58,1954.171631,-5162.653894,2660.404297,1484.363489,0.000000,0.000000,0.000000,0.000000,0.000000,0.000000,0.000000,0.000000,0,0,0,0,0,0.000000,0.000000,0.000000
20260518_093006,2026-05-18 09:30:12,7,0.7046,1,500,105,100,5,0,20,20,155,145,56,2043.167450,-5037.284694,2469.494385,1536.165918,0.000000,0.000000,0.000000,0.000000,0.000000,0.000000,0.000000,0.000000,0,0,0,0,0,0.000000,0.000000,0.000000
20260518_093006,2026-05-18 09:30:13,8,0.6864,1,500,105,100,5,0,20,20,244,240,60,1823.709793,-5292.461779,2567.904297,1502.503156,0.000000,0.000000,0.000000,0.000000,0.000000,0.000000,0.000000,0.000000,0,0,0,0,0,0.000000,0.000000,0.000000
20260518_093006,2026-05-18 09:30:14,9,0.7250,1,500,105,100,5,0,20,20,273,267,61,2267.821289,-5395.340257,2962.045654,1533.965381,0.000000,0.000000,0.000000,0.000000,0.000000,0.000000,0.000000,0.000000,0,0,0,0,0,0.000000,0.000000,0.000000
20260518_093006,2026-05-18 09:30:15,10,0.7594,1,500,105,100,5,0,20,20,250,237,62,2528.464233,-5490.240711,2613.406494,1667.583810,0.000000,0.000000,0.000000,0.000000,0.000000,0.000000,0.000000,0.000000,0,0,0,0,0,0.000000,0.000000,0.000000
20260518_093006,2026-05-18 09:30:15,11,0.7251,1,500,105,100,5,0,20,20,264,247,61,2323.484375,-5380.146791,2666.980469,1726.150812,0.000000,0.000000,0.000000,0.000000,0.000000,0.000000,0.000000,0.000000,0,0,0,0,0,0.000000,0.000000,0.000000
20260518_093006,2026-05-18 09:30:16,12,0.7142,1,500,105,100,5,0,20,20,206,201,65,1936.117073,-5828.852127,2668.000977,1639.838962,0.000000,0.000000,0.000000,0.000000,0.000000,0.000000,0.000000,0.000000,0,0,0,0,0,0.000000,0.000000,0.000000
20260518_093006,2026-05-18 09:30:17,13,0.7351,1,500,105,100,5,0,20,20,177,169,59,3569.405762,-5281.395702,3088.426025,1662.666809,0.000000,0.000000,0.000000,0.000000,0.000000,0.000000,0.000000,0.000000,0,0,0,0,0,0.000000,0.000000,0.000000
20260518_093006,2026-05-18 09:30:18,14,0.7720,1,500,105,100,5,0,20,20,227,223,53,2798.954529,-4613.593290,2410.685547,1556.208490,0.000000,0.000000,0.000000,0.000000,0.000000,0.000000,0.000000,0.000000,0,0,0,0,0,0.000000,0.000000,0.000000
20260518_093006,2026-05-18 09:30:19,15,0.7222,1,500,105,100,5,0,20,20,148,138,65,2662.499146,-5920.320560,2479.436768,1705.839642,0.000000,0.000000,0.000000,0.000000,0.000000,0.000000,0.000000,0.000000,0,0,0,0,0,0.000000,0.000000,0.000000
20260518_093006,2026-05-18 09:30:19,16,0.7331,1,500,105,100,5,0,20,20,232,227,54,2662.692871,-4705.044821,3287.264893,1551.267825,0.000000,0.000000,0.000000,0.000000,0.000000,0.000000,0.000000,0.000000,0,0,0,0,0,0.000000,0.000000,0.000000
20260518_093006,2026-05-18 09:30:20,17,0.7346,1,500,105,100,5,0,20,20,173,166,46,2907.646912,-3973.754201,2660.902832,1512.412097,0.000000,0.000000,0.000000,0.000000,0.000000,0.000000,0.000000,0.000000,0,0,0,0,0,0.000000,0.000000,0.000000
20260518_093006,2026-05-18 09:30:21,18,0.7395,1,500,105,100,5,0,20,20,200,197,55,2974.118164,-4837.711719,3287.871582,1510.868954,0.000000,0.000000,0.000000,0.000000,0.000000,0.000000,0.000000,0.000000,0,0,0,0,0,0.000000,0.000000,0.000000
20260518_093006,2026-05-18 09:30:22,19,0.7342,1,500,105,100,5,0,20,20,140,135,50,2504.900009,-4396.664442,3300.815674,1592.662570,0.000000,0.000000,0.000000,0.000000,0.000000,0.000000,0.000000,0.000000,0,0,0,0,0,0.000000,0.000000,0.000000
20260518_093006,2026-05-18 09:30:23,20,0.7186,1,500,105,100,5,0,20,20,159,148,42,3302.885193,-3596.126110,2269.792480,1388.404837,0.000000,0.000000,0.000000,0.000000,0.000000,0.000000,0.000000,0.000000,0,0,0,0,0,0.000000,0.000000,0.000000
20260518_093006,2026-05-18 09:30:24,21,0.7175,1,500,105,100,5,0,20,20,182,178,57,2954.154236,-5065.199328,3084.410400,1710.917505,0.000000,0.000000,0.000000,0.000000,0.000000,0.000000,0.000000,0.000000,0,0,0,0,0,0.000000,0.000000,0.000000
20260518_093006,2026-05-18 09:30:24,22,0.7668,1,500,105,100,5,0,20,20,207,194,50,2921.056488,-4290.928723,2677.494873,1673.840353,0.000000,0.000000,0.000000,0.000000,0.000000,0.000000,0.000000,0.000000,0,0,0,0,0,0.000000,0.000000,0.000000
20260518_093006,2026-05-18 09:30:25,23,0.7282,1,500,105,100,5,0,20,20,166,160,60,3415.230225,-5345.748796,2462.418945,1671.563351,0.000000,0.000000,0.000000,0.000000,0.000000,0.000000,0.000000,0.000000,0,0,0,0,0,0.000000,0.000000,0.000000
20260518_093006,2026-05-18 09:30:26,24,0.7249,1,500,105,100,5,0,20,20,201,197,55,2685.792603,-4799.963787,3673.941650,1688.137756,0.000000,0.000000,0.000000,0.000000,0.000000,0.000000,0.000000,0.000000,0,0,0,0,0,0.000000,0.000000,0.000000
20260518_093006,2026-05-18 09:30:27,25,0.7651,1,500,105,100,5,0,20,20,180,171,71,2945.689362,-6473.184906,2670.319336,1761.486249,0.000000,0.000000,0.000000,0.000000,0.000000,0.000000,0.000000,0.000000,0,0,0,0,0,0.000000,0.000000,0.000000
20260518_093006,2026-05-18 09:30:28,26,0.7578,1,500,105,100,5,0,20,20,183,173,53,3527.090454,-4614.411841,2264.825684,1544.148828,0.000000,0.000000,0.000000,0.000000,0.000000,0.000000,0.000000,0.000000,0,0,0,0,0,0.000000,0.000000,0.000000
20260518_093006,2026-05-18 09:30:29,27,0.7558,1,500,105,100,5,0,20,20,127,127,56,2892.801498,-5002.565668,2657.568115,1688.139346,0.000000,0.000000,0.000000,0.000000,0.000000,0.000000,0.000000,0.000000,0,0,0,0,0,0.000000,0.000000,0.000000
20260518_093006,2026-05-18 09:30:30,28,0.7426,1,500,105,100,5,0,20,20,137,132,61,3124.209259,-5515.732184,2871.614990,1817.567975,0.000000,0.000000,0.000000,0.000000,0.000000,0.000000,0.000000,0.000000,0,0,0,0,0,0.000000,0.000000,0.000000
20260518_093006,2026-05-18 09:30:30,29,0.7458,1,500,105,100,5,0,20,20,192,180,52,3204.846985,-4514.733312,2482.271973,1514.561688,0.000000,0.000000,0.000000,0.000000,0.000000,0.000000,0.000000,0.000000,0,0,0,0,0,0.000000,0.000000,0.000000
20260518_093006,2026-05-18 09:30:31,30,0.7422,1,500,105,100,5,1,20,20,179,177,60,3353.612549,-5340.700600,2864.143066,1738.849716,0.000000,0.000000,0.000000,0.000000,0.000000,0.000000,0.000000,0.000000,0,0,0,0,0,0.000000,0.000000,0.000000
20260518_093006,2026-05-18 09:30:32,31,0.7365,1,500,105,100,5,0,20,20,148,135,49,2843.242249,-4293.807372,2474.701172,1666.830182,0.000000,0.000000,0.000000,0.000000,0.000000,0.000000,0.000000,0.000000,0,0,0,0,0,0.000000,0.000000,0.000000
20260518_093006,2026-05-18 09:30:33,32,0.7432,1,500,105,100,5,0,20,20,190,181,52,3668.298645,-4504.344795,2895.290039,1588.631653,0.000000,0.000000,0.000000,0.000000,0.000000,0.000000,0.000000,0.000000,0,0,0,0,0,0.000000,0.000000,0.000000
20260518_093006,2026-05-18 09:30:34,33,0.8005,1,500,105,100,5,0,20,20,140,131,43,3819.127563,-3651.232600,2862.980957,1592.110822,0.000000,0.000000,0.000000,0.000000,0.000000,0.000000,0.000000,0.000000,0,0,0,0,0,0.000000,0.000000,0.000000
20260518_093006,2026-05-18 09:30:35,34,0.7641,1,500,105,100,5,0,20,20,195,185,40,4133.614868,-3297.782012,2427.121582,1502.760156,0.000000,0.000000,0.000000,0.000000,0.000000,0.000000,0.000000,0.000000,0,0,0,0,0,0.000000,0.000000,0.000000
20260518_093006,2026-05-18 09:30:36,35,0.7441,1,500,105,100,5,0,20,20,141,138,48,3821.434967,-4147.292300,2273.655273,1531.949005,0.000000,0.000000,0.000000,0.000000,0.000000,0.000000,0.000000,0.000000,0,0,0,0,0,0.000000,0.000000,0.000000
20260518_093006,2026-05-18 09:30:37,36,0.7263,1,500,105,100,5,0,20,20,119,115,56,3959.181274,-4986.309007,2673.291504,1707.151776,0.000000,0.000000,0.000000,0.000000,0.000000,0.000000,0.000000,0.000000,0,0,0,0,0,0.000000,0.000000,0.000000
20260518_093006,2026-05-18 09:30:38,37,0.7526,1,500,105,100,5,0,20,20,122,116,47,3031.915359,-4095.500062,3086.846436,1487.109113,0.000000,0.000000,0.000000,0.000000,0.000000,0.000000,0.000000,0.000000,0,0,0,0,0,0.000000,0.000000,0.000000
20260518_093006,2026-05-18 09:30:38,38,0.7471,1,500,105,100,5,0,20,20,159,148,47,3199.610382,-4046.587105,2485.961914,1624.015216,0.000000,0.000000,0.000000,0.000000,0.000000,0.000000,0.000000,0.000000,0,0,0,0,0,0.000000,0.000000,0.000000
20260518_093006,2026-05-18 09:30:39,39,0.7328,1,500,105,100,5,0,20,20,107,97,62,3881.922913,-5627.959067,2883.780273,1747.284305,0.000000,0.000000,0.000000,0.000000,0.000000,0.000000,0.000000,0.000000,0,0,0,0,0,0.000000,0.000000,0.000000
20260518_093006,2026-05-18 09:30:40,40,0.7688,1,500,105,100,5,0,20,20,141,141,48,3134.327179,-4142.019812,2481.768555,1600.967804,0.000000,0.000000,0.000000,0.000000,0.000000,0.000000,0.000000,0.000000,0,0,0,0,0,0.000000,0.000000,0.000000
20260518_093006,2026-05-18 09:30:41,41,0.7403,1,500,105,100,5,0,20,20,163,160,39,3126.102295,-3250.724063,2259.736084,1498.790765,0.000000,0.000000,0.000000,0.000000,0.000000,0.000000,0.000000,0.000000,0,0,0,0,0,0.000000,0.000000,0.000000
20260518_093006,2026-05-18 09:30:42,42,0.7614,1,500,105,100,5,0,20,20,179,165,54,3722.440552,-4714.468707,2882.494385,1719.629370,0.000000,0.000000,0.000000,0.000000,0.000000,0.000000,0.000000,0.000000,0,0,0,0,0,0.000000,0.000000,0.000000
20260518_093006,2026-05-18 09:30:43,43,0.7622,1,500,105,100,5,0,20,20,204,200,39,3890.816589,-3171.383950,2473.609619,1408.432013,0.000000,0.000000,0.000000,0.000000,0.000000,0.000000,0.000000,0.000000,0,0,0,0,0,0.000000,0.000000,0.000000
20260518_093006,2026-05-18 09:30:44,44,0.7959,1,500,105,100,5,0,20,20,148,124,45,3502.817444,-3833.738077,2085.840332,1571.966150,0.000000,0.000000,0.000000,0.000000,0.000000,0.000000,0.000000,0.000000,0,0,0,0,0,0.000000,0.000000,0.000000
20260518_093006,2026-05-18 09:30:45,45,0.7703,1,500,105,100,5,0,20,20,203,195,57,3618.091309,-4999.804594,2673.669434,1743.379379,0.000000,0.000000,0.000000,0.000000,0.000000,0.000000,0.000000,0.000000,0,0,0,0,0,0.000000,0.000000,0.000000
20260518_093006,2026-05-18 09:30:45,46,0.7423,1,500,105,100,5,0,20,20,172,156,57,3693.164612,-5029.201985,2677.577148,1725.875720,0.000000,0.000000,0.000000,0.000000,0.000000,0.000000,0.000000,0.000000,0,0,0,0,0,0.000000,0.000000,0.000000
20260518_093006,2026-05-18 09:30:46,47,0.7524,1,500,105,100,5,0,20,20,196,187,45,4377.227722,-3781.951924,2435.574707,1518.072650,0.000000,0.000000,0.000000,0.000000,0.000000,0.000000,0.000000,0.000000,0,0,0,0,0,0.000000,0.000000,0.000000
20260518_093006,2026-05-18 09:30:47,48,0.7573,1,500,105,100,5,0,20,20,189,188,52,2923.240997,-4523.279685,2781.724609,1489.604477,0.000000,0.000000,0.000000,0.000000,0.000000,0.000000,0.000000,0.000000,0,0,0,0,0,0.000000,0.000000,0.000000
20260518_093006,2026-05-18 09:30:48,49,0.7220,1,500,105,100,5,0,20,20,109,107,49,3538.785019,-4343.401251,2670.125488,1694.483392,0.000000,0.000000,0.000000,0.000000,0.000000,0.000000,0.000000,0.000000,0,0,0,0,0,0.000000,0.000000,0.000000
20260518_093006,2026-05-18 09:30:49,50,0.7292,1,500,105,100,5,0,20,20,153,146,52,3869.232422,-4538.452898,2478.677734,1573.407901,0.000000,0.000000,0.000000,0.000000,0.000000,0.000000,0.000000,0.000000,0,0,0,0,0,0.000000,0.000000,0.000000
20260518_093006,2026-05-18 09:30:50,51,0.7745,1,500,105,100,5,0,20,20,114,108,45,3804.059723,-3903.058823,2668.754639,1568.281351,0.000000,0.000000,0.000000,0.000000,0.000000,0.000000,0.000000,0.000000,0,0,0,0,0,0.000000,0.000000,0.000000
20260518_093006,2026-05-18 09:30:51,52,0.7366,1,500,105,100,5,0,20,20,98,95,38,3162.032471,-3232.052502,2689.077148,1527.696283,0.000000,0.000000,0.000000,0.000000,0.000000,0.000000,0.000000,0.000000,0,0,0,0,0,0.000000,0.000000,0.000000
20260518_093006,2026-05-18 09:30:52,53,0.7315,1,500,105,100,5,0,20,20,123,121,42,3230.662109,-3603.449205,2087.098633,1446.099988,0.000000,0.000000,0.000000,0.000000,0.000000,0.000000,0.000000,0.000000,0,0,0,0,0,0.000000,0.000000,0.000000
20260518_093006,2026-05-18 09:30:52,54,0.7379,1,500,105,100,5,0,20,20,134,132,37,3691.638550,-3053.162042,2061.950195,1377.410922,0.000000,0.000000,0.000000,0.000000,0.000000,0.000000,0.000000,0.000000,0,0,0,0,0,0.000000,0.000000,0.000000
20260518_093006,2026-05-18 09:30:53,55,0.7590,1,500,105,100,5,0,20,20,120,118,34,3280.503784,-2815.939297,2177.001221,1376.714124,0.000000,0.000000,0.000000,0.000000,0.000000,0.000000,0.000000,0.000000,0,0,0,0,0,0.000000,0.000000,0.000000
20260518_093006,2026-05-18 09:30:54,56,0.7492,1,500,105,100,5,0,20,20,140,140,35,2650.433176,-2894.632833,2307.692383,1392.632663,0.000000,0.000000,0.000000,0.000000,0.000000,0.000000,0.000000,0.000000,0,0,0,0,0,0.000000,0.000000,0.000000
20260518_093006,2026-05-18 09:30:55,57,0.7312,1,500,105,100,5,0,20,20,114,110,45,3947.821594,-3892.232359,2671.803223,1587.037521,0.000000,0.000000,0.000000,0.000000,0.000000,0.000000,0.000000,0.000000,0,0,0,0,0,0.000000,0.000000,0.000000
20260518_093006,2026-05-18 09:30:56,58,0.7774,1,500,105,100,5,0,20,20,136,130,37,3607.630249,-3074.880482,2680.536621,1474.854788,0.000000,0.000000,0.000000,0.000000,0.000000,0.000000,0.000000,0.000000,0,0,0,0,0,0.000000,0.000000,0.000000
20260518_093006,2026-05-18 09:30:57,59,0.7803,1,500,105,100,5,0,20,20,172,169,47,4018.687927,-4044.719419,2865.838867,1569.592313,0.000000,0.000000,0.000000,0.000000,0.000000,0.000000,0.000000,0.000000,0,0,0,0,0,0.000000,0.000000,0.000000
20260518_093006,2026-05-18 09:30:58,60,0.7304,1,500,105,100,5,0,20,20,131,116,36,3671.448517,-2997.153476,2278.101318,1398.560489,0.000000,0.000000,0.000000,0.000000,0.000000,0.000000,0.000000,0.000000,0,0,0,0,0,0.000000,0.000000,0.000000
20260518_093006,2026-05-18 09:30:59,61,0.7466,1,500,105,100,5,0,20,20,158,154,38,3736.878998,-3137.060863,2284.577637,1481.670505,0.000000,0.000000,0.000000,0.000000,0.000000,0.000000,0.000000,0.000000,0,0,0,0,0,0.000000,0.000000,0.000000
20260518_093006,2026-05-18 09:30:59,62,0.7266,1,500,105,100,5,0,20,20,91,89,52,3190.200134,-4664.469033,2876.453857,1619.236703,0.000000,0.000000,0.000000,0.000000,0.000000,0.000000,0.000000,0.000000,0,0,0,0,0,0.000000,0.000000,0.000000
20260518_093006,2026-05-18 09:31:00,63,0.7454,1,500,105,100,5,0,20,20,188,182,41,3765.757751,-3418.334872,2261.000732,1533.946283,0.000000,0.000000,0.000000,0.000000,0.000000,0.000000,0.000000,0.000000,0,0,0,0,0,0.000000,0.000000,0.000000
20260518_093006,2026-05-18 09:31:01,64,0.7310,1,500,105,100,5,0,20,20,125,114,51,3770.813049,-4512.364723,2879.201416,1634.920956,0.000000,0.000000,0.000000,0.000000,0.000000,0.000000,0.000000,0.000000,0,0,0,0,0,0.000000,0.000000,0.000000
20260518_093006,2026-05-18 09:31:02,65,0.7703,1,500,105,100,5,0,20,20,135,120,36,3242.677307,-2975.792235,2462.604736,1259.884448,0.000000,0.000000,0.000000,0.000000,0.000000,0.000000,0.000000,0.000000,0,0,0,0,0,0.000000,0.000000,0.000000
20260518_093006,2026-05-18 09:31:03,66,0.7342,1,500,105,100,5,0,20,20,101,95,31,3824.650909,-2539.469314,1979.203979,1388.593338,0.000000,0.000000,0.000000,0.000000,0.000000,0.000000,0.000000,0.000000,0,0,0,0,0,0.000000,0.000000,0.000000
20260518_093006,2026-05-18 09:31:04,67,0.7604,1,500,105,100,5,0,20,20,126,121,32,3884.782471,-2594.952709,2029.286377,1428.677325,0.000000,0.000000,0.000000,0.000000,0.000000,0.000000,0.000000,0.000000,0,0,0,0,0,0.000000,0.000000,0.000000
20260518_093006,2026-05-18 09:31:05,68,0.7122,1,500,105,100,5,0,20,20,113,112,45,2924.041397,-3915.734327,3089.047363,1546.088962,0.000000,0.000000,0.000000,0.000000,0.000000,0.000000,0.000000,0.000000,0,0,0,0,0,0.000000,0.000000,0.000000
20260518_093006,2026-05-18 09:31:06,69,0.7239,1,500,105,100,5,0,20,20,136,132,37,3566.790527,-3081.694107,2448.625732,1412.903043,0.000000,0.000000,0.000000,0.000000,0.000000,0.000000,0.000000,0.000000,0,0,0,0,0,0.000000,0.000000,0.000000
20260518_093006,2026-05-18 09:31:06,70,0.7309,1,500,105,100,5,0,20,20,210,202,46,3969.638794,-3893.462587,3274.177734,1489.995047,0.000000,0.000000,0.000000,0.000000,0.000000,0.000000,0.000000,0.000000,0,0,0,0,0,0.000000,0.000000,0.000000
20260518_093006,2026-05-18 09:31:07,71,0.7642,1,500,105,100,5,0,20,20,111,108,35,3630.277954,-2929.330164,2679.879395,1420.539133,0.000000,0.000000,0.000000,0.000000,0.000000,0.000000,0.000000,0.000000,0,0,0,0,0,0.000000,0.000000,0.000000
20260518_093006,2026-05-18 09:31:08,72,0.7310,1,500,105,100,5,0,20,20,101,85,36,4368.439331,-3043.170022,3290.349854,1392.841599,0.000000,0.000000,0.000000,0.000000,0.000000,0.000000,0.000000,0.000000,0,0,0,0,0,0.000000,0.000000,0.000000
20260518_093006,2026-05-18 09:31:09,73,0.7323,1,500,105,100,5,0,20,20,130,120,40,3270.576172,-3387.015140,2204.473877,1476.310193,0.000000,0.000000,0.000000,0.000000,0.000000,0.000000,0.000000,0.000000,0,0,0,0,0,0.000000,0.000000,0.000000
20260518_093006,2026-05-18 09:31:10,74,0.7260,1,500,105,100,5,0,20,20,156,148,41,4235.829651,-3436.411358,2810.395508,1514.908817,0.000000,0.000000,0.000000,0.000000,0.000000,0.000000,0.000000,0.000000,0,0,0,0,0,0.000000,0.000000,0.000000
20260518_093006,2026-05-18 09:31:11,75,0.7506,1,500,105,100,5,0,20,20,180,171,49,4205.739014,-4201.844398,2859.991455,1548.041739,0.000000,0.000000,0.000000,0.000000,0.000000,0.000000,0.000000,0.000000,0,0,0,0,0,0.000000,0.000000,0.000000
20260518_093006,2026-05-18 09:31:12,76,0.7265,1,500,105,100,5,0,20,20,178,172,50,3930.810852,-4286.498782,2688.716064,1608.581342,0.000000,0.000000,0.000000,0.000000,0.000000,0.000000,0.000000,0.000000,0,0,0,0,0,0.000000,0.000000,0.000000
20260518_093006,2026-05-18 09:31:13,77,0.7461,1,500,105,100,5,0,20,20,193,183,47,4150.138672,-4005.450903,2482.874268,1572.614902,0.000000,0.000000,0.000000,0.000000,0.000000,0.000000,0.000000,0.000000,0,0,0,0,0,0.000000,0.000000,0.000000
20260518_093006,2026-05-18 09:31:14,78,0.7639,1,500,105,100,5,0,20,20,154,144,42,1422.305542,-3534.784236,2459.451904,1556.531494,0.000000,0.000000,0.000000,0.000000,0.000000,0.000000,0.000000,0.000000,0,0,0,0,0,0.000000,0.000000,0.000000
20260518_093006,2026-05-18 09:31:15,79,0.7623,1,500,105,100,5,0,20,20,163,149,34,5023.922607,-2721.818066,2235.954102,1352.712167,0.000000,0.000000,0.000000,0.000000,0.000000,0.000000,0.000000,0.000000,0,0,0,0,0,0.000000,0.000000,0.000000
20260518_093006,2026-05-18 09:31:15,80,0.7330,1,500,105,100,5,0,20,20,189,187,43,3209.399567,-3626.727867,2111.769043,1492.253781,0.000000,0.000000,0.000000,0.000000,0.000000,0.000000,0.000000,0.000000,0,0,0,0,0,0.000000,0.000000,0.000000
20260518_093006,2026-05-18 09:31:16,81,0.7202,1,500,105,100,5,0,20,20,128,124,39,3205.819092,-3299.364616,2240.108887,1532.941885,0.000000,0.000000,0.000000,0.000000,0.000000,0.000000,0.000000,0.000000,0,0,0,0,0,0.000000,0.000000,0.000000
20260518_093006,2026-05-18 09:31:17,82,0.7410,1,500,105,100,5,0,20,20,127,121,49,4344.015503,-4271.791290,2675.182617,1598.298923,0.000000,0.000000,0.000000,0.000000,0.000000,0.000000,0.000000,0.000000,0,0,0,0,0,0.000000,0.000000,0.000000
20260518_093006,2026-05-18 09:31:18,83,0.7536,1,500,105,100,5,0,20,20,120,116,44,3357.042455,-3781.977775,2697.235352,1546.014658,0.000000,0.000000,0.000000,0.000000,0.000000,0.000000,0.000000,0.000000,0,0,0,0,0,0.000000,0.000000,0.000000
20260518_093006,2026-05-18 09:31:19,84,0.7355,1,500,105,100,5,0,20,20,143,139,41,3764.505249,-3460.553886,2266.574707,1449.605759,0.000000,0.000000,0.000000,0.000000,0.000000,0.000000,0.000000,0.000000,0,0,0,0,0,0.000000,0.000000,0.000000
20260518_093006,2026-05-18 09:31:20,85,0.7379,1,500,105,100,5,0,20,20,196,186,49,3949.888794,-4214.987908,2886.743164,1642.563443,0.000000,0.000000,0.000000,0.000000,0.000000,0.000000,0.000000,0.000000,0,0,0,0,0,0.000000,0.000000,0.000000
20260518_093006,2026-05-18 09:31:21,86,0.7400,1,500,105,100,5,0,20,20,115,113,35,3146.415710,-2925.928276,2086.604248,1397.038242,0.000000,0.000000,0.000000,0.000000,0.000000,0.000000,0.000000,0.000000,0,0,0,0,0,0.000000,0.000000,0.000000
20260518_093006,2026-05-18 09:31:22,87,0.7651,1,500,105,100,5,0,20,20,142,134,51,3966.112793,-4502.756326,4080.658691,1526.221194,0.000000,0.000000,0.000000,0.000000,0.000000,0.000000,0.000000,0.000000,0,0,0,0,0,0.000000,0.000000,0.000000
20260518_093006,2026-05-18 09:31:23,88,0.7515,1,500,105,100,5,0,20,20,187,171,43,3812.275085,-3608.369071,2684.136230,1479.006894,0.000000,0.000000,0.000000,0.000000,0.000000,0.000000,0.000000,0.000000,0,0,0,0,0,0.000000,0.000000,0.000000
20260518_093006,2026-05-18 09:31:24,89,0.7432,1,500,105,100,5,0,20,20,200,182,56,4580.495483,-4910.814332,3295.756836,1817.037830,0.000000,0.000000,0.000000,0.000000,0.000000,0.000000,0.000000,0.000000,0,0,0,0,0,0.000000,0.000000,0.000000
20260518_093006,2026-05-18 09:31:24,90,0.7432,1,500,105,100,5,0,20,20,181,171,48,3593.274643,-4132.044600,2481.167480,1537.822931,0.000000,0.000000,0.000000,0.000000,0.000000,0.000000,0.000000,0.000000,0,0,0,0,0,0.000000,0.000000,0.000000
20260518_093006,2026-05-18 09:31:25,91,0.7283,1,500,105,100,5,0,20,20,171,167,37,3351.531738,-3054.043794,2402.791016,1357.168414,0.000000,0.000000,0.000000,0.000000,0.000000,0.000000,0.000000,0.000000,0,0,0,0,0,0.000000,0.000000,0.000000
20260518_093006,2026-05-18 09:31:26,92,0.7396,1,500,105,100,5,0,20,20,112,111,39,3715.467072,-3308.987118,2899.211670,1425.801929,0.000000,0.000000,0.000000,0.000000,0.000000,0.000000,0.000000,0.000000,0,0,0,0,0,0.000000,0.000000,0.000000
20260518_093006,2026-05-18 09:31:27,93,0.7472,1,500,105,100,5,0,20,20,115,114,35,3215.336761,-2917.073385,2878.877686,1432.363458,0.000000,0.000000,0.000000,0.000000,0.000000,0.000000,0.000000,0.000000,0,0,0,0,0,0.000000,0.000000,0.000000
20260518_093006,2026-05-18 09:31:28,94,0.7321,1,500,105,100,5,0,20,20,127,121,29,3121.749115,-2307.872385,2086.308105,1326.429666,0.000000,0.000000,0.000000,0.000000,0.000000,0.000000,0.000000,0.000000,0,0,0,0,0,0.000000,0.000000,0.000000
20260518_093006,2026-05-18 09:31:29,95,0.7197,1,500,105,100,5,0,20,20,132,125,58,2983.612610,-5242.426104,3269.674072,1643.831177,0.000000,0.000000,0.000000,0.000000,0.000000,0.000000,0.000000,0.000000,0,0,0,0,0,0.000000,0.000000,0.000000
20260518_093006,2026-05-18 09:31:30,96,0.7380,1,500,105,100,5,0,20,20,155,153,34,3273.048248,-2762.979628,2275.129395,1392.132886,0.000000,0.000000,0.000000,0.000000,0.000000,0.000000,0.000000,0.000000,0,0,0,0,0,0.000000,0.000000,0.000000
20260518_093006,2026-05-18 09:31:31,97,0.7876,1,500,105,100,5,0,20,20,173,160,51,3694.227661,-4469.594551,2872.863770,1686.020319,0.000000,0.000000,0.000000,0.000000,0.000000,0.000000,0.000000,0.000000,0,0,0,0,0,0.000000,0.000000,0.000000
20260518_093006,2026-05-18 09:31:32,98,0.7474,1,500,105,100,5,0,20,20,106,102,48,3763.333160,-4223.109228,2252.629395,1647.253284,0.000000,0.000000,0.000000,0.000000,0.000000,0.000000,0.000000,0.000000,0,0,0,0,0,0.000000,0.000000,0.000000
20260518_093006,2026-05-18 09:31:33,99,0.7327,1,500,105,100,5,0,20,20,139,138,48,3570.447998,-4155.479424,2281.104004,1647.251114,0.000000,0.000000,0.000000,0.000000,0.000000,0.000000,0.000000,0.000000,0,0,0,0,0,0.000000,0.000000,0.000000
20260518_093006,2026-05-18 09:31:33,100,0.7679,1,500,105,100,5,0,20,20,174,168,46,4061.524841,-3934.369602,2294.357422,1555.917999,0.000000,0.000000,0.000000,0.000000,0.000000,0.000000,0.000000,0.000000,0,0,0,0,0,0.000000,0.000000,0.000000
20260518_093006,2026-05-18 09:31:34,101,0.7260,1,500,105,100,5,0,20,20,217,214,60,3419.109619,-5283.939519,2670.495605,1708.328302,0.000000,0.000000,0.000000,0.000000,0.000000,0.000000,0.000000,0.000000,0,0,0,0,0,0.000000,0.000000,0.000000
20260518_093006,2026-05-18 09:31:35,102,0.7446,1,500,105,100,5,0,20,20,148,140,57,3922.971802,-5070.841292,2485.768066,1740.347681,0.000000,0.000000,0.000000,0.000000,0.000000,0.000000,0.000000,0.000000,0,0,0,0,0,0.000000,0.000000,0.000000
20260518_093006,2026-05-18 09:31:36,103,0.7704,1,500,105,100,5,0,20,20,108,106,39,1597.875977,-3327.860176,2088.984863,1596.153638,0.000000,0.000000,0.000000,0.000000,0.000000,0.000000,0.000000,0.000000,0,0,0,0,0,0.000000,0.000000,0.000000
20260518_093006,2026-05-18 09:31:37,104,0.7456,1,500,105,100,5,0,20,20,180,173,36,3706.608765,-2909.850082,2483.809082,1370.024460,0.000000,0.000000,0.000000,0.000000,0.000000,0.000000,0.000000,0.000000,0,0,0,0,0,0.000000,0.000000,0.000000
20260518_093006,2026-05-18 09:31:38,105,0.7409,1,500,105,100,5,0,20,20,94,91,34,3660.315247,-2842.305511,2478.488037,1471.137195,0.000000,0.000000,0.000000,0.000000,0.000000,0.000000,0.000000,0.000000,0,0,0,0,0,0.000000,0.000000,0.000000
20260518_093006,2026-05-18 09:31:39,106,0.7953,1,500,105,100,5,0,20,20,140,131,39,3037.655624,-3297.314975,3071.005615,1425.090341,0.000000,0.000000,0.000000,0.000000,0.000000,0.000000,0.000000,0.000000,0,0,0,0,0,0.000000,0.000000,0.000000
20260518_093006,2026-05-18 09:31:40,107,0.7645,1,500,105,100,5,0,20,20,138,134,41,4014.496277,-3499.893338,2684.469238,1429.391672,0.000000,0.000000,0.000000,0.000000,0.000000,0.000000,0.000000,0.000000,0,0,0,0,0,0.000000,0.000000,0.000000
20260518_093006,2026-05-18 09:31:41,108,0.7439,1,500,105,100,5,0,20,20,90,81,38,3509.792404,-3218.368458,2477.515137,1415.248593,0.000000,0.000000,0.000000,0.000000,0.000000,0.000000,0.000000,0.000000,0,0,0,0,0,0.000000,0.000000,0.000000
20260518_093006,2026-05-18 09:31:42,109,0.7728,1,500,105,100,5,0,20,20,102,97,22,3523.033966,-1624.810875,2068.930664,1234.625949,0.000000,0.000000,0.000000,0.000000,0.000000,0.000000,0.000000,0.000000,0,0,0,0,0,0.000000,0.000000,0.000000
20260518_093006,2026-05-18 09:31:43,110,0.7246,1,500,105,100,5,0,20,20,104,101,30,3055.066406,-2453.863663,2283.713867,1419.932938,0.000000,0.000000,0.000000,0.000000,0.000000,0.000000,0.000000,0.000000,0,0,0,0,0,0.000000,0.000000,0.000000
20260518_093006,2026-05-18 09:31:43,111,0.7292,1,500,105,100,5,0,20,20,220,219,38,3081.604004,-3085.831005,2004.233154,1379.788071,0.000000,0.000000,0.000000,0.000000,0.000000,0.000000,0.000000,0.000000,0,0,0,0,0,0.000000,0.000000,0.000000
20260518_093006,2026-05-18 09:31:44,112,0.7860,1,500,105,100,5,0,20,20,95,90,45,3831.996735,-3940.187943,2896.711914,1624.272626,0.000000,0.000000,0.000000,0.000000,0.000000,0.000000,0.000000,0.000000,0,0,0,0,0,0.000000,0.000000,0.000000
20260518_093006,2026-05-18 09:31:45,113,0.7328,1,500,105,100,5,0,20,20,142,141,33,3155.050354,-2707.772486,2268.155762,1203.861374,0.000000,0.000000,0.000000,0.000000,0.000000,0.000000,0.000000,0.000000,0,0,0,0,0,0.000000,0.000000,0.000000
20260518_093006,2026-05-18 09:31:46,114,0.7393,1,500,105,100,5,0,20,20,115,113,36,3523.386856,-3034.886121,2480.346680,1432.208340,0.000000,0.000000,0.000000,0.000000,0.000000,0.000000,0.000000,0.000000,0,0,0,0,0,0.000000,0.000000,0.000000
20260518_093006,2026-05-18 09:31:47,115,0.7911,1,500,105,100,5,0,20,20,145,143,26,3715.257935,-1984.805827,2088.354004,1238.873666,0.000000,0.000000,0.000000,0.000000,0.000000,0.000000,0.000000,0.000000,0,0,0,0,0,0.000000,0.000000,0.000000
20260518_093006,2026-05-18 09:31:48,116,0.7436,1,500,105,100,5,0,20,20,83,80,32,3812.391266,-2635.342122,2686.128418,1259.537820,0.000000,0.000000,0.000000,0.000000,0.000000,0.000000,0.000000,0.000000,0,0,0,0,0,0.000000,0.000000,0.000000
20260518_093006,2026-05-18 09:31:49,117,0.7450,1,500,105,100,5,0,20,20,85,82,33,3228.255066,-2763.683575,2475.033203,1403.038425,0.000000,0.000000,0.000000,0.000000,0.000000,0.000000,0.000000,0.000000,0,0,0,0,0,0.000000,0.000000,0.000000
20260518_093006,2026-05-18 09:31:50,118,0.7312,1,500,105,100,5,0,20,20,89,81,29,4069.337708,-2377.676846,2471.151855,1357.969702,0.000000,0.000000,0.000000,0.000000,0.000000,0.000000,0.000000,0.000000,0,0,0,0,0,0.000000,0.000000,0.000000
20260518_093006,2026-05-18 09:31:51,119,0.7407,1,500,105,100,5,0,20,20,104,102,22,3970.774048,-1623.168601,2086.965332,1212.151001,0.000000,0.000000,0.000000,0.000000,0.000000,0.000000,0.000000,0.000000,0,0,0,0,0,0.000000,0.000000,0.000000
20260518_093006,2026-05-18 09:31:52,120,0.7277,1,500,105,100,5,0,20,20,105,103,39,3599.357849,-3342.802501,2280.255127,1386.753864,0.000000,0.000000,0.000000,0.000000,0.000000,0.000000,0.000000,0.000000,0,0,0,0,0,0.000000,0.000000,0.000000
20260518_093006,2026-05-18 09:31:53,121,0.7748,1,500,105,100,5,0,20,20,117,113,30,3131.943878,-2389.637791,2671.668457,1283.500787,0.000000,0.000000,0.000000,0.000000,0.000000,0.000000,0.000000,0.000000,0,0,0,0,0,0.000000,0.000000,0.000000
20260518_093006,2026-05-18 09:31:54,122,0.7499,1,500,105,100,5,0,20,20,117,109,45,3856.837891,-3944.814855,3073.849121,1461.020404,0.000000,0.000000,0.000000,0.000000,0.000000,0.000000,0.000000,0.000000,0,0,0,0,0,0.000000,0.000000,0.000000
20260518_093006,2026-05-18 09:31:54,123,0.7503,1,500,105,100,5,0,20,20,88,85,37,3224.484680,-3168.533227,3089.747070,1378.053348,0.000000,0.000000,0.000000,0.000000,0.000000,0.000000,0.000000,0.000000,0,0,0,0,0,0.000000,0.000000,0.000000
20260518_093006,2026-05-18 09:31:55,124,0.7307,1,500,105,100,5,0,20,20,87,78,38,3810.303833,-3245.861618,2681.914551,1427.920941,0.000000,0.000000,0.000000,0.000000,0.000000,0.000000,0.000000,0.000000,0,0,0,0,0,0.000000,0.000000,0.000000
20260518_093006,2026-05-18 09:31:56,125,0.7330,1,500,105,100,5,0,20,20,130,123,40,3655.612854,-3417.203195,2682.906494,1557.844785,0.000000,0.000000,0.000000,0.000000,0.000000,0.000000,0.000000,0.000000,0,0,0,0,0,0.000000,0.000000,0.000000
20260518_093006,2026-05-18 09:31:57,126,0.7349,1,500,105,100,5,0,20,20,114,111,31,3846.818848,-2508.598143,2473.604492,1464.559912,0.000000,0.000000,0.000000,0.000000,0.000000,0.000000,0.000000,0.000000,0,0,0,0,0,0.000000,0.000000,0.000000
20260518_093006,2026-05-18 09:31:58,127,0.7472,1,500,105,100,5,0,20,20,92,90,45,3819.883118,-3991.852436,2884.600586,1603.654337,0.000000,0.000000,0.000000,0.000000,0.000000,0.000000,0.000000,0.000000,0,0,0,0,0,0.000000,0.000000,0.000000
20260518_093006,2026-05-18 09:31:59,128,0.7777,1,500,105,100,5,0,20,20,115,109,28,1386.125854,-2228.089001,1877.647949,1209.991852,0.000000,0.000000,0.000000,0.000000,0.000000,0.000000,0.000000,0.000000,0,0,0,0,0,0.000000,0.000000,0.000000
20260518_093006,2026-05-18 09:32:00,129,0.7795,1,500,105,100,5,0,20,20,72,66,38,3876.081665,-3242.661421,2880.603516,1406.826465,0.000000,0.000000,0.000000,0.000000,0.000000,0.000000,0.000000,0.000000,0,0,0,0,0,0.000000,0.000000,0.000000
20260518_093006,2026-05-18 09:32:01,130,0.7440,1,500,105,100,5,0,20,20,86,84,27,3621.918365,-2123.180178,1821.294800,1450.499152,0.000000,0.000000,0.000000,0.000000,0.000000,0.000000,0.000000,0.000000,0,0,0,0,0,0.000000,0.000000,0.000000
20260518_093006,2026-05-18 09:32:02,131,0.7490,1,500,105,100,5,0,20,20,102,85,21,3682.315826,-1526.214116,1862.139648,1138.734061,0.000000,0.000000,0.000000,0.000000,0.000000,0.000000,0.000000,0.000000,0,0,0,0,0,0.000000,0.000000,0.000000
20260518_093006,2026-05-18 09:32:03,132,0.7257,1,500,105,100,5,0,20,20,124,123,26,3595.928864,-1989.331275,2362.422119,1358.758701,0.000000,0.000000,0.000000,0.000000,0.000000,0.000000,0.000000,0.000000,0,0,0,0,0,0.000000,0.000000,0.000000
20260518_093006,2026-05-18 09:32:04,133,0.7688,1,500,105,100,5,0,20,20,110,109,25,3715.767120,-1899.438117,2065.959473,1442.599637,0.000000,0.000000,0.000000,0.000000,0.000000,0.000000,0.000000,0.000000,0,0,0,0,0,0.000000,0.000000,0.000000
20260518_093006,2026-05-18 09:32:05,134,0.7328,1,500,105,100,5,0,20,20,83,81,34,3716.616547,-2866.697873,2072.287109,1460.895297,0.000000,0.000000,0.000000,0.000000,0.000000,0.000000,0.000000,0.000000,0,0,0,0,0,0.000000,0.000000,0.000000
20260518_093006,2026-05-18 09:32:06,135,0.7556,1,500,105,100,5,0,20,20,105,104,28,3588.167435,-2255.795560,1895.656250,1389.253452,0.000000,0.000000,0.000000,0.000000,0.000000,0.000000,0.000000,0.000000,0,0,0,0,0,0.000000,0.000000,0.000000
20260518_093006,2026-05-18 09:32:07,136,0.7999,1,500,105,100,5,0,20,20,87,83,51,3779.465576,-4552.156688,2480.421875,1788.957947,0.000000,0.000000,0.000000,0.000000,0.000000,0.000000,0.000000,0.000000,0,0,0,0,0,0.000000,0.000000,0.000000
20260518_093006,2026-05-18 09:32:08,137,0.7694,1,500,105,100,5,0,20,20,132,127,22,3730.480774,-1610.461107,1698.556396,1215.002466,0.000000,0.000000,0.000000,0.000000,0.000000,0.000000,0.000000,0.000000,0,0,0,0,0,0.000000,0.000000,0.000000
20260518_093006,2026-05-18 09:32:09,138,0.7432,1,500,105,100,5,0,20,20,102,101,31,3700.285339,-2508.065573,1879.558350,1360.270313,0.000000,0.000000,0.000000,0.000000,0.000000,0.000000,0.000000,0.000000,0,0,0,0,0,0.000000,0.000000,0.000000
20260518_093006,2026-05-18 09:32:10,139,0.7550,1,500,105,100,5,0,20,20,137,132,31,3570.757111,-2467.448435,2088.541748,1355.863959,0.000000,0.000000,0.000000,0.000000,0.000000,0.000000,0.000000,0.000000,0,0,0,0,0,0.000000,0.000000,0.000000
20260518_093006,2026-05-18 09:32:11,140,0.7560,1,500,105,100,5,0,20,20,121,121,41,3648.559998,-3515.572645,2678.705566,1592.354977,0.000000,0.000000,0.000000,0.000000,0.000000,0.000000,0.000000,0.000000,0,0,0,0,0,0.000000,0.000000,0.000000
20260518_093006,2026-05-18 09:32:11,141,0.7482,1,500,105,100,5,0,20,20,118,115,35,3801.567963,-2871.598780,2079.211670,1384.860281,0.000000,0.000000,0.000000,0.000000,0.000000,0.000000,0.000000,0.000000,0,0,0,0,0,0.000000,0.000000,0.000000
20260518_093006,2026-05-18 09:32:12,142,0.7272,1,500,105,100,5,0,20,20,91,85,41,3264.474670,-3526.193990,3066.137207,1516.824295,0.000000,0.000000,0.000000,0.000000,0.000000,0.000000,0.000000,0.000000,0,0,0,0,0,0.000000,0.000000,0.000000
20260518_093006,2026-05-18 09:32:13,143,0.7589,1,500,105,100,5,0,20,20,110,106,37,3477.172058,-3124.055604,2679.292969,1512.848520,0.000000,0.000000,0.000000,0.000000,0.000000,0.000000,0.000000,0.000000,0,0,0,0,0,0.000000,0.000000,0.000000
20260518_093006,2026-05-18 09:32:14,144,0.7736,1,500,105,100,5,0,20,20,124,122,40,3593.741882,-3393.746675,2890.437012,1483.690451,0.000000,0.000000,0.000000,0.000000,0.000000,0.000000,0.000000,0.000000,0,0,0,0,0,0.000000,0.000000,0.000000
20260518_093006,2026-05-18 09:32:15,145,0.7712,1,500,105,100,5,0,20,20,126,121,33,4158.134277,-2719.838512,2281.742676,1391.409497,0.000000,0.000000,0.000000,0.000000,0.000000,0.000000,0.000000,0.000000,0,0,0,0,0,0.000000,0.000000,0.000000
20260518_093006,2026-05-18 09:32:16,146,0.7800,1,500,105,100,5,0,20,20,68,64,32,3571.541962,-2697.206890,2302.839844,1308.656476,0.000000,0.000000,0.000000,0.000000,0.000000,0.000000,0.000000,0.000000,0,0,0,0,0,0.000000,0.000000,0.000000
20260518_093006,2026-05-18 09:32:17,147,0.7503,1,500,105,100,5,0,20,20,132,129,38,3902.498596,-3176.726909,2280.991211,1306.657785,0.000000,0.000000,0.000000,0.000000,0.000000,0.000000,0.000000,0.000000,0,0,0,0,0,0.000000,0.000000,0.000000
20260518_093006,2026-05-18 09:32:18,148,0.7473,1,500,105,100,5,0,20,20,103,90,35,4426.480835,-2925.122199,2686.369629,1388.174924,0.000000,0.000000,0.000000,0.000000,0.000000,0.000000,0.000000,0.000000,0,0,0,0,0,0.000000,0.000000,0.000000
20260518_093006,2026-05-18 09:32:19,149,0.7566,1,500,105,100,5,0,20,20,111,107,41,3317.495178,-3494.281622,2479.258789,1406.785068,0.000000,0.000000,0.000000,0.000000,0.000000,0.000000,0.000000,0.000000,0,0,0,0,0,0.000000,0.000000,0.000000
20260518_093006,2026-05-18 09:32:20,150,0.7640,1,500,105,100,5,0,20,20,113,109,40,3184.164276,-3391.330865,3086.013916,1433.503348,0.000000,0.000000,0.000000,0.000000,0.000000,0.000000,0.000000,0.000000,0,0,0,0,0,0.000000,0.000000,0.000000
20260518_093006,2026-05-18 09:32:21,151,0.7486,1,500,105,100,5,0,20,20,56,52,37,3130.714783,-3213.539335,2293.524902,1544.006021,0.000000,0.000000,0.000000,0.000000,0.000000,0.000000,0.000000,0.000000,0,0,0,0,0,0.000000,0.000000,0.000000
20260518_093006,2026-05-18 09:32:22,152,0.7317,1,500,105,100,5,0,20,20,95,89,56,3447.380981,-5037.927450,4078.620361,1730.583768,0.000000,0.000000,0.000000,0.000000,0.000000,0.000000,0.000000,0.000000,0,0,0,0,0,0.000000,0.000000,0.000000
20260518_093006,2026-05-18 09:32:23,153,0.7665,1,500,105,100,5,0,20,20,114,103,55,3637.480286,-4914.973012,3080.280273,1726.157422,0.000000,0.000000,0.000000,0.000000,0.000000,0.000000,0.000000,0.000000,0,0,0,0,0,0.000000,0.000000,0.000000
20260518_093006,2026-05-18 09:32:24,154,0.7777,1,500,105,100,5,0,20,20,91,87,46,3708.071625,-4080.602169,3077.810303,1544.677664,0.000000,0.000000,0.000000,0.000000,0.000000,0.000000,0.000000,0.000000,0,0,0,0,0,0.000000,0.000000,0.000000
20260518_093006,2026-05-18 09:32:25,155,0.8024,1,500,105,100,5,0,20,20,125,116,41,3531.038940,-3486.961518,2288.443848,1332.619904,0.000000,0.000000,0.000000,0.000000,0.000000,0.000000,0.000000,0.000000,0,0,0,0,0,0.000000,0.000000,0.000000
20260518_093006,2026-05-18 09:32:26,156,0.8195,1,500,105,100,5,0,20,20,83,81,27,3568.098831,-2167.710022,2665.627197,1348.411801,0.000000,0.000000,0.000000,0.000000,0.000000,0.000000,0.000000,0.000000,0,0,0,0,0,0.000000,0.000000,0.000000
20260518_093006,2026-05-18 09:32:27,157,0.7904,1,500,105,100,5,0,20,20,113,112,41,3589.211258,-3494.318110,2688.416992,1393.843896,0.000000,0.000000,0.000000,0.000000,0.000000,0.000000,0.000000,0.000000,0,0,0,0,0,0.000000,0.000000,0.000000
20260518_093006,2026-05-18 09:32:28,158,0.7461,1,500,105,100,5,0,20,20,92,86,42,3630.824463,-3606.995716,2496.984375,1602.860828,0.000000,0.000000,0.000000,0.000000,0.000000,0.000000,0.000000,0.000000,0,0,0,0,0,0.000000,0.000000,0.000000
20260518_093006,2026-05-18 09:32:29,159,0.7611,1,500,105,100,5,0,20,20,87,79,30,3483.252090,-2477.641960,2471.316406,1384.434000,0.000000,0.000000,0.000000,0.000000,0.000000,0.000000,0.000000,0.000000,0,0,0,0,0,0.000000,0.000000,0.000000
20260518_093006,2026-05-18 09:32:30,160,0.7547,1,500,105,100,5,0,20,20,87,84,32,3718.288300,-2656.064947,3282.581055,1430.949310,0.000000,0.000000,0.000000,0.000000,0.000000,0.000000,0.000000,0.000000,0,0,0,0,0,0.000000,0.000000,0.000000
20260518_093006,2026-05-18 09:32:31,161,0.7421,1,500,105,100,5,0,20,20,113,110,24,3676.061584,-1831.061005,2482.896484,1240.748694,0.000000,0.000000,0.000000,0.000000,0.000000,0.000000,0.000000,0.000000,0,0,0,0,0,0.000000,0.000000,0.000000
20260518_093006,2026-05-18 09:32:32,162,0.7468,1,500,105,100,5,0,20,20,53,52,40,3654.698120,-3489.491552,2681.467041,1570.370062,0.000000,0.000000,0.000000,0.000000,0.000000,0.000000,0.000000,0.000000,0,0,0,0,0,0.000000,0.000000,0.000000
20260518_093006,2026-05-18 09:32:33,163,0.7743,1,500,105,100,5,0,20,20,92,75,22,4693.171387,-1668.913721,2074.383057,1334.961386,0.000000,0.000000,0.000000,0.000000,0.000000,0.000000,0.000000,0.000000,0,0,0,0,0,0.000000,0.000000,0.000000
20260518_093006,2026-05-18 09:32:34,164,0.7709,1,500,105,100,5,0,20,20,81,77,25,4323.138123,-1956.578683,2882.098633,1455.607153,0.000000,0.000000,0.000000,0.000000,0.000000,0.000000,0.000000,0.000000,0,0,0,0,0,0.000000,0.000000,0.000000
20260518_093006,2026-05-18 09:32:35,165,0.7746,1,500,105,100,5,0,20,20,73,71,43,3736.296570,-3760.988441,3470.984375,1564.699106,0.000000,0.000000,0.000000,0.000000,0.000000,0.000000,0.000000,0.000000,0,0,0,0,0,0.000000,0.000000,0.000000
20260518_093006,2026-05-18 09:32:36,166,0.7748,1,500,105,100,5,0,20,20,125,124,27,3642.223358,-2086.006555,2088.043457,1355.653445,0.000000,0.000000,0.000000,0.000000,0.000000,0.000000,0.000000,0.000000,0,0,0,0,0,0.000000,0.000000,0.000000
20260518_093006,2026-05-18 09:32:37,167,0.7807,1,500,105,100,5,0,20,20,138,135,29,3163.168915,-2265.521306,2089.840576,1458.192316,0.000000,0.000000,0.000000,0.000000,0.000000,0.000000,0.000000,0.000000,0,0,0,0,0,0.000000,0.000000,0.000000
20260518_093006,2026-05-18 09:32:38,168,0.7821,1,500,105,100,5,0,20,20,84,61,33,2935.291931,-2744.797389,2690.905762,1486.700482,0.000000,0.000000,0.000000,0.000000,0.000000,0.000000,0.000000,0.000000,0,0,0,0,0,0.000000,0.000000,0.000000
20260518_093006,2026-05-18 09:32:39,169,0.7513,1,500,105,100,5,0,20,20,94,92,53,3293.286194,-4750.947836,2674.323975,1732.372217,0.000000,0.000000,0.000000,0.000000,0.000000,0.000000,0.000000,0.000000,0,0,0,0,0,0.000000,0.000000,0.000000
20260518_093006,2026-05-18 09:32:40,170,0.7491,1,500,105,100,5,0,20,20,119,113,57,3040.052460,-5118.714367,2485.058838,1720.881433,0.000000,0.000000,0.000000,0.000000,0.000000,0.000000,0.000000,0.000000,0,0,0,0,0,0.000000,0.000000,0.000000
20260518_093006,2026-05-18 09:32:41,171,0.7763,1,500,105,100,5,0,20,20,130,122,47,3312.163670,-4096.465022,3480.410156,1629.402902,0.000000,0.000000,0.000000,0.000000,0.000000,0.000000,0.000000,0.000000,0,0,0,0,0,0.000000,0.000000,0.000000
20260518_093006,2026-05-18 09:32:42,172,0.7573,1,500,105,100,5,0,20,20,127,125,34,3622.594055,-2813.583262,2270.218750,1471.500851,0.000000,0.000000,0.000000,0.000000,0.000000,0.000000,0.000000,0.000000,0,0,0,0,0,0.000000,0.000000,0.000000
20260518_093006,2026-05-18 09:32:43,173,0.7576,1,500,105,100,5,0,20,20,125,123,51,3657.439667,-4496.370340,3274.619629,1574.220801,0.000000,0.000000,0.000000,0.000000,0.000000,0.000000,0.000000,0.000000,0,0,0,0,0,0.000000,0.000000,0.000000
20260518_093006,2026-05-18 09:32:44,174,0.7732,1,500,105,100,5,0,20,20,74,74,26,3686.142578,-2071.757941,2278.989014,1408.404816,0.000000,0.000000,0.000000,0.000000,0.000000,0.000000,0.000000,0.000000,0,0,0,0,0,0.000000,0.000000,0.000000
20260518_093006,2026-05-18 09:32:45,175,0.7683,1,500,105,100,5,0,20,20,109,100,33,3413.419510,-2736.158536,2272.691895,1406.174319,0.000000,0.000000,0.000000,0.000000,0.000000,0.000000,0.000000,0.000000,0,0,0,0,0,0.000000,0.000000,0.000000
20260518_093006,2026-05-18 09:32:46,176,0.8140,1,500,105,100,5,0,20,20,87,82,28,4058.038818,-2245.277588,2284.336426,1452.874371,0.000000,0.000000,0.000000,0.000000,0.000000,0.000000,0.000000,0.000000,0,0,0,0,0,0.000000,0.000000,0.000000
20260518_093006,2026-05-18 09:32:47,177,0.7642,1,500,105,100,5,0,20,20,86,84,51,3642.090668,-4562.250248,2886.439941,1682.757446,0.000000,0.000000,0.000000,0.000000,0.000000,0.000000,0.000000,0.000000,0,0,0,0,0,0.000000,0.000000,0.000000
20260518_093006,2026-05-18 09:32:48,178,0.7798,1,500,105,100,5,0,20,20,121,119,46,4134.281677,-4029.360955,2244.293457,1512.165762,0.000000,0.000000,0.000000,0.000000,0.000000,0.000000,0.000000,0.000000,0,0,0,0,0,0.000000,0.000000,0.000000
20260518_093006,2026-05-18 09:32:49,179,0.7747,1,500,105,100,5,0,20,20,96,88,46,3123.621033,-4040.318392,2871.510498,1517.300217,0.000000,0.000000,0.000000,0.000000,0.000000,0.000000,0.000000,0.000000,0,0,0,0,0,0.000000,0.000000,0.000000
20260518_093006,2026-05-18 09:32:50,180,0.7744,1,500,105,100,5,0,20,20,81,79,33,3579.384674,-2756.038381,2280.280273,1443.448267,0.000000,0.000000,0.000000,0.000000,0.000000,0.000000,0.000000,0.000000,0,0,0,0,0,0.000000,0.000000,0.000000
20260518_093006,2026-05-18 09:32:51,181,0.7717,1,500,105,100,5,0,20,20,125,119,41,3381.237305,-3514.718584,2285.476562,1493.151498,0.000000,0.000000,0.000000,0.000000,0.000000,0.000000,0.000000,0.000000,0,0,0,0,0,0.000000,0.000000,0.000000
20260518_093006,2026-05-18 09:32:52,182,0.7656,1,500,105,100,5,0,20,20,134,131,33,3628.271332,-2719.308637,2064.805664,1411.862247,0.000000,0.000000,0.000000,0.000000,0.000000,0.000000,0.000000,0.000000,0,0,0,0,0,0.000000,0.000000,0.000000
20260518_093006,2026-05-18 09:32:53,183,0.7587,1,500,105,100,5,0,20,20,75,61,42,3038.679108,-3704.696677,2871.879639,1604.413245,0.000000,0.000000,0.000000,0.000000,0.000000,0.000000,0.000000,0.000000,0,0,0,0,0,0.000000,0.000000,0.000000
20260518_093006,2026-05-18 09:32:54,184,0.7469,1,500,105,100,5,0,20,20,138,127,46,2755.527557,-3952.617850,3081.194580,1516.883899,0.000000,0.000000,0.000000,0.000000,0.000000,0.000000,0.000000,0.000000,0,0,0,0,0,0.000000,0.000000,0.000000
20260518_093006,2026-05-18 09:32:55,185,0.7758,1,500,105,100,5,0,20,20,111,104,51,3579.092422,-4523.506828,2673.126953,1508.065503,0.000000,0.000000,0.000000,0.000000,0.000000,0.000000,0.000000,0.000000,0,0,0,0,0,0.000000,0.000000,0.000000
20260518_093006,2026-05-18 09:32:57,186,0.7883,1,500,105,100,5,0,20,20,159,152,33,4052.339233,-2675.513745,2273.653320,1271.904288,0.000000,0.000000,0.000000,0.000000,0.000000,0.000000,0.000000,0.000000,0,0,0,0,0,0.000000,0.000000,0.000000
20260518_093006,2026-05-18 09:32:58,187,0.7790,1,500,105,100,5,0,20,20,139,134,32,3354.876526,-2603.142919,1853.574463,1293.326361,0.000000,0.000000,0.000000,0.000000,0.000000,0.000000,0.000000,0.000000,0,0,0,0,0,0.000000,0.000000,0.000000
20260518_093006,2026-05-18 09:32:59,188,0.8146,1,500,105,100,5,0,20,20,110,101,51,3492.887222,-4513.193894,2698.291016,1561.010648,0.000000,0.000000,0.000000,0.000000,0.000000,0.000000,0.000000,0.000000,0,0,0,0,0,0.000000,0.000000,0.000000
20260518_093006,2026-05-18 09:33:00,189,0.7984,1,500,105,100,5,0,20,20,173,164,37,3300.530579,-3068.697444,2104.878662,1451.967288,0.000000,0.000000,0.000000,0.000000,0.000000,0.000000,0.000000,0.000000,0,0,0,0,0,0.000000,0.000000,0.000000
20260518_093006,2026-05-18 09:33:01,190,0.7733,1,500,105,100,5,0,20,20,129,126,39,3532.052139,-3308.198377,2581.426270,1375.473178,0.000000,0.000000,0.000000,0.000000,0.000000,0.000000,0.000000,0.000000,0,0,0,0,0,0.000000,0.000000,0.000000
20260518_093006,2026-05-18 09:33:02,191,0.7232,1,500,105,100,5,0,20,20,177,175,40,3739.492462,-3362.331258,2467.029785,1454.678836,0.000000,0.000000,0.000000,0.000000,0.000000,0.000000,0.000000,0.000000,0,0,0,0,0,0.000000,0.000000,0.000000
20260518_093006,2026-05-18 09:33:03,192,0.7109,1,500,105,100,5,0,20,20,123,116,35,3958.371521,-2881.898971,1887.953125,1370.907748,0.000000,0.000000,0.000000,0.000000,0.000000,0.000000,0.000000,0.000000,0,0,0,0,0,0.000000,0.000000,0.000000
20260518_093006,2026-05-18 09:33:04,193,0.7564,1,500,105,100,5,0,20,20,115,110,28,3351.574829,-2216.114714,2489.531250,1190.352222,0.000000,0.000000,0.000000,0.000000,0.000000,0.000000,0.000000,0.000000,0,0,0,0,0,0.000000,0.000000,0.000000
20260518_093006,2026-05-18 09:33:05,194,0.7821,1,500,105,100,5,0,20,20,91,78,50,3084.925446,-4461.752023,2690.596191,1499.226395,0.000000,0.000000,0.000000,0.000000,0.000000,0.000000,0.000000,0.000000,0,0,0,0,0,0.000000,0.000000,0.000000
20260518_093006,2026-05-18 09:33:06,195,0.7438,1,500,105,100,5,0,20,20,103,100,23,3155.290253,-1744.320192,2050.157227,1146.261383,0.000000,0.000000,0.000000,0.000000,0.000000,0.000000,0.000000,0.000000,0,0,0,0,0,0.000000,0.000000,0.000000
20260518_093006,2026-05-18 09:33:07,196,0.7437,1,500,105,100,5,0,20,20,94,93,23,3586.141068,-1729.603968,2480.156250,1218.687347,0.000000,0.000000,0.000000,0.000000,0.000000,0.000000,0.000000,0.000000,0,0,0,0,0,0.000000,0.000000,0.000000
20260518_093006,2026-05-18 09:33:08,197,0.7503,1,500,105,100,5,0,20,20,134,130,36,3973.604248,-3009.475320,2489.825195,1453.869574,0.000000,0.000000,0.000000,0.000000,0.000000,0.000000,0.000000,0.000000,0,0,0,0,0,0.000000,0.000000,0.000000
20260518_093006,2026-05-18 09:33:09,198,0.7570,1,500,105,100,5,0,20,20,142,141,41,3215.371826,-3492.259258,2254.915527,1465.942911,0.000000,0.000000,0.000000,0.000000,0.000000,0.000000,0.000000,0.000000,0,0,0,0,0,0.000000,0.000000,0.000000
20260518_093006,2026-05-18 09:33:10,199,0.7156,1,500,105,100,5,0,20,20,70,57,48,3614.101898,-4289.343057,2470.088867,1435.962711,0.000000,0.000000,0.000000,0.000000,0.000000,0.000000,0.000000,0.000000,0,0,0,0,0,0.000000,0.000000,0.000000
20260518_093006,2026-05-18 09:33:11,200,0.7607,1,500,105,100,5,0,20,20,132,127,49,3984.978638,-4282.626731,2890.204590,1577.485406,0.000000,0.000000,0.000000,0.000000,0.000000,0.000000,0.000000,0.000000,0,0,0,0,0,0.000000,0.000000,0.000000
20260518_093006,2026-05-18 09:33:12,201,0.7575,1,500,105,100,5,0,20,20,157,149,39,4277.678711,-3266.157258,2487.601562,1548.374973,0.000000,0.000000,0.000000,0.000000,0.000000,0.000000,0.000000,0.000000,0,0,0,0,0,0.000000,0.000000,0.000000
20260518_093006,2026-05-18 09:33:13,202,0.7548,1,500,105,100,5,0,20,20,110,104,53,3083.223267,-4755.399614,3880.616455,1637.672845,0.000000,0.000000,0.000000,0.000000,0.000000,0.000000,0.000000,0.000000,0,0,0,0,0,0.000000,0.000000,0.000000
20260518_093006,2026-05-18 09:33:14,203,0.7567,1,500,105,100,5,0,20,20,147,141,44,3600.503098,-3774.336045,2481.521484,1571.988287,0.000000,0.000000,0.000000,0.000000,0.000000,0.000000,0.000000,0.000000,0,0,0,0,0,0.000000,0.000000,0.000000
20260518_093006,2026-05-18 09:33:15,204,0.7502,1,500,105,100,5,0,20,20,120,116,56,3091.035187,-5016.188913,2484.439453,1733.665469,0.000000,0.000000,0.000000,0.000000,0.000000,0.000000,0.000000,0.000000,0,0,0,0,0,0.000000,0.000000,0.000000
20260518_093006,2026-05-18 09:33:16,205,0.7545,1,500,105,100,5,1,20,20,167,150,51,5625.675537,-4447.371280,2679.106201,1612.128415,0.000000,0.000000,0.000000,0.000000,0.000000,0.000000,0.000000,0.000000,0,0,0,0,0,0.000000,0.000000,0.000000
20260518_093006,2026-05-18 09:33:17,206,0.7628,1,500,105,100,5,0,20,20,161,156,49,3165.599609,-4245.162180,2872.769043,1612.525964,0.000000,0.000000,0.000000,0.000000,0.000000,0.000000,0.000000,0.000000,0,0,0,0,0,0.000000,0.000000,0.000000
20260518_093006,2026-05-18 09:33:18,207,0.7879,1,500,105,100,5,0,20,20,180,169,62,3075.610504,-5579.434177,3268.799805,1770.202728,0.000000,0.000000,0.000000,0.000000,0.000000,0.000000,0.000000,0.000000,0,0,0,0,0,0.000000,0.000000,0.000000
20260518_093006,2026-05-18 09:33:19,208,0.7464,1,500,105,100,5,0,20,20,185,181,43,3283.145874,-3606.467891,2679.684570,1414.565637,0.000000,0.000000,0.000000,0.000000,0.000000,0.000000,0.000000,0.000000,0,0,0,0,0,0.000000,0.000000,0.000000
20260518_093006,2026-05-18 09:33:20,209,0.7250,1,500,105,100,5,0,20,20,100,94,54,3614.993866,-4809.618385,2672.149414,1698.516681,0.000000,0.000000,0.000000,0.000000,0.000000,0.000000,0.000000,0.000000,0,0,0,0,0,0.000000,0.000000,0.000000
20260518_093006,2026-05-18 09:33:21,210,0.7324,1,500,105,100,5,0,20,20,133,126,40,3461.651489,-3393.379224,2841.222168,1389.841901,0.000000,0.000000,0.000000,0.000000,0.000000,0.000000,0.000000,0.000000,0,0,0,0,0,0.000000,0.000000,0.000000
20260518_093006,2026-05-18 09:33:22,211,0.7332,1,500,105,100,5,0,20,20,106,99,44,2974.349670,-3846.195796,2490.638184,1519.677454,0.000000,0.000000,0.000000,0.000000,0.000000,0.000000,0.000000,0.000000,0,0,0,0,0,0.000000,0.000000,0.000000
20260518_093006,2026-05-18 09:33:23,212,0.7261,1,500,105,100,5,0,20,20,111,108,39,3518.329849,-3321.434283,2281.356934,1467.538626,0.000000,0.000000,0.000000,0.000000,0.000000,0.000000,0.000000,0.000000,0,0,0,0,0,0.000000,0.000000,0.000000
20260518_093006,2026-05-18 09:33:24,213,0.7258,1,500,105,100,5,0,20,20,125,118,39,3732.425323,-3322.020311,2848.669189,1467.958075,0.000000,0.000000,0.000000,0.000000,0.000000,0.000000,0.000000,0.000000,0,0,0,0,0,0.000000,0.000000,0.000000
20260518_093006,2026-05-18 09:33:25,214,0.7832,1,500,105,100,5,0,20,20,116,111,39,3680.249878,-3320.225815,2282.699219,1513.417325,0.000000,0.000000,0.000000,0.000000,0.000000,0.000000,0.000000,0.000000,0,0,0,0,0,0.000000,0.000000,0.000000
20260518_093006,2026-05-18 09:33:26,215,0.7331,1,500,105,100,5,0,20,20,171,169,44,3113.848297,-3749.978977,2298.348145,1525.279590,0.000000,0.000000,0.000000,0.000000,0.000000,0.000000,0.000000,0.000000,0,0,0,0,0,0.000000,0.000000,0.000000
20260518_093006,2026-05-18 09:33:27,216,0.7245,1,500,105,100,5,0,20,20,115,111,39,3901.038269,-3321.929058,3284.162598,1426.283719,0.000000,0.000000,0.000000,0.000000,0.000000,0.000000,0.000000,0.000000,0,0,0,0,0,0.000000,0.000000,0.000000
20260518_093006,2026-05-18 09:33:28,217,0.7249,1,500,105,100,5,0,20,20,101,100,41,3566.079910,-3541.471007,2485.704590,1434.822925,0.000000,0.000000,0.000000,0.000000,0.000000,0.000000,0.000000,0.000000,0,0,0,0,0,0.000000,0.000000,0.000000
20260518_093006,2026-05-18 09:33:29,218,0.7203,1,500,105,100,5,0,20,20,126,124,32,3666.276062,-2628.579555,3086.906738,1352.740671,0.000000,0.000000,0.000000,0.000000,0.000000,0.000000,0.000000,0.000000,0,0,0,0,0,0.000000,0.000000,0.000000
20260518_093006,2026-05-18 09:33:30,219,0.7296,1,500,105,100,5,0,20,20,167,164,39,3704.132935,-3280.849249,2490.215576,1549.817816,0.000000,0.000000,0.000000,0.000000,0.000000,0.000000,0.000000,0.000000,0,0,0,0,0,0.000000,0.000000,0.000000
20260518_093006,2026-05-18 09:33:31,220,0.7239,1,500,105,100,5,0,20,20,121,117,38,3647.208649,-3221.845431,2479.534912,1270.992130,0.000000,0.000000,0.000000,0.000000,0.000000,0.000000,0.000000,0.000000,0,0,0,0,0,0.000000,0.000000,0.000000
20260518_093006,2026-05-18 09:33:32,221,0.7718,1,500,105,100,5,0,20,20,129,120,44,3509.053528,-3803.040028,2264.143555,1582.870654,0.000000,0.000000,0.000000,0.000000,0.000000,0.000000,0.000000,0.000000,0,0,0,0,0,0.000000,0.000000,0.000000
20260518_093006,2026-05-18 09:33:33,222,0.7336,1,500,105,100,5,0,20,20,128,126,40,3628.551331,-3435.085752,2675.759766,1583.127289,0.000000,0.000000,0.000000,0.000000,0.000000,0.000000,0.000000,0.000000,0,0,0,0,0,0.000000,0.000000,0.000000
20260518_093006,2026-05-18 09:33:34,223,0.7323,1,500,105,100,5,0,20,20,200,197,45,3721.792969,-3829.874071,2517.455566,1430.002466,0.000000,0.000000,0.000000,0.000000,0.000000,0.000000,0.000000,0.000000,0,0,0,0,0,0.000000,0.000000,0.000000
20260518_093006,2026-05-18 09:33:35,224,0.7290,1,500,105,100,5,0,20,20,129,123,43,3717.190002,-3697.584081,2486.149414,1528.079861,0.000000,0.000000,0.000000,0.000000,0.000000,0.000000,0.000000,0.000000,0,0,0,0,0,0.000000,0.000000,0.000000
20260518_093006,2026-05-18 09:33:36,225,0.7369,1,500,105,100,5,0,20,20,146,145,34,3793.561401,-2787.515185,2467.986084,1365.514813,0.000000,0.000000,0.000000,0.000000,0.000000,0.000000,0.000000,0.000000,0,0,0,0,0,0.000000,0.000000,0.000000
20260518_093006,2026-05-18 09:33:37,226,0.7264,1,500,105,100,5,0,20,20,101,93,38,4001.498108,-3240.608750,1908.384521,1285.328659,0.000000,0.000000,0.000000,0.000000,0.000000,0.000000,0.000000,0.000000,0,0,0,0,0,0.000000,0.000000,0.000000
20260518_093006,2026-05-18 09:33:38,227,0.7298,1,500,105,100,5,0,20,20,142,141,30,3454.225540,-2410.205784,2285.584717,1410.511249,0.000000,0.000000,0.000000,0.000000,0.000000,0.000000,0.000000,0.000000,0,0,0,0,0,0.000000,0.000000,0.000000
20260518_093006,2026-05-18 09:33:39,228,0.7586,1,500,105,100,5,0,20,20,151,148,35,3721.803955,-2890.967472,3480.200684,1461.348486,0.000000,0.000000,0.000000,0.000000,0.000000,0.000000,0.000000,0.000000,0,0,0,0,0,0.000000,0.000000,0.000000
20260518_093006,2026-05-18 09:33:40,229,0.7105,1,500,105,100,5,0,20,20,125,122,52,3002.575195,-4605.765561,2865.747070,1696.199631,0.000000,0.000000,0.000000,0.000000,0.000000,0.000000,0.000000,0.000000,0,0,0,0,0,0.000000,0.000000,0.000000
20260518_093006,2026-05-18 09:33:41,230,0.7312,1,500,105,100,5,0,20,20,100,94,45,3596.473572,-3966.068127,2681.293213,1401.637881,0.000000,0.000000,0.000000,0.000000,0.000000,0.000000,0.000000,0.000000,0,0,0,0,0,0.000000,0.000000,0.000000
20260518_093006,2026-05-18 09:33:42,231,0.7404,1,500,105,100,5,0,20,20,150,146,46,3799.703186,-3987.192424,2694.750488,1363.043741,0.000000,0.000000,0.000000,0.000000,0.000000,0.000000,0.000000,0.000000,0,0,0,0,0,0.000000,0.000000,0.000000
20260518_093006,2026-05-18 09:33:43,232,0.7454,1,500,105,100,5,0,20,20,101,96,38,3053.446442,-3220.671671,2471.245605,1336.079404,0.000000,0.000000,0.000000,0.000000,0.000000,0.000000,0.000000,0.000000,0,0,0,0,0,0.000000,0.000000,0.000000
20260518_093006,2026-05-18 09:33:44,233,0.7559,1,500,105,100,5,0,20,20,121,117,44,3150.660400,-3819.091219,2446.918945,1442.337802,0.000000,0.000000,0.000000,0.000000,0.000000,0.000000,0.000000,0.000000,0,0,0,0,0,0.000000,0.000000,0.000000
20260518_093006,2026-05-18 09:33:45,234,0.7279,1,500,105,100,5,0,20,20,118,112,38,3789.159058,-3215.374017,2683.593750,1487.210266,0.000000,0.000000,0.000000,0.000000,0.000000,0.000000,0.000000,0.000000,0,0,0,0,0,0.000000,0.000000,0.000000
20260518_093006,2026-05-18 09:33:46,235,0.7404,1,500,105,100,5,0,20,20,153,148,40,3914.105835,-3355.834269,2682.075195,1575.623599,0.000000,0.000000,0.000000,0.000000,0.000000,0.000000,0.000000,0.000000,0,0,0,0,0,0.000000,0.000000,0.000000
20260518_093006,2026-05-18 09:33:47,236,0.7460,1,500,105,100,5,0,20,20,151,146,38,3260.337616,-3129.157599,2075.607422,1357.739310,0.000000,0.000000,0.000000,0.000000,0.000000,0.000000,0.000000,0.000000,0,0,0,0,0,0.000000,0.000000,0.000000
20260518_093006,2026-05-18 09:33:48,237,0.7433,1,500,105,100,5,0,20,20,143,141,50,3575.883575,-4378.851864,2678.322266,1630.289490,0.000000,0.000000,0.000000,0.000000,0.000000,0.000000,0.000000,0.000000,0,0,0,0,0,0.000000,0.000000,0.000000
20260518_093006,2026-05-18 09:33:49,238,0.7504,1,500,105,100,5,0,20,20,124,105,39,2999.188446,-3295.768082,2678.825195,1413.032056,0.000000,0.000000,0.000000,0.000000,0.000000,0.000000,0.000000,0.000000,0,0,0,0,0,0.000000,0.000000,0.000000
20260518_093006,2026-05-18 09:33:50,239,0.7257,1,500,105,100,5,0,20,20,118,117,43,3869.489868,-3716.803542,2273.708008,1528.844830,0.000000,0.000000,0.000000,0.000000,0.000000,0.000000,0.000000,0.000000,0,0,0,0,0,0.000000,0.000000,0.000000
20260518_093006,2026-05-18 09:33:52,240,0.7642,1,500,105,100,5,0,20,20,115,114,45,3147.591614,-3912.730156,3084.584473,1516.853369,0.000000,0.000000,0.000000,0.000000,0.000000,0.000000,0.000000,0.000000,0,0,0,0,0,0.000000,0.000000,0.000000
20260518_093006,2026-05-18 09:33:53,241,0.7659,1,500,105,100,5,0,20,20,148,142,45,3926.131348,-3849.717981,2884.193359,1544.195520,0.000000,0.000000,0.000000,0.000000,0.000000,0.000000,0.000000,0.000000,0,0,0,0,0,0.000000,0.000000,0.000000
20260518_093006,2026-05-18 09:33:54,242,0.7722,1,500,105,100,5,0,20,20,162,158,42,3760.514954,-3587.120206,2241.406738,1427.878677,0.000000,0.000000,0.000000,0.000000,0.000000,0.000000,0.000000,0.000000,0,0,0,0,0,0.000000,0.000000,0.000000
20260518_093006,2026-05-18 09:33:55,243,0.7789,1,500,105,100,5,0,20,20,185,182,57,3467.999084,-5042.545599,2690.803711,1755.988901,0.000000,0.000000,0.000000,0.000000,0.000000,0.000000,0.000000,0.000000,0,0,0,0,0,0.000000,0.000000,0.000000
20260518_093006,2026-05-18 09:33:56,244,0.7465,1,500,105,100,5,0,20,20,81,79,43,3926.422607,-3736.911915,2491.424805,1602.484570,0.000000,0.000000,0.000000,0.000000,0.000000,0.000000,0.000000,0.000000,0,0,0,0,0,0.000000,0.000000,0.000000
20260518_093006,2026-05-18 09:33:57,245,0.7676,1,500,105,100,5,0,20,20,231,227,41,3582.756531,-3360.454754,3276.354004,1501.924731,0.000000,0.000000,0.000000,0.000000,0.000000,0.000000,0.000000,0.000000,0,0,0,0,0,0.000000,0.000000,0.000000
20260518_093006,2026-05-18 09:33:58,246,0.7601,1,500,105,100,5,0,20,20,140,128,63,3569.337021,-5665.714089,3476.830811,1905.535944,0.000000,0.000000,0.000000,0.000000,0.000000,0.000000,0.000000,0.000000,0,0,0,0,0,0.000000,0.000000,0.000000
20260518_093006,2026-05-18 09:33:59,247,0.7398,1,500,105,100,5,0,20,20,150,141,56,4031.251221,-4993.259785,2890.838867,1786.966486,0.000000,0.000000,0.000000,0.000000,0.000000,0.000000,0.000000,0.000000,0,0,0,0,0,0.000000,0.000000,0.000000
20260518_093006,2026-05-18 09:34:00,248,0.7533,1,500,105,100,5,0,20,20,120,118,56,3677.362213,-5000.635791,2674.765625,1740.461868,0.000000,0.000000,0.000000,0.000000,0.000000,0.000000,0.000000,0.000000,0,0,0,0,0,0.000000,0.000000,0.000000
20260518_093006,2026-05-18 09:34:01,249,0.7735,1,500,105,100,5,0,20,20,117,114,38,4036.385925,-3225.436416,2484.671875,1490.725610,0.000000,0.000000,0.000000,0.000000,0.000000,0.000000,0.000000,0.000000,0,0,0,0,0,0.000000,0.000000,0.000000
20260518_093006,2026-05-18 09:34:02,250,0.7222,1,500,105,100,5,0,20,20,153,146,47,3809.310211,-4116.062037,2879.809814,1595.279611,0.000000,0.000000,0.000000,0.000000,0.000000,0.000000,0.000000,0.000000,0,0,0,0,0,0.000000,0.000000,0.000000
20260518_093006,2026-05-18 09:34:03,251,0.7263,1,500,105,100,5,0,20,20,139,137,34,3444.592834,-2767.193391,2063.255615,1509.342459,0.000000,0.000000,0.000000,0.000000,0.000000,0.000000,0.000000,0.000000,0,0,0,0,0,0.000000,0.000000,0.000000
20260518_093006,2026-05-18 09:34:04,252,0.7252,1,500,105,100,5,0,20,20,92,87,45,3878.686279,-3976.330407,2873.692383,1586.140494,0.000000,0.000000,0.000000,0.000000,0.000000,0.000000,0.000000,0.000000,0,0,0,0,0,0.000000,0.000000,0.000000
20260518_093006,2026-05-18 09:34:05,253,0.7515,1,500,105,100,5,0,20,20,132,124,47,3249.876831,-4122.549700,2871.585938,1648.247937,0.000000,0.000000,0.000000,0.000000,0.000000,0.000000,0.000000,0.000000,0,0,0,0,0,0.000000,0.000000,0.000000
20260518_093006,2026-05-18 09:34:06,254,0.7336,1,500,105,100,5,0,20,20,135,132,52,3659.153412,-4622.210731,2477.909668,1677.034088,0.000000,0.000000,0.000000,0.000000,0.000000,0.000000,0.000000,0.000000,0,0,0,0,0,0.000000,0.000000,0.000000
20260518_093006,2026-05-18 09:34:07,255,0.7667,1,500,105,100,5,0,20,20,159,145,51,3612.276367,-4441.003204,3468.887695,1610.836493,0.000000,0.000000,0.000000,0.000000,0.000000,0.000000,0.000000,0.000000,0,0,0,0,0,0.000000,0.000000,0.000000
20260518_093006,2026-05-18 09:34:09,256,0.7792,1,500,105,100,5,0,20,20,163,162,42,3270.151306,-3571.023335,3273.611572,1571.131586,0.000000,0.000000,0.000000,0.000000,0.000000,0.000000,0.000000,0.000000,0,0,0,0,0,0.000000,0.000000,0.000000
20260518_093006,2026-05-18 09:34:10,257,0.8116,1,500,105,100,5,0,20,20,98,95,38,3437.619812,-3218.161254,2475.050293,1466.236652,0.000000,0.000000,0.000000,0.000000,0.000000,0.000000,0.000000,0.000000,0,0,0,0,0,0.000000,0.000000,0.000000
20260518_093006,2026-05-18 09:34:11,258,0.7775,1,500,105,100,5,0,20,20,64,63,20,3438.551834,-1474.921451,1686.596191,1234.138733,0.000000,0.000000,0.000000,0.000000,0.000000,0.000000,0.000000,0.000000,0,0,0,0,0,0.000000,0.000000,0.000000
20260518_093006,2026-05-18 09:34:12,259,0.7599,1,500,105,100,5,0,20,20,125,117,33,4074.642151,-2697.517018,2299.809082,1501.427090,0.000000,0.000000,0.000000,0.000000,0.000000,0.000000,0.000000,0.000000,0,0,0,0,0,0.000000,0.000000,0.000000
20260518_093006,2026-05-18 09:34:13,260,0.7721,1,500,105,100,5,0,20,20,112,108,34,3596.942810,-2765.750432,2462.207031,1442.196756,0.000000,0.000000,0.000000,0.000000,0.000000,0.000000,0.000000,0.000000,0,0,0,0,0,0.000000,0.000000,0.000000
20260518_093006,2026-05-18 09:34:14,261,0.7303,1,500,105,100,5,0,20,20,99,94,41,3769.199066,-3563.564424,3072.312988,1591.914966,0.000000,0.000000,0.000000,0.000000,0.000000,0.000000,0.000000,0.000000,0,0,0,0,0,0.000000,0.000000,0.000000
20260518_093006,2026-05-18 09:34:15,262,0.7390,1,500,105,100,5,0,20,20,79,70,34,3356.476624,-2864.268913,2887.232422,1451.842703,0.000000,0.000000,0.000000,0.000000,0.000000,0.000000,0.000000,0.000000,0,0,0,0,0,0.000000,0.000000,0.000000
20260518_093006,2026-05-18 09:34:16,263,0.7357,1,500,105,100,5,0,20,20,93,89,33,3593.708130,-2715.503061,3275.658936,1214.535327,0.000000,0.000000,0.000000,0.000000,0.000000,0.000000,0.000000,0.000000,0,0,0,0,0,0.000000,0.000000,0.000000
20260518_093006,2026-05-18 09:34:17,264,0.7724,1,500,105,100,5,0,20,20,96,90,46,3367.370178,-4047.304014,2878.509277,1625.251184,0.000000,0.000000,0.000000,0.000000,0.000000,0.000000,0.000000,0.000000,0,0,0,0,0,0.000000,0.000000,0.000000
20260518_093006,2026-05-18 09:34:18,265,0.7707,1,500,105,100,5,0,20,20,85,82,32,3165.455536,-2658.554717,1889.385254,1523.109100,0.000000,0.000000,0.000000,0.000000,0.000000,0.000000,0.000000,0.000000,0,0,0,0,0,0.000000,0.000000,0.000000
20260518_093006,2026-05-18 09:34:19,266,0.7683,1,500,105,100,5,0,20,20,67,61,34,3699.597656,-2874.852054,2266.540039,1528.624011,0.000000,0.000000,0.000000,0.000000,0.000000,0.000000,0.000000,0.000000,0,0,0,0,0,0.000000,0.000000,0.000000
20260518_093006,2026-05-18 09:34:20,267,0.7736,1,500,105,100,5,0,20,20,64,64,29,2975.902023,-2371.998125,2279.495605,1249.386151,0.000000,0.000000,0.000000,0.000000,0.000000,0.000000,0.000000,0.000000,0,0,0,0,0,0.000000,0.000000,0.000000
20260518_093006,2026-05-18 09:34:22,268,0.7943,1,500,105,100,5,0,20,20,101,99,34,3766.112762,-2849.846516,2883.276367,1485.336337,0.000000,0.000000,0.000000,0.000000,0.000000,0.000000,0.000000,0.000000,0,0,0,0,0,0.000000,0.000000,0.000000
20260518_093006,2026-05-18 09:34:23,269,0.7418,1,500,105,100,5,0,20,20,93,89,56,2990.421173,-5047.958012,4069.500488,1710.112317,0.000000,0.000000,0.000000,0.000000,0.000000,0.000000,0.000000,0.000000,0,0,0,0,0,0.000000,0.000000,0.000000
20260518_093006,2026-05-18 09:34:24,270,0.7827,1,500,105,100,5,0,20,20,82,78,53,3319.287842,-4738.652052,4078.046631,1722.544067,0.000000,0.000000,0.000000,0.000000,0.000000,0.000000,0.000000,0.000000,0,0,0,0,0,0.000000,0.000000,0.000000
20260518_093006,2026-05-18 09:34:25,271,0.7639,1,500,105,100,5,0,20,20,71,68,33,3581.552658,-2760.760807,2484.624756,1430.141855,0.000000,0.000000,0.000000,0.000000,0.000000,0.000000,0.000000,0.000000,0,0,0,0,0,0.000000,0.000000,0.000000
20260518_093006,2026-05-18 09:34:26,272,0.7776,1,500,105,100,5,0,20,20,92,87,21,3616.719055,-1533.050284,2079.877197,1366.971481,0.000000,0.000000,0.000000,0.000000,0.000000,0.000000,0.000000,0.000000,0,0,0,0,0,0.000000,0.000000,0.000000
20260518_093006,2026-05-18 09:34:27,273,0.7849,1,500,105,100,5,0,20,20,93,90,27,3710.502869,-2114.283842,1887.524170,1501.734503,0.000000,0.000000,0.000000,0.000000,0.000000,0.000000,0.000000,0.000000,0,0,0,0,0,0.000000,0.000000,0.000000
20260518_093006,2026-05-18 09:34:28,274,0.7680,1,500,105,100,5,0,20,20,78,76,22,3709.110535,-1662.255683,2295.826416,1299.150906,0.000000,0.000000,0.000000,0.000000,0.000000,0.000000,0.000000,0.000000,0,0,0,0,0,0.000000,0.000000,0.000000
20260518_093006,2026-05-18 09:34:29,275,0.7851,1,500,105,100,5,0,20,20,93,86,27,3877.168030,-2147.123870,2467.162598,1329.311768,0.000000,0.000000,0.000000,0.000000,0.000000,0.000000,0.000000,0.000000,0,0,0,0,0,0.000000,0.000000,0.000000
20260518_093006,2026-05-18 09:34:30,276,0.7331,1,500,105,100,5,0,20,20,75,72,25,4105.672180,-1942.214078,3087.335693,1274.274591,0.000000,0.000000,0.000000,0.000000,0.000000,0.000000,0.000000,0.000000,0,0,0,0,0,0.000000,0.000000,0.000000
20260518_093006,2026-05-18 09:34:31,277,0.7678,1,500,105,100,5,0,20,20,63,60,26,3735.256134,-2080.801207,2471.223145,1467.014984,0.000000,0.000000,0.000000,0.000000,0.000000,0.000000,0.000000,0.000000,0,0,0,0,0,0.000000,0.000000,0.000000
20260518_093006,2026-05-18 09:34:33,278,0.7896,1,500,105,100,5,0,20,20,94,93,26,3837.176636,-2025.893366,2079.310547,1398.471500,0.000000,0.000000,0.000000,0.000000,0.000000,0.000000,0.000000,0.000000,0,0,0,0,0,0.000000,0.000000,0.000000
20260518_093006,2026-05-18 09:34:34,279,0.7881,1,500,105,100,5,0,20,20,107,104,29,3460.019104,-2328.812268,2264.444336,1376.316611,0.000000,0.000000,0.000000,0.000000,0.000000,0.000000,0.000000,0.000000,0,0,0,0,0,0.000000,0.000000,0.000000
20260518_093006,2026-05-18 09:34:35,280,0.7883,1,500,105,100,5,0,20,20,151,141,27,3545.096420,-2087.717961,2105.968262,1410.930661,0.000000,0.000000,0.000000,0.000000,0.000000,0.000000,0.000000,0.000000,0,0,0,0,0,0.000000,0.000000,0.000000
20260518_093006,2026-05-18 09:34:36,281,0.7292,1,500,105,100,5,0,20,20,67,57,36,4324.547119,-3119.414850,2888.604492,1562.128119,0.000000,0.000000,0.000000,0.000000,0.000000,0.000000,0.000000,0.000000,0,0,0,0,0,0.000000,0.000000,0.000000
20260518_093006,2026-05-18 09:34:37,282,0.7314,1,500,105,100,5,0,20,20,109,105,44,3246.187805,-3815.802665,2884.255859,1539.842294,0.000000,0.000000,0.000000,0.000000,0.000000,0.000000,0.000000,0.000000,0,0,0,0,0,0.000000,0.000000,0.000000
20260518_093006,2026-05-18 09:34:38,283,0.7716,1,500,105,100,5,0,20,20,110,106,33,3160.354004,-2711.877474,2680.386230,1503.956305,0.000000,0.000000,0.000000,0.000000,0.000000,0.000000,0.000000,0.000000,0,0,0,0,0,0.000000,0.000000,0.000000
20260518_093006,2026-05-18 09:34:39,284,0.7710,1,500,105,100,5,0,20,20,75,73,31,3450.876511,-2561.413738,2483.544434,1460.291302,0.000000,0.000000,0.000000,0.000000,0.000000,0.000000,0.000000,0.000000,0,0,0,0,0,0.000000,0.000000,0.000000
20260518_093006,2026-05-18 09:34:40,285,0.7813,1,500,105,100,5,0,20,20,139,126,30,3539.474915,-2388.976144,2077.279053,1380.015622,0.000000,0.000000,0.000000,0.000000,0.000000,0.000000,0.000000,0.000000,0,0,0,0,0,0.000000,0.000000,0.000000
20260518_093006,2026-05-18 09:34:41,286,0.7681,1,500,105,100,5,0,20,20,104,102,27,3821.437561,-2110.824484,2067.462158,1302.584183,0.000000,0.000000,0.000000,0.000000,0.000000,0.000000,0.000000,0.000000,0,0,0,0,0,0.000000,0.000000,0.000000
20260518_093006,2026-05-18 09:34:43,287,0.7241,1,500,105,100,5,0,20,20,72,70,23,3569.841354,-1746.065644,2683.694336,1269.249307,0.000000,0.000000,0.000000,0.000000,0.000000,0.000000,0.000000,0.000000,0,0,0,0,0,0.000000,0.000000,0.000000
20260518_093006,2026-05-18 09:34:44,288,0.7285,1,500,105,100,5,0,20,20,72,69,34,2986.014160,-2877.723067,2659.437988,1426.022998,0.000000,0.000000,0.000000,0.000000,0.000000,0.000000,0.000000,0.000000,0,0,0,0,0,0.000000,0.000000,0.000000
20260518_093006,2026-05-18 09:34:45,289,0.7548,1,500,105,100,5,0,20,20,51,44,33,3634.131531,-2786.212545,2067.664551,1376.628162,0.000000,0.000000,0.000000,0.000000,0.000000,0.000000,0.000000,0.000000,0,0,0,0,0,0.000000,0.000000,0.000000
20260518_093006,2026-05-18 09:34:46,290,0.7748,1,500,105,100,5,0,20,20,99,84,40,4421.834961,-3424.919931,2479.342041,1478.638791,0.000000,0.000000,0.000000,0.000000,0.000000,0.000000,0.000000,0.000000,0,0,0,0,0,0.000000,0.000000,0.000000
20260518_093006,2026-05-18 09:34:47,291,0.7605,1,500,105,100,5,0,20,20,105,100,41,4148.810120,-3561.113277,2669.606445,1508.155600,0.000000,0.000000,0.000000,0.000000,0.000000,0.000000,0.000000,0.000000,0,0,0,0,0,0.000000,0.000000,0.000000
20260518_093006,2026-05-18 09:34:48,292,0.7314,1,500,105,100,5,0,20,20,133,132,29,4001.271362,-2305.823667,2449.876953,1376.797797,0.000000,0.000000,0.000000,0.000000,0.000000,0.000000,0.000000,0.000000,0,0,0,0,0,0.000000,0.000000,0.000000
20260518_093006,2026-05-18 09:34:49,293,0.7395,1,500,105,100,5,0,20,20,42,41,31,3590.962448,-2615.071709,2875.086182,1487.775232,0.000000,0.000000,0.000000,0.000000,0.000000,0.000000,0.000000,0.000000,0,0,0,0,0,0.000000,0.000000,0.000000
20260518_093006,2026-05-18 09:34:50,294,0.7599,1,500,105,100,5,0,20,20,105,103,51,3071.915283,-4515.609496,3077.331543,1662.449405,0.000000,0.000000,0.000000,0.000000,0.000000,0.000000,0.000000,0.000000,0,0,0,0,0,0.000000,0.000000,0.000000
20260518_093006,2026-05-18 09:34:51,295,0.7580,1,500,105,100,5,0,20,20,132,127,28,3218.516724,-2197.405543,2082.202637,1449.410931,0.000000,0.000000,0.000000,0.000000,0.000000,0.000000,0.000000,0.000000,0,0,0,0,0,0.000000,0.000000,0.000000
20260518_093006,2026-05-18 09:34:53,296,0.7547,1,500,105,100,5,0,20,20,97,96,23,3632.839813,-1715.280437,1883.373779,1312.040869,0.000000,0.000000,0.000000,0.000000,0.000000,0.000000,0.000000,0.000000,0,0,0,0,0,0.000000,0.000000,0.000000
20260518_093006,2026-05-18 09:34:54,297,0.7688,1,500,105,100,5,0,20,20,53,52,29,3152.495331,-2372.181815,1892.545166,1445.064294,0.000000,0.000000,0.000000,0.000000,0.000000,0.000000,0.000000,0.000000,0,0,0,0,0,0.000000,0.000000,0.000000
20260518_093006,2026-05-18 09:34:55,298,0.7345,1,500,105,100,5,0,20,20,150,124,32,4782.691650,-2539.276597,2071.347900,1381.255930,0.000000,0.000000,0.000000,0.000000,0.000000,0.000000,0.000000,0.000000,0,0,0,0,0,0.000000,0.000000,0.000000
20260518_093006,2026-05-18 09:34:56,299,0.7431,1,500,105,100,5,0,20,20,93,92,47,3680.264923,-4156.787104,3083.689941,1651.035092,0.000000,0.000000,0.000000,0.000000,0.000000,0.000000,0.000000,0.000000,0,0,0,0,0,0.000000,0.000000,0.000000
20260518_093006,2026-05-18 09:34:57,300,0.7492,1,500,105,100,5,0,20,20,141,140,45,3565.575745,-3899.345328,2471.962402,1622.789999,0.000000,0.000000,0.000000,0.000000,0.000000,0.000000,0.000000,0.000000,0,0,0,0,0,0.000000,0.000000,0.000000
20260518_093006,2026-05-18 09:34:58,301,0.7553,1,500,105,100,5,0,20,20,124,114,54,4860.792480,-4788.650287,2883.837891,1764.364435,0.000000,0.000000,0.000000,0.000000,0.000000,0.000000,0.000000,0.000000,0,0,0,0,0,0.000000,0.000000,0.000000
20260518_093006,2026-05-18 09:34:59,302,0.7428,1,500,105,100,5,0,20,20,120,107,29,4804.009521,-2303.919804,2078.468262,1341.505240,0.000000,0.000000,0.000000,0.000000,0.000000,0.000000,0.000000,0.000000,0,0,0,0,0,0.000000,0.000000,0.000000
20260518_093006,2026-05-18 09:35:00,303,0.7477,1,500,105,100,5,0,20,20,124,108,41,4631.746338,-3465.407048,2513.330322,1620.187521,0.000000,0.000000,0.000000,0.000000,0.000000,0.000000,0.000000,0.000000,0,0,0,0,0,0.000000,0.000000,0.000000
20260518_093006,2026-05-18 09:35:02,304,0.7568,1,500,105,100,5,0,20,20,119,108,46,4273.969788,-3977.428484,3279.346924,1602.709686,0.000000,0.000000,0.000000,0.000000,0.000000,0.000000,0.000000,0.000000,0,0,0,0,0,0.000000,0.000000,0.000000
20260518_093006,2026-05-18 09:35:03,305,0.7615,1,500,105,100,5,0,20,20,129,123,53,3604.091492,-4738.071549,3271.643066,1730.172421,0.000000,0.000000,0.000000,0.000000,0.000000,0.000000,0.000000,0.000000,0,0,0,0,0,0.000000,0.000000,0.000000
20260518_093006,2026-05-18 09:35:04,306,0.7555,1,500,105,100,5,0,20,20,146,142,57,3223.542480,-5066.017521,3275.279297,1696.788919,0.000000,0.000000,0.000000,0.000000,0.000000,0.000000,0.000000,0.000000,0,0,0,0,0,0.000000,0.000000,0.000000
20260518_093006,2026-05-18 09:35:05,307,0.7133,1,500,105,100,5,0,20,20,150,148,49,2989.244507,-4287.654871,2275.187744,1594.656488,0.000000,0.000000,0.000000,0.000000,0.000000,0.000000,0.000000,0.000000,0,0,0,0,0,0.000000,0.000000,0.000000
20260518_093006,2026-05-18 09:35:06,308,0.7385,1,500,105,100,5,0,20,20,125,120,41,3624.091736,-3491.754512,2282.007812,1558.630411,0.000000,0.000000,0.000000,0.000000,0.000000,0.000000,0.000000,0.000000,0,0,0,0,0,0.000000,0.000000,0.000000
20260518_093006,2026-05-18 09:35:07,309,0.7677,1,500,105,100,5,0,20,20,128,125,53,3637.184113,-4681.494472,3082.549072,1652.338159,0.000000,0.000000,0.000000,0.000000,0.000000,0.000000,0.000000,0.000000,0,0,0,0,0,0.000000,0.000000,0.000000
20260518_093006,2026-05-18 09:35:08,310,0.7568,1,500,105,100,5,0,20,20,123,110,45,3262.209167,-3911.905568,2466.517822,1630.436554,0.000000,0.000000,0.000000,0.000000,0.000000,0.000000,0.000000,0.000000,0,0,0,0,0,0.000000,0.000000,0.000000
20260518_093006,2026-05-18 09:35:10,311,0.7439,1,500,105,100,5,0,20,20,124,122,40,3675.343414,-3410.178999,2669.787598,1588.108411,0.000000,0.000000,0.000000,0.000000,0.000000,0.000000,0.000000,0.000000,0,0,0,0,0,0.000000,0.000000,0.000000
20260518_093006,2026-05-18 09:35:11,312,0.8218,1,500,105,100,5,1,20,20,159,139,54,5714.356201,-4734.385683,3078.280273,1697.209619,0.000000,0.000000,0.000000,0.000000,0.000000,0.000000,0.000000,0.000000,0,0,0,0,0,0.000000,0.000000,0.000000
20260518_093006,2026-05-18 09:35:12,313,0.7663,1,500,105,100,5,0,20,20,125,122,47,3770.135406,-4129.349716,3279.639893,1513.997366,0.000000,0.000000,0.000000,0.000000,0.000000,0.000000,0.000000,0.000000,0,0,0,0,0,0.000000,0.000000,0.000000
20260518_093006,2026-05-18 09:35:13,314,0.8015,1,500,105,100,5,0,20,20,146,142,28,3658.828094,-2155.241534,1884.673218,1186.451556,0.000000,0.000000,0.000000,0.000000,0.000000,0.000000,0.000000,0.000000,0,0,0,0,0,0.000000,0.000000,0.000000
20260518_093006,2026-05-18 09:35:14,315,0.7158,1,500,105,100,5,0,20,20,62,57,49,3412.201172,-4406.600915,2870.686035,1670.491156,0.000000,0.000000,0.000000,0.000000,0.000000,0.000000,0.000000,0.000000,0,0,0,0,0,0.000000,0.000000,0.000000
20260518_093006,2026-05-18 09:35:15,316,0.7724,1,500,105,100,5,0,20,20,93,85,47,3328.798157,-4147.141049,3285.843262,1651.515329,0.000000,0.000000,0.000000,0.000000,0.000000,0.000000,0.000000,0.000000,0,0,0,0,0,0.000000,0.000000,0.000000
20260518_093006,2026-05-18 09:35:17,317,0.7786,1,500,105,100,5,0,20,20,102,101,37,3528.657913,-3111.938726,3277.805420,1521.065561,0.000000,0.000000,0.000000,0.000000,0.000000,0.000000,0.000000,0.000000,0,0,0,0,0,0.000000,0.000000,0.000000
20260518_093006,2026-05-18 09:35:18,318,0.7772,1,500,105,100,5,0,20,20,142,139,26,3631.482788,-1965.572084,2878.876221,1408.456107,0.000000,0.000000,0.000000,0.000000,0.000000,0.000000,0.000000,0.000000,0,0,0,0,0,0.000000,0.000000,0.000000
20260518_093006,2026-05-18 09:35:19,319,0.7571,1,500,105,100,5,0,20,20,158,152,42,3686.203766,-3580.782138,3081.629395,1451.575031,0.000000,0.000000,0.000000,0.000000,0.000000,0.000000,0.000000,0.000000,0,0,0,0,0,0.000000,0.000000,0.000000
20260518_093006,2026-05-18 09:35:20,320,0.7770,1,500,105,100,5,0,20,20,88,78,26,3853.759155,-2057.458213,2088.735107,1289.667514,0.000000,0.000000,0.000000,0.000000,0.000000,0.000000,0.000000,0.000000,0,0,0,0,0,0.000000,0.000000,0.000000
20260518_093006,2026-05-18 09:35:21,321,0.7665,1,500,105,100,5,0,20,20,68,67,27,3737.345154,-2191.046579,2090.045654,1431.173755,0.000000,0.000000,0.000000,0.000000,0.000000,0.000000,0.000000,0.000000,0,0,0,0,0,0.000000,0.000000,0.000000
20260518_093006,2026-05-18 09:35:23,322,0.7682,1,500,105,100,5,0,20,20,75,70,33,4182.572021,-2777.384598,2266.055664,1353.917868,0.000000,0.000000,0.000000,0.000000,0.000000,0.000000,0.000000,0.000000,0,0,0,0,0,0.000000,0.000000,0.000000
20260518_093006,2026-05-18 09:35:24,323,0.7360,1,500,105,100,5,0,20,20,45,43,34,3336.926453,-2887.189499,2278.362305,1375.183832,0.000000,0.000000,0.000000,0.000000,0.000000,0.000000,0.000000,0.000000,0,0,0,0,0,0.000000,0.000000,0.000000
20260518_093006,2026-05-18 09:35:25,324,0.7435,1,500,105,100,5,0,20,20,107,104,25,3739.700043,-1910.105513,1888.178711,1310.400171,0.000000,0.000000,0.000000,0.000000,0.000000,0.000000,0.000000,0.000000,0,0,0,0,0,0.000000,0.000000,0.000000
20260518_093006,2026-05-18 09:35:26,325,0.7449,1,500,105,100,5,0,20,20,79,68,38,2979.046448,-3277.601639,2079.343262,1411.826352,0.000000,0.000000,0.000000,0.000000,0.000000,0.000000,0.000000,0.000000,0,0,0,0,0,0.000000,0.000000,0.000000
20260518_093006,2026-05-18 09:35:27,326,0.7369,1,500,105,100,5,0,20,20,109,106,35,3159.899017,-2928.531726,2667.010254,1454.116571,0.000000,0.000000,0.000000,0.000000,0.000000,0.000000,0.000000,0.000000,0,0,0,0,0,0.000000,0.000000,0.000000
20260518_093006,2026-05-18 09:35:28,327,0.7689,1,500,105,100,5,0,20,20,75,64,51,3636.601929,-4561.395873,3183.497803,1603.523517,0.000000,0.000000,0.000000,0.000000,0.000000,0.000000,0.000000,0.000000,0,0,0,0,0,0.000000,0.000000,0.000000
20260518_093006,2026-05-18 09:35:29,328,0.7330,1,500,105,100,5,0,20,20,52,47,28,3920.926697,-2308.270843,2472.704590,1336.729358,0.000000,0.000000,0.000000,0.000000,0.000000,0.000000,0.000000,0.000000,0,0,0,0,0,0.000000,0.000000,0.000000
20260518_093006,2026-05-18 09:35:31,329,0.6969,1,500,105,100,5,0,20,20,116,102,33,3873.238525,-2769.312151,2078.344482,1476.516040,0.000000,0.000000,0.000000,0.000000,0.000000,0.000000,0.000000,0.000000,0,0,0,0,0,0.000000,0.000000,0.000000
20260518_093006,2026-05-18 09:35:32,330,0.7413,1,500,105,100,5,0,20,20,130,127,27,3555.442444,-2121.049991,2082.572754,1301.432938,0.000000,0.000000,0.000000,0.000000,0.000000,0.000000,0.000000,0.000000,0,0,0,0,0,0.000000,0.000000,0.000000
20260518_093006,2026-05-18 09:35:33,331,0.7281,1,500,105,100,5,0,20,20,77,76,35,3598.723114,-2955.335189,2271.268555,1425.542233,0.000000,0.000000,0.000000,0.000000,0.000000,0.000000,0.000000,0.000000,0,0,0,0,0,0.000000,0.000000,0.000000
20260518_093006,2026-05-18 09:35:34,332,0.7376,1,500,105,100,5,0,20,20,108,105,39,3046.526138,-3322.417654,2679.039551,1508.735025,0.000000,0.000000,0.000000,0.000000,0.000000,0.000000,0.000000,0.000000,0,0,0,0,0,0.000000,0.000000,0.000000
20260518_093006,2026-05-18 09:35:35,333,0.7538,1,500,105,100,5,0,20,20,109,103,45,3783.365295,-3935.119475,2885.444580,1633.476523,0.000000,0.000000,0.000000,0.000000,0.000000,0.000000,0.000000,0.000000,0,0,0,0,0,0.000000,0.000000,0.000000
20260518_093006,2026-05-18 09:35:36,334,0.7407,1,500,105,100,5,0,20,20,116,110,31,3587.895477,-2529.967791,2699.397217,1354.396774,0.000000,0.000000,0.000000,0.000000,0.000000,0.000000,0.000000,0.000000,0,0,0,0,0,0.000000,0.000000,0.000000
20260518_093006,2026-05-18 09:35:38,335,0.7486,1,500,105,100,5,0,20,20,61,53,47,3451.689453,-4184.544995,2676.112305,1696.344098,0.000000,0.000000,0.000000,0.000000,0.000000,0.000000,0.000000,0.000000,0,0,0,0,0,0.000000,0.000000,0.000000
20260518_093006,2026-05-18 09:35:39,336,0.7434,1,500,105,100,5,0,20,20,131,122,48,4354.247070,-4188.934691,3278.669922,1562.006842,0.000000,0.000000,0.000000,0.000000,0.000000,0.000000,0.000000,0.000000,0,0,0,0,0,0.000000,0.000000,0.000000
20260518_093006,2026-05-18 09:35:40,337,0.7300,1,500,105,100,5,0,20,20,108,101,47,3378.561279,-4126.014029,2680.054932,1620.468582,0.000000,0.000000,0.000000,0.000000,0.000000,0.000000,0.000000,0.000000,0,0,0,0,0,0.000000,0.000000,0.000000
20260518_093006,2026-05-18 09:35:41,338,0.7360,1,500,105,100,5,0,20,20,182,178,35,3467.079224,-2847.040335,2483.490723,1463.893234,0.000000,0.000000,0.000000,0.000000,0.000000,0.000000,0.000000,0.000000,0,0,0,0,0,0.000000,0.000000,0.000000
20260518_093006,2026-05-18 09:35:42,339,0.7388,1,500,105,100,5,0,20,20,96,90,50,3045.109955,-4434.621516,2882.627686,1652.971646,0.000000,0.000000,0.000000,0.000000,0.000000,0.000000,0.000000,0.000000,0,0,0,0,0,0.000000,0.000000,0.000000
20260518_093006,2026-05-18 09:35:44,340,0.7552,1,500,105,100,5,0,20,20,109,99,50,3045.576691,-4439.657709,3080.664551,1574.872897,0.000000,0.000000,0.000000,0.000000,0.000000,0.000000,0.000000,0.000000,0,0,0,0,0,0.000000,0.000000,0.000000
20260518_093006,2026-05-18 09:35:45,341,0.7414,1,500,105,100,5,0,20,20,96,93,52,3588.507233,-4641.888092,3077.290039,1648.616461,0.000000,0.000000,0.000000,0.000000,0.000000,0.000000,0.000000,0.000000,0,0,0,0,0,0.000000,0.000000,0.000000
20260518_093006,2026-05-18 09:35:46,342,0.7633,1,500,105,100,5,0,20,20,96,91,46,3560.764084,-4033.744247,2674.051758,1443.620285,0.000000,0.000000,0.000000,0.000000,0.000000,0.000000,0.000000,0.000000,0,0,0,0,0,0.000000,0.000000,0.000000
20260518_093006,2026-05-18 09:35:47,343,0.7695,1,500,105,100,5,0,20,20,116,108,37,3570.470581,-3123.578333,2886.440430,1403.511261,0.000000,0.000000,0.000000,0.000000,0.000000,0.000000,0.000000,0.000000,0,0,0,0,0,0.000000,0.000000,0.000000
20260518_093006,2026-05-18 09:35:48,344,0.7585,1,500,105,100,5,0,20,20,48,48,36,3593.270691,-3097.642835,3081.785156,1520.984222,0.000000,0.000000,0.000000,0.000000,0.000000,0.000000,0.000000,0.000000,0,0,0,0,0,0.000000,0.000000,0.000000
20260518_093006,2026-05-18 09:35:50,345,0.7977,1,500,105,100,5,0,20,20,91,82,29,3073.820129,-2348.094017,2695.420898,1423.820425,0.000000,0.000000,0.000000,0.000000,0.000000,0.000000,0.000000,0.000000,0,0,0,0,0,0.000000,0.000000,0.000000
20260518_093006,2026-05-18 09:35:51,346,0.7503,1,500,105,100,5,0,20,20,115,114,31,3058.727570,-2496.725401,2487.705566,1414.245813,0.000000,0.000000,0.000000,0.000000,0.000000,0.000000,0.000000,0.000000,0,0,0,0,0,0.000000,0.000000,0.000000
20260518_093006,2026-05-18 09:35:52,347,0.7710,1,500,105,100,5,0,20,20,120,114,26,4392.166870,-1985.820739,2482.964355,1371.535880,0.000000,0.000000,0.000000,0.000000,0.000000,0.000000,0.000000,0.000000,0,0,0,0,0,0.000000,0.000000,0.000000
20260518_093006,2026-05-18 09:35:53,348,0.7684,1,500,105,100,5,0,20,20,108,107,39,3665.092133,-3328.813424,3275.153809,1498.413559,0.000000,0.000000,0.000000,0.000000,0.000000,0.000000,0.000000,0.000000,0,0,0,0,0,0.000000,0.000000,0.000000
20260518_093006,2026-05-18 09:35:55,349,0.7587,1,500,105,100,5,0,20,20,137,136,35,3544.800537,-2879.247480,2189.941650,1344.719473,0.000000,0.000000,0.000000,0.000000,0.000000,0.000000,0.000000,0.000000,0,0,0,0,0,0.000000,0.000000,0.000000
20260518_093006,2026-05-18 09:35:56,350,0.7435,1,500,105,100,5,0,20,20,127,123,37,3062.500931,-3111.494442,2468.095703,1546.462003,0.000000,0.000000,0.000000,0.000000,0.000000,0.000000,0.000000,0.000000,0,0,0,0,0,0.000000,0.000000,0.000000
20260518_093006,2026-05-18 09:35:57,351,0.7430,1,500,105,100,5,0,20,20,98,97,42,3743.075165,-3669.824888,2484.050049,1502.822876,0.000000,0.000000,0.000000,0.000000,0.000000,0.000000,0.000000,0.000000,0,0,0,0,0,0.000000,0.000000,0.000000
20260518_093006,2026-05-18 09:35:58,352,0.7887,1,500,105,100,5,0,20,20,92,84,40,3587.317520,-3423.739835,3077.335938,1506.856558,0.000000,0.000000,0.000000,0.000000,0.000000,0.000000,0.000000,0.000000,0,0,0,0,0,0.000000,0.000000,0.000000
20260518_093006,2026-05-18 09:35:59,353,0.7479,1,500,105,100,5,0,20,20,131,127,25,3698.055939,-1905.806068,2484.062012,1268.718240,0.000000,0.000000,0.000000,0.000000,0.000000,0.000000,0.000000,0.000000,0,0,0,0,0,0.000000,0.000000,0.000000
20260518_093006,2026-05-18 09:36:01,354,0.7861,1,500,105,100,5,0,20,20,91,84,29,3816.356476,-2344.568541,2479.712158,1281.123065,0.000000,0.000000,0.000000,0.000000,0.000000,0.000000,0.000000,0.000000,0,0,0,0,0,0.000000,0.000000,0.000000
20260518_093006,2026-05-18 09:36:02,355,0.7464,1,500,105,100,5,0,20,20,106,102,34,3036.699081,-2851.813957,2381.958740,1370.746829,0.000000,0.000000,0.000000,0.000000,0.000000,0.000000,0.000000,0.000000,0,0,0,0,0,0.000000,0.000000,0.000000
20260518_093006,2026-05-18 09:36:03,356,0.7117,1,500,105,100,5,0,20,20,137,133,52,3712.601746,-4602.334835,2880.161621,1355.726712,0.000000,0.000000,0.000000,0.000000,0.000000,0.000000,0.000000,0.000000,0,0,0,0,0,0.000000,0.000000,0.000000
20260518_093006,2026-05-18 09:36:04,357,0.7553,1,500,105,100,5,0,20,20,119,112,38,3732.422974,-3173.692030,2069.674316,1332.576471,0.000000,0.000000,0.000000,0.000000,0.000000,0.000000,0.000000,0.000000,0,0,0,0,0,0.000000,0.000000,0.000000
20260518_093006,2026-05-18 09:36:06,358,0.7469,1,500,105,100,5,0,20,20,92,76,64,3812.708466,-5844.702055,3079.595703,1744.773682,0.000000,0.000000,0.000000,0.000000,0.000000,0.000000,0.000000,0.000000,0,0,0,0,0,0.000000,0.000000,0.000000
20260518_093006,2026-05-18 09:36:07,359,0.7719,1,500,105,100,5,0,20,20,135,121,41,4495.628296,-3501.962722,2876.646973,1519.333023,0.000000,0.000000,0.000000,0.000000,0.000000,0.000000,0.000000,0.000000,0,0,0,0,0,0.000000,0.000000,0.000000
20260518_093006,2026-05-18 09:36:08,360,0.7385,1,500,105,100,5,0,20,20,122,115,53,3967.548279,-4696.841715,2677.193359,1655.081802,0.000000,0.000000,0.000000,0.000000,0.000000,0.000000,0.000000,0.000000,0,0,0,0,0,0.000000,0.000000,0.000000
20260518_093006,2026-05-18 09:36:09,361,0.7786,1,500,105,100,5,0,20,20,134,131,31,3043.938736,-2520.481199,2279.550049,1265.246844,0.000000,0.000000,0.000000,0.000000,0.000000,0.000000,0.000000,0.000000,0,0,0,0,0,0.000000,0.000000,0.000000
20260518_093006,2026-05-18 09:36:10,362,0.7613,1,500,105,100,5,0,20,20,190,187,41,3578.245697,-3430.140955,2120.338867,1390.360236,0.000000,0.000000,0.000000,0.000000,0.000000,0.000000,0.000000,0.000000,0,0,0,0,0,0.000000,0.000000,0.000000
20260518_093006,2026-05-18 09:36:12,363,0.7584,1,500,105,100,5,0,20,20,143,132,38,3880.526245,-3221.666010,2977.733154,1410.358374,0.000000,0.000000,0.000000,0.000000,0.000000,0.000000,0.000000,0.000000,0,0,0,0,0,0.000000,0.000000,0.000000
20260518_093006,2026-05-18 09:36:13,364,0.7444,1,500,105,100,5,0,20,20,107,104,44,3717.472717,-3849.761611,3084.616699,1590.766818,0.000000,0.000000,0.000000,0.000000,0.000000,0.000000,0.000000,0.000000,0,0,0,0,0,0.000000,0.000000,0.000000
20260518_093006,2026-05-18 09:36:14,365,0.7516,1,500,105,100,5,0,20,20,116,112,31,4355.258240,-2547.176825,2481.393555,1475.322604,0.000000,0.000000,0.000000,0.000000,0.000000,0.000000,0.000000,0.000000,0,0,0,0,0,0.000000,0.000000,0.000000
20260518_093006,2026-05-18 09:36:15,366,0.7508,1,500,105,100,5,1,20,20,122,106,35,5084.748535,-2878.105368,2875.265625,1279.947528,0.000000,0.000000,0.000000,0.000000,0.000000,0.000000,0.000000,0.000000,0,0,0,0,0,0.000000,0.000000,0.000000
20260518_093006,2026-05-18 09:36:17,367,0.7236,1,500,105,100,5,0,20,20,94,91,40,5432.389252,-3411.965337,3268.957520,1380.326981,0.000000,0.000000,0.000000,0.000000,0.000000,0.000000,0.000000,0.000000,0,0,0,0,0,0.000000,0.000000,0.000000
20260518_093006,2026-05-18 09:36:18,368,0.7488,1,500,105,100,5,0,20,20,122,119,49,5327.244171,-4280.613323,2875.456543,1348.912228,0.000000,0.000000,0.000000,0.000000,0.000000,0.000000,0.000000,0.000000,0,0,0,0,0,0.000000,0.000000,0.000000
20260518_093006,2026-05-18 09:36:19,369,0.7569,1,500,105,100,5,0,20,20,92,84,43,5315.268738,-3761.496445,2572.346191,1336.675278,0.000000,0.000000,0.000000,0.000000,0.000000,0.000000,0.000000,0.000000,0,0,0,0,0,0.000000,0.000000,0.000000
20260518_093006,2026-05-18 09:36:20,370,0.7492,1,500,105,100,5,0,20,20,69,65,49,5313.007858,-4412.082216,3377.417236,1415.933670,0.000000,0.000000,0.000000,0.000000,0.000000,0.000000,0.000000,0.000000,0,0,0,0,0,0.000000,0.000000,0.000000
20260518_093006,2026-05-18 09:36:22,371,0.8101,1,500,105,100,5,0,20,20,126,115,34,5642.266724,-2805.811393,1891.857056,1500.055954,0.000000,0.000000,0.000000,0.000000,0.000000,0.000000,0.000000,0.000000,0,0,0,0,0,0.000000,0.000000,0.000000
20260518_093006,2026-05-18 09:36:23,372,0.7491,1,500,105,100,5,0,20,20,102,99,48,5422.242981,-4241.117991,2691.943848,1430.354562,0.000000,0.000000,0.000000,0.000000,0.000000,0.000000,0.000000,0.000000,0,0,0,0,0,0.000000,0.000000,0.000000
20260518_093006,2026-05-18 09:36:24,373,0.7503,1,500,105,100,5,0,20,20,106,100,35,3404.235718,-2928.478012,2480.219727,1379.780997,0.000000,0.000000,0.000000,0.000000,0.000000,0.000000,0.000000,0.000000,0,0,0,0,0,0.000000,0.000000,0.000000
20260518_093006,2026-05-18 09:36:25,374,0.7151,1,500,105,100,5,0,20,20,119,112,23,6166.846680,-1723.227410,2881.571289,1305.921902,0.000000,0.000000,0.000000,0.000000,0.000000,0.000000,0.000000,0.000000,0,0,0,0,0,0.000000,0.000000,0.000000
20260518_093006,2026-05-18 09:36:26,375,0.7361,1,500,105,100,5,0,20,20,92,87,40,3501.486206,-3448.111278,3276.089111,1651.246240,0.000000,0.000000,0.000000,0.000000,0.000000,0.000000,0.000000,0.000000,0,0,0,0,0,0.000000,0.000000,0.000000
20260518_093006,2026-05-18 09:36:28,376,0.7902,1,500,105,100,5,0,20,20,110,109,35,5314.995377,-2914.294958,2273.381836,1305.239499,0.000000,0.000000,0.000000,0.000000,0.000000,0.000000,0.000000,0.000000,0,0,0,0,0,0.000000,0.000000,0.000000
20260518_093006,2026-05-18 09:36:29,377,0.7554,1,500,105,100,5,0,20,20,69,61,40,5548.699097,-3456.888172,2475.119141,1456.281857,0.000000,0.000000,0.000000,0.000000,0.000000,0.000000,0.000000,0.000000,0,0,0,0,0,0.000000,0.000000,0.000000
20260518_093006,2026-05-18 09:36:30,378,0.7519,1,500,105,100,5,0,20,20,114,109,26,5318.469208,-2016.438458,2085.241943,1267.434497,0.000000,0.000000,0.000000,0.000000,0.000000,0.000000,0.000000,0.000000,0,0,0,0,0,0.000000,0.000000,0.000000
20260518_093006,2026-05-18 09:36:31,379,0.7220,1,500,105,100,5,0,20,20,93,91,35,5433.063965,-2947.922293,2830.219238,1401.021829,0.000000,0.000000,0.000000,0.000000,0.000000,0.000000,0.000000,0.000000,0,0,0,0,0,0.000000,0.000000,0.000000
20260518_093006,2026-05-18 09:36:33,380,0.7592,1,500,105,100,5,0,20,20,77,77,28,5581.540192,-2268.372676,1900.647705,1459.095288,0.000000,0.000000,0.000000,0.000000,0.000000,0.000000,0.000000,0.000000,0,0,0,0,0,0.000000,0.000000,0.000000
20260518_093006,2026-05-18 09:36:34,381,0.7573,1,500,105,100,5,0,20,20,136,135,48,5453.167480,-4187.306443,2480.732422,1516.570309,0.000000,0.000000,0.000000,0.000000,0.000000,0.000000,0.000000,0.000000,0,0,0,0,0,0.000000,0.000000,0.000000
20260518_093006,2026-05-18 09:36:35,382,0.7449,1,500,105,100,5,0,20,20,126,123,49,5373.471619,-4308.916428,2680.979004,1546.741287,0.000000,0.000000,0.000000,0.000000,0.000000,0.000000,0.000000,0.000000,0,0,0,0,0,0.000000,0.000000,0.000000
20260518_093006,2026-05-18 09:36:36,383,0.7446,1,500,105,100,5,0,20,20,95,94,41,5426.667999,-3530.282090,2281.804932,1496.845630,0.000000,0.000000,0.000000,0.000000,0.000000,0.000000,0.000000,0.000000,0,0,0,0,0,0.000000,0.000000,0.000000
20260518_093006,2026-05-18 09:36:38,384,0.8025,1,500,105,100,5,0,20,20,118,115,38,5529.843506,-3176.507094,2283.454102,1509.047849,0.000000,0.000000,0.000000,0.000000,0.000000,0.000000,0.000000,0.000000,0,0,0,0,0,0.000000,0.000000,0.000000
20260518_093006,2026-05-18 09:36:39,385,0.7536,1,500,105,100,5,0,20,20,79,72,35,3817.001160,-2927.730485,2476.409668,1406.744107,0.000000,0.000000,0.000000,0.000000,0.000000,0.000000,0.000000,0.000000,0,0,0,0,0,0.000000,0.000000,0.000000
20260518_093006,2026-05-18 09:36:40,386,0.7405,1,500,105,100,5,0,20,20,55,51,32,5375.229156,-2684.079372,3074.289062,1547.807486,0.000000,0.000000,0.000000,0.000000,0.000000,0.000000,0.000000,0.000000,0,0,0,0,0,0.000000,0.000000,0.000000
20260518_093006,2026-05-18 09:36:41,387,0.7540,1,500,105,100,5,0,20,20,83,73,47,6338.228149,-4113.564105,2873.137207,1601.442038,0.000000,0.000000,0.000000,0.000000,0.000000,0.000000,0.000000,0.000000,0,0,0,0,0,0.000000,0.000000,0.000000
20260518_093006,2026-05-18 09:36:43,388,0.7437,1,500,105,100,5,0,20,20,84,69,25,5531.314178,-1899.733050,1869.297607,1403.815833,0.000000,0.000000,0.000000,0.000000,0.000000,0.000000,0.000000,0.000000,0,0,0,0,0,0.000000,0.000000,0.000000
20260518_093006,2026-05-18 09:36:44,389,0.7547,1,500,105,100,5,0,20,20,97,94,40,3671.244781,-3444.695822,2281.419922,1552.599240,0.000000,0.000000,0.000000,0.000000,0.000000,0.000000,0.000000,0.000000,0,0,0,0,0,0.000000,0.000000,0.000000
20260518_093006,2026-05-18 09:36:45,390,0.7547,1,500,105,100,5,0,20,20,113,110,26,5456.394806,-2000.474033,1874.647217,1293.031528,0.000000,0.000000,0.000000,0.000000,0.000000,0.000000,0.000000,0.000000,0,0,0,0,0,0.000000,0.000000,0.000000
20260518_093006,2026-05-18 09:36:46,391,0.7405,1,500,105,100,5,0,20,20,110,105,45,3687.538940,-3895.243555,3079.897461,1609.945065,0.000000,0.000000,0.000000,0.000000,0.000000,0.000000,0.000000,0.000000,0,0,0,0,0,0.000000,0.000000,0.000000
20260518_093006,2026-05-18 09:36:48,392,0.7416,1,500,105,100,5,0,20,20,123,121,46,5509.724182,-3965.730940,2493.110352,1639.925793,0.000000,0.000000,0.000000,0.000000,0.000000,0.000000,0.000000,0.000000,0,0,0,0,0,0.000000,0.000000,0.000000
20260518_093006,2026-05-18 09:36:49,393,0.7510,1,500,105,100,5,0,20,20,116,110,57,5547.218079,-5114.051817,2872.488037,1663.773672,0.000000,0.000000,0.000000,0.000000,0.000000,0.000000,0.000000,0.000000,0,0,0,0,0,0.000000,0.000000,0.000000
20260518_093006,2026-05-18 09:36:50,394,0.7480,1,500,105,100,5,0,20,20,111,110,44,3667.101257,-3802.269519,2875.815430,1557.272736,0.000000,0.000000,0.000000,0.000000,0.000000,0.000000,0.000000,0.000000,0,0,0,0,0,0.000000,0.000000,0.000000
20260518_093006,2026-05-18 09:36:52,395,0.7600,1,500,105,100,5,0,20,20,107,104,44,3608.336182,-3818.931491,3081.343750,1496.993927,0.000000,0.000000,0.000000,0.000000,0.000000,0.000000,0.000000,0.000000,0,0,0,0,0,0.000000,0.000000,0.000000
20260518_093006,2026-05-18 09:36:53,396,0.7461,1,500,105,100,5,0,20,20,79,77,37,3889.747192,-3162.968329,2274.774414,1472.812463,0.000000,0.000000,0.000000,0.000000,0.000000,0.000000,0.000000,0.000000,0,0,0,0,0,0.000000,0.000000,0.000000
20260518_093006,2026-05-18 09:36:54,397,0.8067,1,500,105,100,5,0,20,20,127,126,44,3133.662109,-3811.351803,2685.048828,1634.898233,0.000000,0.000000,0.000000,0.000000,0.000000,0.000000,0.000000,0.000000,0,0,0,0,0,0.000000,0.000000,0.000000
20260518_093006,2026-05-18 09:36:55,398,0.7435,1,500,105,100,5,0,20,20,141,136,44,5431.873566,-3727.791367,2878.023682,1491.359500,0.000000,0.000000,0.000000,0.000000,0.000000,0.000000,0.000000,0.000000,0,0,0,0,0,0.000000,0.000000,0.000000
20260518_093006,2026-05-18 09:36:57,399,0.7546,1,500,105,100,5,0,20,20,154,147,42,3262.785583,-3550.040571,3074.562256,1578.849301,0.000000,0.000000,0.000000,0.000000,0.000000,0.000000,0.000000,0.000000,0,0,0,0,0,0.000000,0.000000,0.000000
20260518_093006,2026-05-18 09:36:58,400,0.7482,1,500,105,100,5,0,20,20,120,109,38,3780.017639,-3227.036713,3280.785889,1464.727814,0.000000,0.000000,0.000000,0.000000,0.000000,0.000000,0.000000,0.000000,0,0,0,0,0,0.000000,0.000000,0.000000
20260518_093006,2026-05-18 09:36:59,401,0.7504,1,500,105,100,5,0,20,20,153,152,35,2985.708176,-2824.401984,2078.946777,1371.310138,0.000000,0.000000,0.000000,0.000000,0.000000,0.000000,0.000000,0.000000,0,0,0,0,0,0.000000,0.000000,0.000000
20260518_093006,2026-05-18 09:37:01,402,0.7654,1,500,105,100,5,0,20,20,98,95,28,5449.986511,-2221.923921,2675.669189,1433.993005,0.000000,0.000000,0.000000,0.000000,0.000000,0.000000,0.000000,0.000000,0,0,0,0,0,0.000000,0.000000,0.000000
20260518_093006,2026-05-18 09:37:02,403,0.7554,1,500,105,100,5,0,20,20,155,148,32,5796.203613,-2533.323200,3484.509766,1213.012378,0.000000,0.000000,0.000000,0.000000,0.000000,0.000000,0.000000,0.000000,0,0,0,0,0,0.000000,0.000000,0.000000
20260518_093006,2026-05-18 09:37:03,404,0.7335,1,500,105,100,5,0,20,20,78,72,56,5453.351318,-5079.377514,3681.012451,1664.545258,0.000000,0.000000,0.000000,0.000000,0.000000,0.000000,0.000000,0.000000,0,0,0,0,0,0.000000,0.000000,0.000000
20260518_093006,2026-05-18 09:37:04,405,0.7532,1,500,105,100,5,0,20,20,161,157,53,6168.870117,-4654.461401,2672.791992,1626.407422,0.000000,0.000000,0.000000,0.000000,0.000000,0.000000,0.000000,0.000000,0,0,0,0,0,0.000000,0.000000,0.000000
20260518_093006,2026-05-18 09:37:06,406,0.7553,1,500,105,100,5,0,20,20,151,149,50,5352.988831,-4326.782030,3272.994385,1533.799142,0.000000,0.000000,0.000000,0.000000,0.000000,0.000000,0.000000,0.000000,0,0,0,0,0,0.000000,0.000000,0.000000
20260518_093006,2026-05-18 09:37:07,407,0.7575,1,500,105,100,5,0,20,20,119,119,51,5325.716797,-4511.714753,4080.546631,1486.134406,0.000000,0.000000,0.000000,0.000000,0.000000,0.000000,0.000000,0.000000,0,0,0,0,0,0.000000,0.000000,0.000000
20260518_093006,2026-05-18 09:37:08,408,0.7417,1,500,105,100,5,0,20,20,88,83,57,771.105286,-5165.857801,3099.194336,1623.033310,0.000000,0.000000,0.000000,0.000000,0.000000,0.000000,0.000000,0.000000,0,0,0,0,0,0.000000,0.000000,0.000000
20260518_093006,2026-05-18 09:37:10,409,0.7061,1,500,105,100,5,0,20,20,73,71,38,5469.481445,-3303.476449,2486.114990,1384.722083,0.000000,0.000000,0.000000,0.000000,0.000000,0.000000,0.000000,0.000000,0,0,0,0,0,0.000000,0.000000,0.000000
20260518_093006,2026-05-18 09:37:11,410,0.7627,1,500,105,100,5,0,20,20,147,146,40,3592.385147,-3393.092115,2469.479248,1476.970877,0.000000,0.000000,0.000000,0.000000,0.000000,0.000000,0.000000,0.000000,0,0,0,0,0,0.000000,0.000000,0.000000
20260518_093006,2026-05-18 09:37:12,411,0.7083,1,500,105,100,5,0,20,20,139,129,49,3742.839783,-4266.033011,3897.425781,1619.650153,0.000000,0.000000,0.000000,0.000000,0.000000,0.000000,0.000000,0.000000,0,0,0,0,0,0.000000,0.000000,0.000000
20260518_093006,2026-05-18 09:37:13,412,0.7130,1,500,105,100,5,0,20,20,94,94,34,5230.050995,-2834.300394,2080.005859,1328.101465,0.000000,0.000000,0.000000,0.000000,0.000000,0.000000,0.000000,0.000000,0,0,0,0,0,0.000000,0.000000,0.000000
20260518_093904,2026-05-18 09:39:05,0,1.6633,1,500,100,100,0,0,20,20,280,280,71,2955.596436,-6806.600314,2517.090820,1610.113544,0.000000,0.000000,0.000000,0.000000,0.000000,0.000000,0.000000,0.000000,0,0,0,0,0,0.000000,0.000000,0.000000
20260518_093904,2026-05-18 09:39:06,1,0.6804,1,500,101,100,1,0,20,20,186,186,71,2150.755615,-6827.409124,2770.786377,1586.268500,0.000000,0.000000,0.000000,0.000000,0.000000,0.000000,0.000000,0.000000,0,0,0,0,0,0.000000,0.000000,0.000000
20260518_093904,2026-05-18 09:39:07,2,0.7148,1,500,102,100,2,1,20,20,232,226,56,3243.521118,-5103.773099,2190.683594,1435.867245,0.000000,0.000000,0.000000,0.000000,0.000000,0.000000,0.000000,0.000000,0,0,0,0,0,0.000000,0.000000,0.000000
20260518_093904,2026-05-18 09:39:08,3,0.7400,1,500,103,100,3,0,20,20,218,212,45,3395.886292,-3963.784022,2999.383301,1345.110641,0.000000,0.000000,0.000000,0.000000,0.000000,0.000000,0.000000,0.000000,0,0,0,0,0,0.000000,0.000000,0.000000
20260518_093904,2026-05-18 09:39:09,4,0.6997,1,500,104,100,4,1,20,20,315,306,63,4172.113770,-5548.303627,2387.355225,1503.984351,0.000000,0.000000,0.000000,0.000000,0.000000,0.000000,0.000000,0.000000,0,0,0,0,0,0.000000,0.000000,0.000000
20260518_093904,2026-05-18 09:39:09,5,0.7628,1,500,105,100,5,0,20,20,246,226,56,5591.822144,-4859.886413,2200.591797,1384.080704,0.000000,0.000000,0.000000,0.000000,0.000000,0.000000,0.000000,0.000000,0,0,0,0,0,0.000000,0.000000,0.000000
20260518_093904,2026-05-18 09:39:10,6,0.7728,1,500,105,100,5,0,20,20,333,310,69,4275.106445,-6033.898385,3014.229492,1633.291064,0.000000,0.000000,0.000000,0.000000,0.000000,0.000000,0.000000,0.000000,0,0,0,0,0,0.000000,0.000000,0.000000
20260518_093904,2026-05-18 09:39:11,7,0.7055,1,500,105,100,5,0,20,20,304,286,78,2766.958191,-7015.340714,4367.036621,1791.674649,0.000000,0.000000,0.000000,0.000000,0.000000,0.000000,0.000000,0.000000,0,0,0,0,0,0.000000,0.000000,0.000000
20260518_093904,2026-05-18 09:39:12,8,0.7247,1,500,105,100,5,0,20,20,190,172,53,7144.805664,-4605.577165,2671.201660,1520.499918,0.000000,0.000000,0.000000,0.000000,0.000000,0.000000,0.000000,0.000000,0,0,0,0,0,0.000000,0.000000,0.000000
20260518_093904,2026-05-18 09:39:13,9,0.7334,1,500,105,100,5,1,20,20,275,252,82,6574.721436,-7400.164947,3083.410645,1934.935980,0.000000,0.000000,0.000000,0.000000,0.000000,0.000000,0.000000,0.000000,0,0,0,0,0,0.000000,0.000000,0.000000
20260518_093904,2026-05-18 09:39:13,10,0.7357,1,500,105,100,5,1,20,20,307,285,65,6963.394043,-5712.085115,2881.710693,1861.032370,0.000000,0.000000,0.000000,0.000000,0.000000,0.000000,0.000000,0.000000,0,0,0,0,0,0.000000,0.000000,0.000000
20260518_093904,2026-05-18 09:39:14,11,0.7116,1,500,105,100,5,0,20,20,242,237,69,3154.469269,-6210.924015,2684.490234,1847.478314,0.000000,0.000000,0.000000,0.000000,0.000000,0.000000,0.000000,0.000000,0,0,0,0,0,0.000000,0.000000,0.000000
20260518_093904,2026-05-18 09:39:15,12,0.7355,1,500,105,100,5,1,20,20,298,286,72,5068.275024,-6341.128420,3693.742920,1925.340234,0.000000,0.000000,0.000000,0.000000,0.000000,0.000000,0.000000,0.000000,0,0,0,0,0,0.000000,0.000000,0.000000
20260518_093904,2026-05-18 09:39:16,13,0.8091,1,500,105,100,5,4,20,20,370,348,73,3709.850830,-6372.525903,3299.202148,1929.875015,0.000000,0.000000,0.000000,0.000000,0.000000,0.000000,0.000000,0.000000,0,0,0,0,0,0.000000,0.000000,0.000000
20260518_093904,2026-05-18 09:39:17,14,0.7500,1,500,105,100,5,7,20,20,466,409,70,6734.440674,-5942.793028,2870.968750,1924.424194,0.000000,0.000000,0.000000,0.000000,0.000000,0.000000,0.000000,0.000000,0,0,0,0,0,0.000000,0.000000,0.000000
20260518_093904,2026-05-18 09:39:18,15,0.7468,1,500,105,100,5,1,20,20,256,237,64,6885.991699,-5542.732526,2679.830566,1804.570966,0.000000,0.000000,0.000000,0.000000,0.000000,0.000000,0.000000,0.000000,0,0,0,0,0,0.000000,0.000000,0.000000
20260518_093904,2026-05-18 09:39:19,16,0.7613,1,500,105,100,5,2,20,20,434,406,64,4143.884277,-5382.773825,3286.236084,1812.513803,0.000000,0.000000,0.000000,0.000000,0.000000,0.000000,0.000000,0.000000,0,0,0,0,0,0.000000,0.000000,0.000000
20260518_093904,2026-05-18 09:39:19,17,0.7450,1,500,105,100,5,4,20,20,258,232,70,7436.784668,-6237.991413,3273.205566,1844.460062,0.000000,0.000000,0.000000,0.000000,0.000000,0.000000,0.000000,0.000000,0,0,0,0,0,0.000000,0.000000,0.000000
20260518_093904,2026-05-18 09:39:20,18,0.7640,1,500,105,100,5,6,20,20,469,390,53,7610.953613,-4180.287536,2696.524658,1745.482843,0.000000,0.000000,0.000000,0.000000,0.000000,0.000000,0.000000,0.000000,0,0,0,0,0,0.000000,0.000000,0.000000
20260518_093904,2026-05-18 09:39:21,19,0.7506,1,500,105,100,5,6,20,20,376,324,64,8312.563721,-5422.898709,2694.188965,1758.529755,0.000000,0.000000,0.000000,0.000000,0.000000,0.000000,0.000000,0.000000,0,0,0,0,0,0.000000,0.000000,0.000000
20260518_093904,2026-05-18 09:39:22,20,0.7431,1,500,105,100,5,0,20,20,285,267,70,2666.855957,-6110.044499,2872.355957,1778.998459,0.000000,0.000000,0.000000,0.000000,0.000000,0.000000,0.000000,0.000000,0,0,0,0,0,0.000000,0.000000,0.000000
20260518_093904,2026-05-18 09:39:23,21,0.7409,1,500,105,100,5,4,20,20,405,378,65,6188.150146,-5451.166201,3090.500244,1741.450690,0.000000,0.000000,0.000000,0.000000,0.000000,0.000000,0.000000,0.000000,0,0,0,0,0,0.000000,0.000000,0.000000
20260518_093904,2026-05-18 09:39:24,22,0.7403,1,500,105,100,5,2,20,20,335,297,68,6802.288818,-5837.552460,2959.171143,1712.410748,0.000000,0.000000,0.000000,0.000000,0.000000,0.000000,0.000000,0.000000,0,0,0,0,0,0.000000,0.000000,0.000000
20260518_093904,2026-05-18 09:39:25,23,0.7723,1,500,105,100,5,6,20,20,395,341,73,7305.106445,-6268.735177,3290.988281,1910.934979,0.000000,0.000000,0.000000,0.000000,0.000000,0.000000,0.000000,0.000000,0,0,0,0,0,0.000000,0.000000,0.000000
20260518_093904,2026-05-18 09:39:25,24,0.7490,1,500,105,100,5,5,20,20,326,278,73,8245.007324,-6346.313748,3482.508789,1888.073254,0.000000,0.000000,0.000000,0.000000,0.000000,0.000000,0.000000,0.000000,0,0,0,0,0,0.000000,0.000000,0.000000
20260518_093904,2026-05-18 09:39:26,25,0.7748,1,500,105,100,5,2,20,20,326,300,67,6399.868652,-5763.285828,2893.239990,1740.636664,0.000000,0.000000,0.000000,0.000000,0.000000,0.000000,0.000000,0.000000,0,0,0,0,0,0.000000,0.000000,0.000000
20260518_093904,2026-05-18 09:39:27,26,0.7602,1,500,105,100,5,5,20,20,376,322,59,7575.952148,-4859.768936,2678.233643,1738.550620,0.000000,0.000000,0.000000,0.000000,0.000000,0.000000,0.000000,0.000000,0,0,0,0,0,0.000000,0.000000,0.000000
20260518_093904,2026-05-18 09:39:28,27,0.7837,1,500,105,100,5,9,20,20,534,486,51,7732.234131,-3848.790089,2480.207764,1732.264661,0.000000,0.000000,0.000000,0.000000,0.000000,0.000000,0.000000,0.000000,0,0,0,0,0,0.000000,0.000000,0.000000
20260518_093904,2026-05-18 09:39:29,28,0.7492,1,500,105,100,5,0,20,20,302,265,54,8801.873291,-4442.332420,2691.267090,1751.416711,0.000000,0.000000,0.000000,0.000000,0.000000,0.000000,0.000000,0.000000,0,0,0,0,0,0.000000,0.000000,0.000000
20260518_093904,2026-05-18 09:39:30,29,0.7881,1,500,105,100,5,4,20,20,476,411,70,7780.594482,-5866.536262,3287.264404,1946.108154,0.000000,0.000000,0.000000,0.000000,0.000000,0.000000,0.000000,0.000000,0,0,0,0,0,0.000000,0.000000,0.000000
20260518_093904,2026-05-18 09:39:31,30,0.7646,1,500,105,100,5,7,20,20,466,386,65,10457.305664,-5273.551803,2881.271240,1854.184518,0.000000,0.000000,0.000000,0.000000,0.000000,0.000000,0.000000,0.000000,0,0,0,0,0,0.000000,0.000000,0.000000
20260518_093904,2026-05-18 09:39:32,31,0.7882,1,500,105,100,5,9,20,20,587,516,75,10382.232910,-6119.111975,2685.027588,2026.659277,0.000000,0.000000,0.000000,0.000000,0.000000,0.000000,0.000000,0.000000,0,0,0,0,0,0.000000,0.000000,0.000000
20260518_093904,2026-05-18 09:39:32,32,0.7521,1,500,105,100,5,4,20,20,456,400,59,6537.657349,-4753.544460,2881.488525,1824.030692,0.000000,0.000000,0.000000,0.000000,0.000000,0.000000,0.000000,0.000000,0,0,0,0,0,0.000000,0.000000,0.000000
20260518_093904,2026-05-18 09:39:33,33,0.7315,1,500,105,100,5,1,20,20,400,375,74,5613.686523,-6335.782030,4269.057617,1972.823416,0.000000,0.000000,0.000000,0.000000,0.000000,0.000000,0.000000,0.000000,0,0,0,0,0,0.000000,0.000000,0.000000
20260518_093904,2026-05-18 09:39:34,34,0.7440,1,500,105,100,5,3,20,20,427,367,61,11399.401367,-4930.818027,2861.075684,1861.449908,0.000000,0.000000,0.000000,0.000000,0.000000,0.000000,0.000000,0.000000,0,0,0,0,0,0.000000,0.000000,0.000000
20260518_093904,2026-05-18 09:39:35,35,0.7796,1,500,105,100,5,6,20,20,583,476,58,12034.166992,-4361.796765,2500.559326,1781.453345,0.000000,0.000000,0.000000,0.000000,0.000000,0.000000,0.000000,0.000000,0,0,0,0,0,0.000000,0.000000,0.000000
20260518_093904,2026-05-18 09:39:36,36,0.7453,1,500,105,100,5,2,20,20,311,274,59,8039.923340,-4836.042020,2884.432129,1835.412366,0.000000,0.000000,0.000000,0.000000,0.000000,0.000000,0.000000,0.000000,0,0,0,0,0,0.000000,0.000000,0.000000
20260518_093904,2026-05-18 09:39:37,37,0.7688,1,500,105,100,5,7,20,20,554,530,58,5238.739746,-4461.700474,2883.571045,1821.707440,0.000000,0.000000,0.000000,0.000000,0.000000,0.000000,0.000000,0.000000,0,0,0,0,0,0.000000,0.000000,0.000000
20260518_093904,2026-05-18 09:39:38,38,0.7542,1,500,105,100,5,1,20,20,425,370,41,9544.388672,-2950.654973,2483.458984,1598.160315,0.000000,0.000000,0.000000,0.000000,0.000000,0.000000,0.000000,0.000000,0,0,0,0,0,0.000000,0.000000,0.000000
20260518_093904,2026-05-18 09:39:39,39,0.7702,1,500,105,100,5,8,20,20,516,474,68,9212.080078,-5578.679769,2691.892334,1866.722601,0.000000,0.000000,0.000000,0.000000,0.000000,0.000000,0.000000,0.000000,0,0,0,0,0,0.000000,0.000000,0.000000
20260518_093904,2026-05-18 09:39:39,40,0.7759,1,500,105,100,5,8,20,20,589,534,59,9462.822266,-4528.181293,2881.921875,1850.383646,0.000000,0.000000,0.000000,0.000000,0.000000,0.000000,0.000000,0.000000,0,0,0,0,0,0.000000,0.000000,0.000000
20260518_093904,2026-05-18 09:39:40,41,0.7755,1,500,105,100,5,5,20,20,496,469,65,9004.726074,-5243.921821,3475.443115,1922.944092,0.000000,0.000000,0.000000,0.000000,0.000000,0.000000,0.000000,0.000000,0,0,0,0,0,0.000000,0.000000,0.000000
20260518_093904,2026-05-18 09:39:41,42,0.7686,1,500,105,100,5,7,20,20,529,460,50,11446.951660,-3704.691390,2677.019531,1671.018314,0.000000,0.000000,0.000000,0.000000,0.000000,0.000000,0.000000,0.000000,0,0,0,0,0,0.000000,0.000000,0.000000
20260518_093904,2026-05-18 09:39:42,43,0.7810,1,500,105,100,5,2,20,20,362,347,54,8597.703369,-4246.643541,2680.549072,1661.513257,0.000000,0.000000,0.000000,0.000000,0.000000,0.000000,0.000000,0.000000,0,0,0,0,0,0.000000,0.000000,0.000000
20260518_093904,2026-05-18 09:39:43,44,0.7693,1,500,105,100,5,8,20,20,499,460,61,8749.021240,-4816.679349,2490.447021,1850.099524,0.000000,0.000000,0.000000,0.000000,0.000000,0.000000,0.000000,0.000000,0,0,0,0,0,0.000000,0.000000,0.000000
20260518_093904,2026-05-18 09:39:44,45,0.7672,1,500,105,100,5,4,20,20,567,508,64,7652.948486,-5056.832601,3282.739502,1777.583307,0.000000,0.000000,0.000000,0.000000,0.000000,0.000000,0.000000,0.000000,0,0,0,0,0,0.000000,0.000000,0.000000
20260518_093904,2026-05-18 09:39:45,46,0.7509,1,500,105,100,5,4,20,20,413,398,60,7029.991852,-4789.486341,2876.544434,1742.538300,0.000000,0.000000,0.000000,0.000000,0.000000,0.000000,0.000000,0.000000,0,0,0,0,0,0.000000,0.000000,0.000000
20260518_093904,2026-05-18 09:39:46,47,0.8238,1,500,105,100,5,4,20,20,456,413,44,10113.651611,-3157.668852,3485.933350,1494.108521,0.000000,0.000000,0.000000,0.000000,0.000000,0.000000,0.000000,0.000000,0,0,0,0,0,0.000000,0.000000,0.000000
20260518_093904,2026-05-18 09:39:47,48,0.7619,1,500,105,100,5,1,20,20,486,426,70,10993.038574,-5710.326424,2882.990967,1860.670218,0.000000,0.000000,0.000000,0.000000,0.000000,0.000000,0.000000,0.000000,0,0,0,0,0,0.000000,0.000000,0.000000
20260518_093904,2026-05-18 09:39:47,49,0.7604,1,500,105,100,5,3,20,20,446,421,51,8339.483887,-3888.048920,4205.663086,1560.143631,0.000000,0.000000,0.000000,0.000000,0.000000,0.000000,0.000000,0.000000,0,0,0,0,0,0.000000,0.000000,0.000000
20260518_093904,2026-05-18 09:39:48,50,0.7556,1,500,105,100,5,6,20,20,417,389,63,8146.073486,-5136.106332,3621.721924,1815.514807,0.000000,0.000000,0.000000,0.000000,0.000000,0.000000,0.000000,0.000000,0,0,0,0,0,0.000000,0.000000,0.000000
20260518_093904,2026-05-18 09:39:49,51,0.7978,1,500,105,100,5,6,20,20,473,407,70,12746.597656,-5780.271873,5496.618652,1946.418622,0.000000,0.000000,0.000000,0.000000,0.000000,0.000000,0.000000,0.000000,0,0,0,0,0,0.000000,0.000000,0.000000
20260518_093904,2026-05-18 09:39:50,52,0.7623,1,500,105,100,5,4,20,20,529,473,74,9712.826660,-6109.888432,2695.535645,1958.325745,0.000000,0.000000,0.000000,0.000000,0.000000,0.000000,0.000000,0.000000,0,0,0,0,0,0.000000,0.000000,0.000000
20260518_093904,2026-05-18 09:39:51,53,0.7661,1,500,105,100,5,4,20,20,392,344,69,9837.630371,-5772.137905,3093.270752,1888.041553,0.000000,0.000000,0.000000,0.000000,0.000000,0.000000,0.000000,0.000000,0,0,0,0,0,0.000000,0.000000,0.000000
20260518_093904,2026-05-18 09:39:52,54,0.7685,1,500,105,100,5,2,20,20,353,292,61,10262.127441,-5010.571920,3084.287842,1774.743988,0.000000,0.000000,0.000000,0.000000,0.000000,0.000000,0.000000,0.000000,0,0,0,0,0,0.000000,0.000000,0.000000
20260518_093904,2026-05-18 09:39:53,55,0.7622,1,500,105,100,5,3,20,20,404,345,65,10413.232422,-5376.365878,3079.500000,1788.905142,0.000000,0.000000,0.000000,0.000000,0.000000,0.000000,0.000000,0.000000,0,0,0,0,0,0.000000,0.000000,0.000000
20260518_093904,2026-05-18 09:39:54,56,0.7657,1,500,105,100,5,3,20,20,426,370,76,11120.828613,-6476.291306,3276.007324,1986.198318,0.000000,0.000000,0.000000,0.000000,0.000000,0.000000,0.000000,0.000000,0,0,0,0,0,0.000000,0.000000,0.000000
20260518_093904,2026-05-18 09:39:55,57,0.7693,1,500,105,100,5,4,20,20,437,336,62,11340.008789,-4978.651895,2871.565918,1826.998761,0.000000,0.000000,0.000000,0.000000,0.000000,0.000000,0.000000,0.000000,0,0,0,0,0,0.000000,0.000000,0.000000
20260518_093904,2026-05-18 09:39:56,58,0.7429,1,500,105,100,5,1,20,20,201,187,60,8515.593750,-5113.267969,3679.683105,1685.937036,0.000000,0.000000,0.000000,0.000000,0.000000,0.000000,0.000000,0.000000,0,0,0,0,0,0.000000,0.000000,0.000000
20260518_093904,2026-05-18 09:39:56,59,0.7388,1,500,105,100,5,0,20,20,270,238,78,6155.320129,-6814.997928,2883.147217,1932.492993,0.000000,0.000000,0.000000,0.000000,0.000000,0.000000,0.000000,0.000000,0,0,0,0,0,0.000000,0.000000,0.000000
20260518_093904,2026-05-18 09:39:57,60,0.7772,1,500,105,100,5,4,20,20,406,331,59,13727.460938,-4665.431358,3682.330811,1791.912399,0.000000,0.000000,0.000000,0.000000,0.000000,0.000000,0.000000,0.000000,0,0,0,0,0,0.000000,0.000000,0.000000
20260518_093904,2026-05-18 09:39:58,61,0.7634,1,500,105,100,5,2,20,20,423,345,58,11291.004883,-4608.417773,2892.716309,1786.953162,0.000000,0.000000,0.000000,0.000000,0.000000,0.000000,0.000000,0.000000,0,0,0,0,0,0.000000,0.000000,0.000000
20260518_093904,2026-05-18 09:39:59,62,0.7770,1,500,105,100,5,4,20,20,462,383,60,10803.527344,-4787.773188,3098.535400,1768.144305,0.000000,0.000000,0.000000,0.000000,0.000000,0.000000,0.000000,0.000000,0,0,0,0,0,0.000000,0.000000,0.000000
20260518_093904,2026-05-18 09:40:00,63,0.7603,1,500,105,100,5,3,20,20,329,299,63,9120.069092,-5245.807565,2690.017334,1790.741858,0.000000,0.000000,0.000000,0.000000,0.000000,0.000000,0.000000,0.000000,0,0,0,0,0,0.000000,0.000000,0.000000
20260518_093904,2026-05-18 09:40:01,64,0.8086,1,500,105,100,5,1,20,20,245,215,63,8357.936890,-5344.773933,3484.520752,1716.981403,0.000000,0.000000,0.000000,0.000000,0.000000,0.000000,0.000000,0.000000,0,0,0,0,0,0.000000,0.000000,0.000000
20260518_093904,2026-05-18 09:40:02,65,0.7629,1,500,105,100,5,4,20,20,359,298,64,9866.271973,-5293.507230,2689.444092,1803.745285,0.000000,0.000000,0.000000,0.000000,0.000000,0.000000,0.000000,0.000000,0,0,0,0,0,0.000000,0.000000,0.000000
20260518_093904,2026-05-18 09:40:03,66,0.7598,1,500,105,100,5,5,20,20,476,405,78,10185.173584,-6589.822692,3492.025146,2024.341693,0.000000,0.000000,0.000000,0.000000,0.000000,0.000000,0.000000,0.000000,0,0,0,0,0,0.000000,0.000000,0.000000
20260518_093904,2026-05-18 09:40:04,67,0.7596,1,500,105,100,5,1,20,20,332,276,68,9263.338623,-5798.252657,2889.166748,1865.656631,0.000000,0.000000,0.000000,0.000000,0.000000,0.000000,0.000000,0.000000,0,0,0,0,0,0.000000,0.000000,0.000000
20260518_093904,2026-05-18 09:40:04,68,0.7904,1,500,105,100,5,11,20,20,708,674,68,5289.231934,-5310.919319,3093.353516,1953.489209,0.000000,0.000000,0.000000,0.000000,0.000000,0.000000,0.000000,0.000000,0,0,0,0,0,0.000000,0.000000,0.000000
20260518_093904,2026-05-18 09:40:05,69,0.7649,1,500,105,100,5,2,20,20,537,440,67,11342.536621,-5372.879039,2485.981201,1945.650415,0.000000,0.000000,0.000000,0.000000,0.000000,0.000000,0.000000,0.000000,0,0,0,0,0,0.000000,0.000000,0.000000
20260518_093904,2026-05-18 09:40:06,70,0.7460,1,500,105,100,5,8,20,20,562,507,71,7990.065918,-5732.128274,3288.848633,1968.514020,0.000000,0.000000,0.000000,0.000000,0.000000,0.000000,0.000000,0.000000,0,0,0,0,0,0.000000,0.000000,0.000000
20260518_093904,2026-05-18 09:40:07,71,0.7638,1,500,105,100,5,1,20,20,461,436,59,7184.789185,-4666.051426,2873.678223,1802.678162,0.000000,0.000000,0.000000,0.000000,0.000000,0.000000,0.000000,0.000000,0,0,0,0,0,0.000000,0.000000,0.000000
20260518_093904,2026-05-18 09:40:08,72,0.7609,1,500,105,100,5,2,20,20,409,372,50,9930.055176,-3824.047313,3676.888916,1655.169528,0.000000,0.000000,0.000000,0.000000,0.000000,0.000000,0.000000,0.000000,0,0,0,0,0,0.000000,0.000000,0.000000
20260518_093904,2026-05-18 09:40:09,73,0.7817,1,500,105,100,5,6,20,20,497,450,53,7304.938965,-3997.813198,2684.097656,1782.312079,0.000000,0.000000,0.000000,0.000000,0.000000,0.000000,0.000000,0.000000,0,0,0,0,0,0.000000,0.000000,0.000000
20260518_093904,2026-05-18 09:40:10,74,0.7424,1,500,105,100,5,0,20,20,304,264,68,8963.904297,-5762.132626,3432.924316,1898.415247,0.000000,0.000000,0.000000,0.000000,0.000000,0.000000,0.000000,0.000000,0,0,0,0,0,0.000000,0.000000,0.000000
20260518_093904,2026-05-18 09:40:11,75,0.7469,1,500,105,100,5,3,20,20,324,299,56,8564.321777,-4516.352764,3071.036621,1818.355756,0.000000,0.000000,0.000000,0.000000,0.000000,0.000000,0.000000,0.000000,0,0,0,0,0,0.000000,0.000000,0.000000
20260518_093904,2026-05-18 09:40:12,76,0.7557,1,500,105,100,5,2,20,20,394,341,62,8749.257324,-5074.923643,2885.878418,1896.970398,0.000000,0.000000,0.000000,0.000000,0.000000,0.000000,0.000000,0.000000,0,0,0,0,0,0.000000,0.000000,0.000000
20260518_093904,2026-05-18 09:40:13,77,0.8163,1,500,105,100,5,2,20,20,335,280,75,9459.706299,-6428.175602,3072.267578,1994.956351,0.000000,0.000000,0.000000,0.000000,0.000000,0.000000,0.000000,0.000000,0,0,0,0,0,0.000000,0.000000,0.000000
20260518_093904,2026-05-18 09:40:13,78,0.7476,1,500,105,100,5,4,20,20,322,306,65,6105.164001,-5459.936731,3874.652100,1837.948849,0.000000,0.000000,0.000000,0.000000,0.000000,0.000000,0.000000,0.000000,0,0,0,0,0,0.000000,0.000000,0.000000
20260518_093904,2026-05-18 09:40:14,79,0.7583,1,500,105,100,5,14,20,20,564,477,67,11671.642578,-5312.671560,3004.651855,1906.384943,0.000000,0.000000,0.000000,0.000000,0.000000,0.000000,0.000000,0.000000,0,0,0,0,0,0.000000,0.000000,0.000000
20260518_093904,2026-05-18 09:40:15,80,0.7674,1,500,105,100,5,5,20,20,398,314,61,10910.275879,-4965.465238,3060.829590,1793.148355,0.000000,0.000000,0.000000,0.000000,0.000000,0.000000,0.000000,0.000000,0,0,0,0,0,0.000000,0.000000,0.000000
20260518_093904,2026-05-18 09:40:16,81,0.7482,1,500,105,100,5,1,20,20,237,225,52,7272.632324,-4212.402467,2682.080078,1715.806110,0.000000,0.000000,0.000000,0.000000,0.000000,0.000000,0.000000,0.000000,0,0,0,0,0,0.000000,0.000000,0.000000
20260518_093904,2026-05-18 09:40:17,82,0.8035,1,500,105,100,5,2,20,20,381,317,60,7035.194702,-4940.533514,3067.544189,1826.918671,0.000000,0.000000,0.000000,0.000000,0.000000,0.000000,0.000000,0.000000,0,0,0,0,0,0.000000,0.000000,0.000000
20260518_093904,2026-05-18 09:40:18,83,0.7749,1,500,105,100,5,5,20,20,371,291,64,11907.415527,-5266.736706,3074.333496,1909.669977,0.000000,0.000000,0.000000,0.000000,0.000000,0.000000,0.000000,0.000000,0,0,0,0,0,0.000000,0.000000,0.000000
20260518_093904,2026-05-18 09:40:19,84,0.7431,1,500,105,100,5,0,20,20,329,308,64,8116.562012,-5346.263126,2677.683594,1882.741028,0.000000,0.000000,0.000000,0.000000,0.000000,0.000000,0.000000,0.000000,0,0,0,0,0,0.000000,0.000000,0.000000
20260518_093904,2026-05-18 09:40:20,85,0.7613,1,500,105,100,5,6,20,20,409,373,55,8383.016846,-4289.214441,2686.125977,1742.997354,0.000000,0.000000,0.000000,0.000000,0.000000,0.000000,0.000000,0.000000,0,0,0,0,0,0.000000,0.000000,0.000000
20260518_093904,2026-05-18 09:40:21,86,0.7580,1,500,105,100,5,1,20,20,282,244,70,9782.331787,-5971.546334,2676.583984,1894.992154,0.000000,0.000000,0.000000,0.000000,0.000000,0.000000,0.000000,0.000000,0,0,0,0,0,0.000000,0.000000,0.000000
20260518_093904,2026-05-18 09:40:22,87,0.8185,1,500,105,100,5,1,20,20,331,244,74,10436.037354,-6391.381699,4278.478516,1908.334070,0.000000,0.000000,0.000000,0.000000,0.000000,0.000000,0.000000,0.000000,0,0,0,0,0,0.000000,0.000000,0.000000
20260518_093904,2026-05-18 09:40:23,88,0.7916,1,500,105,100,5,5,20,20,384,294,61,10754.457520,-4963.841065,3476.625488,1778.742889,0.000000,0.000000,0.000000,0.000000,0.000000,0.000000,0.000000,0.000000,0,0,0,0,0,0.000000,0.000000,0.000000
20260518_093904,2026-05-18 09:40:24,89,0.7599,1,500,105,100,5,2,20,20,343,329,70,7348.607605,-5937.268110,3080.819824,1859.108978,0.000000,0.000000,0.000000,0.000000,0.000000,0.000000,0.000000,0.000000,0,0,0,0,0,0.000000,0.000000,0.000000
20260518_093904,2026-05-18 09:40:24,90,0.8058,1,500,105,100,5,6,20,20,532,480,73,10454.504639,-5977.229958,2882.935547,1973.473315,0.000000,0.000000,0.000000,0.000000,0.000000,0.000000,0.000000,0.000000,0,0,0,0,0,0.000000,0.000000,0.000000
20260518_093904,2026-05-18 09:40:25,91,0.7939,1,500,105,100,5,10,20,20,589,517,67,10569.354004,-5406.540949,3494.293213,1930.307465,0.000000,0.000000,0.000000,0.000000,0.000000,0.000000,0.000000,0.000000,0,0,0,0,0,0.000000,0.000000,0.000000
20260518_093904,2026-05-18 09:40:26,92,0.7699,1,500,105,100,5,4,20,20,380,307,72,10411.817871,-6082.499335,3080.103516,1994.608594,0.000000,0.000000,0.000000,0.000000,0.000000,0.000000,0.000000,0.000000,0,0,0,0,0,0.000000,0.000000,0.000000
20260518_093904,2026-05-18 09:40:27,93,0.8514,1,500,105,100,5,5,20,20,474,401,57,11080.494629,-4512.857943,2868.825195,1794.564496,0.000000,0.000000,0.000000,0.000000,0.000000,0.000000,0.000000,0.000000,0,0,0,0,0,0.000000,0.000000,0.000000
20260518_093904,2026-05-18 09:40:28,94,0.8332,1,500,105,100,5,12,20,20,571,495,48,9981.776367,-3425.166679,2877.735840,1638.700909,0.000000,0.000000,0.000000,0.000000,0.000000,0.000000,0.000000,0.000000,0,0,0,0,0,0.000000,0.000000,0.000000
20260518_093904,2026-05-18 09:40:29,95,0.8146,1,500,105,100,5,11,20,20,681,606,44,10229.147949,-2914.544899,2477.856934,1637.747342,0.000000,0.000000,0.000000,0.000000,0.000000,0.000000,0.000000,0.000000,0,0,0,0,0,0.000000,0.000000,0.000000
20260518_093904,2026-05-18 09:40:30,96,0.8319,1,500,105,100,5,7,20,20,575,513,53,10831.728027,-3917.544422,2882.030273,1725.275430,0.000000,0.000000,0.000000,0.000000,0.000000,0.000000,0.000000,0.000000,0,0,0,0,0,0.000000,0.000000,0.000000
20260518_093904,2026-05-18 09:40:31,97,0.8054,1,500,105,100,5,7,20,20,371,331,53,10064.866455,-4138.285727,3276.288818,1754.706042,0.000000,0.000000,0.000000,0.000000,0.000000,0.000000,0.000000,0.000000,0,0,0,0,0,0.000000,0.000000,0.000000
20260518_093904,2026-05-18 09:40:32,98,0.8255,1,500,105,100,5,5,20,20,501,464,54,11354.419922,-4025.607262,3869.617676,1751.486035,0.000000,0.000000,0.000000,0.000000,0.000000,0.000000,0.000000,0.000000,0,0,0,0,0,0.000000,0.000000,0.000000
20260518_093904,2026-05-18 09:40:33,99,0.8572,1,500,105,100,5,14,20,20,696,563,47,12664.816895,-3128.846828,2687.852295,1695.868646,0.000000,0.000000,0.000000,0.000000,0.000000,0.000000,0.000000,0.000000,0,0,0,0,0,0.000000,0.000000,0.000000
20260518_093904,2026-05-18 09:40:34,100,0.7780,1,500,105,100,5,7,20,20,553,509,66,11378.718262,-5244.788910,2683.253174,1899.745416,0.000000,0.000000,0.000000,0.000000,0.000000,0.000000,0.000000,0.000000,0,0,0,0,0,0.000000,0.000000,0.000000
20260518_093904,2026-05-18 09:40:35,101,0.7852,1,500,105,100,5,7,20,20,677,594,55,10252.585449,-4005.077358,2886.894287,1812.461792,0.000000,0.000000,0.000000,0.000000,0.000000,0.000000,0.000000,0.000000,0,0,0,0,0,0.000000,0.000000,0.000000
20260518_093904,2026-05-18 09:40:36,102,0.8100,1,500,105,100,5,11,20,20,651,580,60,14858.300293,-4531.173213,3078.420166,1811.861639,0.000000,0.000000,0.000000,0.000000,0.000000,0.000000,0.000000,0.000000,0,0,0,0,0,0.000000,0.000000,0.000000
20260518_093904,2026-05-18 09:40:37,103,0.7808,1,500,105,100,5,4,20,20,447,313,61,14600.089844,-4816.821231,3075.270020,1835.159854,0.000000,0.000000,0.000000,0.000000,0.000000,0.000000,0.000000,0.000000,0,0,0,0,0,0.000000,0.000000,0.000000
20260518_093904,2026-05-18 09:40:38,104,0.7861,1,500,105,100,5,3,20,20,433,356,57,13507.018555,-4541.110653,3077.973145,1744.368210,0.000000,0.000000,0.000000,0.000000,0.000000,0.000000,0.000000,0.000000,0,0,0,0,0,0.000000,0.000000,0.000000
20260518_093904,2026-05-18 09:40:39,105,0.8003,1,500,105,100,5,0,20,20,252,237,44,8242.023438,-3442.346633,3283.708740,1644.828137,0.000000,0.000000,0.000000,0.000000,0.000000,0.000000,0.000000,0.000000,0,0,0,0,0,0.000000,0.000000,0.000000
20260518_093904,2026-05-18 09:40:40,106,0.8254,1,500,105,100,5,4,20,20,403,354,52,10034.013184,-4000.320176,3085.768555,1697.756293,0.000000,0.000000,0.000000,0.000000,0.000000,0.000000,0.000000,0.000000,0,0,0,0,0,0.000000,0.000000,0.000000
20260518_093904,2026-05-18 09:40:41,107,0.8169,1,500,105,100,5,6,20,20,438,358,51,11391.395996,-3803.373381,3676.533203,1747.807831,0.000000,0.000000,0.000000,0.000000,0.000000,0.000000,0.000000,0.000000,0,0,0,0,0,0.000000,0.000000,0.000000
20260518_093904,2026-05-18 09:40:42,108,0.8426,1,500,105,100,5,5,20,20,448,380,39,13027.423340,-2678.437297,2873.038086,1515.432626,0.000000,0.000000,0.000000,0.000000,0.000000,0.000000,0.000000,0.000000,0,0,0,0,0,0.000000,0.000000,0.000000
20260518_093904,2026-05-18 09:40:43,109,0.8088,1,500,105,100,5,3,20,20,412,330,49,11587.992188,-3724.633636,3276.627197,1701.998239,0.000000,0.000000,0.000000,0.000000,0.000000,0.000000,0.000000,0.000000,0,0,0,0,0,0.000000,0.000000,0.000000
20260518_093904,2026-05-18 09:40:44,110,0.8100,1,500,105,100,5,0,20,20,392,362,46,9024.678467,-3447.092267,3467.083496,1650.633670,0.000000,0.000000,0.000000,0.000000,0.000000,0.000000,0.000000,0.000000,0,0,0,0,0,0.000000,0.000000,0.000000
20260518_093904,2026-05-18 09:40:45,111,0.8215,1,500,105,100,5,7,20,20,408,284,49,14992.498047,-3727.210486,2679.558838,1675.609546,0.000000,0.000000,0.000000,0.000000,0.000000,0.000000,0.000000,0.000000,0,0,0,0,0,0.000000,0.000000,0.000000
20260518_093904,2026-05-18 09:40:46,112,0.7683,1,500,105,100,5,4,20,20,353,319,43,11901.087402,-3120.852557,2894.258789,1647.320718,0.000000,0.000000,0.000000,0.000000,0.000000,0.000000,0.000000,0.000000,0,0,0,0,0,0.000000,0.000000,0.000000
20260518_093904,2026-05-18 09:40:47,113,0.7775,1,500,105,100,5,8,20,20,668,558,54,14883.757324,-3973.703948,3265.135498,1817.495074,0.000000,0.000000,0.000000,0.000000,0.000000,0.000000,0.000000,0.000000,0,0,0,0,0,0.000000,0.000000,0.000000
20260518_093904,2026-05-18 09:40:48,114,0.8140,1,500,105,100,5,5,20,20,476,391,33,10808.992188,-2007.961985,2268.833252,1567.266827,0.000000,0.000000,0.000000,0.000000,0.000000,0.000000,0.000000,0.000000,0,0,0,0,0,0.000000,0.000000,0.000000
20260518_093904,2026-05-18 09:40:49,115,0.7729,1,500,105,100,5,8,20,20,595,510,65,11631.007812,-5117.129154,3447.737061,1923.300250,0.000000,0.000000,0.000000,0.000000,0.000000,0.000000,0.000000,0.000000,0,0,0,0,0,0.000000,0.000000,0.000000
20260518_093904,2026-05-18 09:40:50,116,0.7741,1,500,105,100,5,6,20,20,568,468,48,15446.862305,-3469.112864,2481.617676,1683.931784,0.000000,0.000000,0.000000,0.000000,0.000000,0.000000,0.000000,0.000000,0,0,0,0,0,0.000000,0.000000,0.000000
20260518_093904,2026-05-18 09:40:51,117,0.8416,1,500,105,100,5,8,20,20,460,351,40,15574.770508,-2734.329697,2276.565186,1629.959473,0.000000,0.000000,0.000000,0.000000,0.000000,0.000000,0.000000,0.000000,0,0,0,0,0,0.000000,0.000000,0.000000
20260518_093904,2026-05-18 09:40:53,118,1.7352,1,500,105,100,5,3,20,20,438,390,39,11254.787195,-2677.069587,2657.653647,1547.023602,8.000000,0.072369,0.500000,-0.043332,0.000000,0.000000,0.000000,-0.148000,0,94,0,0,0,0.000000,0.000000,131.455660
20260518_093904,2026-05-18 09:40:54,119,0.8470,1,500,105,100,5,3,20,20,449,405,60,12142.864258,-4740.016036,2888.153564,1730.487891,0.000000,0.000000,0.000000,0.000000,0.000000,0.000000,0.000000,0.000000,0,0,0,0,0,0.000000,0.000000,0.000000
20260518_093904,2026-05-18 09:40:55,120,0.8688,1,500,105,100,5,4,20,20,433,397,41,9631.910645,-2843.729664,2296.196289,1632.784882,0.000000,0.000000,0.000000,0.000000,0.000000,0.000000,0.000000,0.000000,0,0,0,0,0,0.000000,0.000000,0.000000
20260518_093904,2026-05-18 09:40:56,121,0.8095,1,500,105,100,5,6,20,20,591,442,56,13631.202148,-4192.187335,2711.542725,1783.032281,0.000000,0.000000,0.000000,0.000000,0.000000,0.000000,0.000000,0.000000,0,0,0,0,0,0.000000,0.000000,0.000000
20260518_093904,2026-05-18 09:40:57,122,0.7887,1,500,105,100,5,1,20,20,411,378,66,8799.641846,-5412.807761,3486.389648,1810.543704,0.000000,0.000000,0.000000,0.000000,0.000000,0.000000,0.000000,0.000000,0,0,0,0,0,0.000000,0.000000,0.000000
20260518_093904,2026-05-18 09:40:58,123,0.8250,1,500,105,100,5,0,20,20,370,344,63,9190.155151,-5107.927643,3470.382324,1897.873334,0.000000,0.000000,0.000000,0.000000,0.000000,0.000000,0.000000,0.000000,0,0,0,0,0,0.000000,0.000000,0.000000
20260518_093904,2026-05-18 09:40:59,124,0.7770,1,500,105,100,5,2,20,20,360,308,39,9322.789673,-2759.002896,2071.085938,1612.004236,0.000000,0.000000,0.000000,0.000000,0.000000,0.000000,0.000000,0.000000,0,0,0,0,0,0.000000,0.000000,0.000000
20260518_093904,2026-05-18 09:41:00,125,0.7815,1,500,105,100,5,3,20,20,393,319,59,14762.153809,-4702.373848,3281.853027,1833.185437,0.000000,0.000000,0.000000,0.000000,0.000000,0.000000,0.000000,0.000000,0,0,0,0,0,0.000000,0.000000,0.000000
20260518_093904,2026-05-18 09:41:01,126,0.7960,1,500,105,100,5,2,20,20,453,393,53,9534.462402,-4015.134583,3275.052246,1799.564960,0.000000,0.000000,0.000000,0.000000,0.000000,0.000000,0.000000,0.000000,0,0,0,0,0,0.000000,0.000000,0.000000
20260518_093904,2026-05-18 09:41:02,127,0.7890,1,500,105,100,5,5,20,20,391,356,52,8230.690063,-3990.349912,2871.825928,1789.044257,0.000000,0.000000,0.000000,0.000000,0.000000,0.000000,0.000000,0.000000,0,0,0,0,0,0.000000,0.000000,0.000000
20260518_093904,2026-05-18 09:41:03,128,0.8191,1,500,105,100,5,1,20,20,425,376,47,12234.149902,-3470.290286,2488.349609,1704.022647,0.000000,0.000000,0.000000,0.000000,0.000000,0.000000,0.000000,0.000000,0,0,0,0,0,0.000000,0.000000,0.000000
20260518_093904,2026-05-18 09:41:04,129,0.7459,1,500,105,100,5,1,20,20,375,347,62,8244.991211,-5087.865289,4083.684082,1843.441602,0.000000,0.000000,0.000000,0.000000,0.000000,0.000000,0.000000,0.000000,0,0,0,0,0,0.000000,0.000000,0.000000
20260518_093904,2026-05-18 09:41:05,130,0.7475,1,500,105,100,5,1,20,20,334,293,58,12211.006104,-4764.310049,2879.889160,1812.956830,0.000000,0.000000,0.000000,0.000000,0.000000,0.000000,0.000000,0.000000,0,0,0,0,0,0.000000,0.000000,0.000000
20260518_093904,2026-05-18 09:41:06,131,0.7670,1,500,105,100,5,1,20,20,304,286,54,10244.880737,-4330.024847,2881.997803,1774.766519,0.000000,0.000000,0.000000,0.000000,0.000000,0.000000,0.000000,0.000000,0,0,0,0,0,0.000000,0.000000,0.000000
20260518_093904,2026-05-18 09:41:07,132,0.7544,1,500,105,100,5,2,20,20,432,355,74,11737.252441,-6191.536676,2759.153320,1969.547870,0.000000,0.000000,0.000000,0.000000,0.000000,0.000000,0.000000,0.000000,0,0,0,0,0,0.000000,0.000000,0.000000
20260518_093904,2026-05-18 09:41:08,133,0.7742,1,500,105,100,5,1,20,20,451,381,48,11699.421875,-3570.590536,2473.748535,1630.366299,0.000000,0.000000,0.000000,0.000000,0.000000,0.000000,0.000000,0.000000,0,0,0,0,0,0.000000,0.000000,0.000000
20260518_093904,2026-05-18 09:41:09,134,0.7756,1,500,105,100,5,8,20,20,522,484,45,9137.199707,-3083.505064,3677.051514,1610.469931,0.000000,0.000000,0.000000,0.000000,0.000000,0.000000,0.000000,0.000000,0,0,0,0,0,0.000000,0.000000,0.000000
20260518_093904,2026-05-18 09:41:10,135,0.7672,1,500,105,100,5,4,20,20,546,481,67,10493.610962,-5269.197580,4472.793945,1869.663486,0.000000,0.000000,0.000000,0.000000,0.000000,0.000000,0.000000,0.000000,0,0,0,0,0,0.000000,0.000000,0.000000
20260518_093904,2026-05-18 09:41:11,136,0.7691,1,500,105,100,5,4,20,20,372,314,50,12056.477539,-3772.535359,3283.043945,1653.930563,0.000000,0.000000,0.000000,0.000000,0.000000,0.000000,0.000000,0.000000,0,0,0,0,0,0.000000,0.000000,0.000000
20260518_093904,2026-05-18 09:41:12,137,0.7649,1,500,105,100,5,3,20,20,523,488,61,11093.489502,-4749.936096,3273.131348,1752.568610,0.000000,0.000000,0.000000,0.000000,0.000000,0.000000,0.000000,0.000000,0,0,0,0,0,0.000000,0.000000,0.000000
20260518_093904,2026-05-18 09:41:13,138,0.7934,1,500,105,100,5,6,20,20,514,430,55,14391.596680,-4180.134961,3096.523682,1674.720145,0.000000,0.000000,0.000000,0.000000,0.000000,0.000000,0.000000,0.000000,0,0,0,0,0,0.000000,0.000000,0.000000
20260518_093904,2026-05-18 09:41:14,139,0.8518,1,500,105,100,5,10,20,20,695,636,62,13146.774902,-4655.605352,3487.422852,1824.335721,0.000000,0.000000,0.000000,0.000000,0.000000,0.000000,0.000000,0.000000,0,0,0,0,0,0.000000,0.000000,0.000000
20260518_093904,2026-05-18 09:41:15,140,0.7934,1,500,105,100,5,12,20,20,837,804,50,11430.062500,-3272.978105,2482.958496,1736.479089,0.000000,0.000000,0.000000,0.000000,0.000000,0.000000,0.000000,0.000000,0,0,0,0,0,0.000000,0.000000,0.000000
20260518_093904,2026-05-18 09:41:16,141,0.7984,1,500,105,100,5,5,20,20,697,621,51,11721.240723,-3484.614133,3086.656006,1745.174042,0.000000,0.000000,0.000000,0.000000,0.000000,0.000000,0.000000,0.000000,0,0,0,0,0,0.000000,0.000000,0.000000
20260518_093904,2026-05-18 09:41:18,142,1.7648,1,500,105,100,5,10,20,20,763,653,51,15473.834473,-3427.292745,3287.770264,1739.659277,0.000000,0.000000,0.000000,0.000000,0.000000,0.000000,0.000000,0.000000,0,0,0,0,0,0.000000,0.000000,0.000000
20260518_093904,2026-05-18 09:41:20,143,1.7570,1,500,105,100,5,6,20,20,688,605,53,10571.483643,-3760.742508,2468.779297,1761.270618,0.000000,0.000000,0.000000,0.000000,0.000000,0.000000,0.000000,0.000000,0,0,0,0,0,0.000000,0.000000,0.000000
20260518_094130,2026-05-18 09:42:12,0,41.9933,0,1,105,100,5,3,20,20,410,245,61,15060.557988,-4890.207386,2884.046521,1549.277225,245.000000,35.252335,260.205000,-10.742855,566.316962,-679.933612,-6000.000000,-73.626000,0,28035,12865,14598,44,0.467699,0.530701,135.128674
20260518_094130,2026-05-18 09:42:55,1,42.4890,0,1,105,100,5,2,20,20,330,265,66,14518.232994,-5449.447569,2872.374805,1706.319407,265.000000,40.500735,299.470000,-16.004880,885.948546,-1021.777403,-6500.000000,-76.236000,0,37872,17786,19268,149,0.478080,0.517915,134.921801
20260518_094130,2026-05-18 09:43:38,2,43.6512,0,1,105,100,5,2,20,20,384,305,54,12878.765750,-4256.244983,2660.795749,1573.944955,305.000000,46.664251,333.710000,-14.066197,775.224481,-952.009759,-5200.000000,-81.672000,0,37299,17232,19275,85,0.470923,0.526754,135.628022
20260518_094130,2026-05-18 09:44:21,3,42.7372,0,1,105,100,5,5,20,20,421,285,73,15553.364296,-6068.731612,3792.425727,1693.578242,285.000000,37.436855,281.220000,-12.655111,668.720827,-851.372442,-7200.000000,-53.622000,0,32837,14838,17219,208,0.459879,0.533674,131.102284
20260518_094130,2026-05-18 09:45:04,4,42.2652,0,1,105,100,5,0,20,20,368,267,74,12732.097956,-6260.907631,2715.846710,1795.962498,267.000000,34.065574,253.955000,-10.483566,628.564285,-823.042920,-7100.000000,-48.480000,0,26111,11505,13986,7,0.451212,0.548514,134.782034
20260518_094618,2026-05-18 09:47:00,0,41.6677,0,1,105,100,5,0,20,20,243,195,54,11250.571275,-4423.714487,2051.226936,1427.245337,195.000000,28.957905,245.730000,-9.254138,504.086844,-626.320313,-5400.000000,-67.254000,0,22559,10338,11734,14,0.468079,0.531287,134.706986
20260518_094847,2026-05-18 09:49:30,0,42.3866,0,1,120,100,20,7,20,20,843,404,89,14533.286364,-5532.213123,2906.171727,1811.859922,404.000000,42.413996,299.765000,-14.438086,817.088387,-1110.101246,-7900.000000,-72.564000,0,42579,19474,22164,78,0.466823,0.531307,137.022980
20260518_094954,2026-05-18 09:49:55,0,1.1508,1,500,120,100,20,5,20,20,571,246,92,13078.514648,-6076.614339,2757.351807,1853.371921,0.000000,0.000000,0.000000,0.000000,0.000000,0.000000,0.000000,0.000000,0,0,0,0,0,0.000000,0.000000,0.000000
20260518_094954,2026-05-18 09:49:56,1,0.7893,1,500,120,100,20,11,20,20,691,253,81,14326.740723,-4941.182983,3483.804443,1785.598306,0.000000,0.000000,0.000000,0.000000,0.000000,0.000000,0.000000,0.000000,0,0,0,0,0,0.000000,0.000000,0.000000
20260518_094954,2026-05-18 09:49:57,2,0.8072,1,500,120,100,20,9,20,20,880,321,78,14485.448730,-4528.388100,3233.877441,1728.975217,0.000000,0.000000,0.000000,0.000000,0.000000,0.000000,0.000000,0.000000,0,0,0,0,0,0.000000,0.000000,0.000000
20260518_094954,2026-05-18 09:49:58,3,0.8014,1,500,120,100,20,3,20,20,549,254,62,14947.050293,-3429.786894,2641.818848,1647.845193,0.000000,0.000000,0.000000,0.000000,0.000000,0.000000,0.000000,0.000000,0,0,0,0,0,0.000000,0.000000,0.000000
20260518_094954,2026-05-18 09:49:58,4,0.8407,1,500,120,100,20,10,20,20,779,322,71,15282.866699,-3918.643755,2836.908203,1799.025754,0.000000,0.000000,0.000000,0.000000,0.000000,0.000000,0.000000,0.000000,0,0,0,0,0,0.000000,0.000000,0.000000
20260518_094954,2026-05-18 09:49:59,5,0.8744,1,500,120,100,20,13,20,20,815,275,75,14226.539062,-4261.333489,3291.108887,1940.453156,0.000000,0.000000,0.000000,0.000000,0.000000,0.000000,0.000000,0.000000,0,0,0,0,0,0.000000,0.000000,0.000000
20260518_094954,2026-05-18 09:50:00,6,0.8634,1,500,120,100,20,7,20,20,605,274,76,12335.808594,-4588.141767,2860.083984,1841.255936,0.000000,0.000000,0.000000,0.000000,0.000000,0.000000,0.000000,0.000000,0,0,0,0,0,0.000000,0.000000,0.000000
20260518_094954,2026-05-18 09:50:01,7,0.8381,1,500,120,100,20,2,20,20,567,283,95,15515.964355,-6342.625353,3301.530029,2127.888745,0.000000,0.000000,0.000000,0.000000,0.000000,0.000000,0.000000,0.000000,0,0,0,0,0,0.000000,0.000000,0.000000
20260518_094954,2026-05-18 09:50:02,8,0.8269,1,500,120,100,20,6,20,20,658,312,80,14298.708984,-4850.799162,3303.225342,2047.880536,0.000000,0.000000,0.000000,0.000000,0.000000,0.000000,0.000000,0.000000,0,0,0,0,0,0.000000,0.000000,0.000000
20260518_094954,2026-05-18 09:50:03,9,0.8019,1,500,120,100,20,8,20,20,653,277,77,16481.133789,-4583.928383,3896.037109,1954.632199,0.000000,0.000000,0.000000,0.000000,0.000000,0.000000,0.000000,0.000000,0,0,0,0,0,0.000000,0.000000,0.000000
20260518_094954,2026-05-18 09:50:04,10,0.8446,1,500,120,100,20,4,20,20,752,328,77,15368.727539,-4518.969537,2560.121338,1985.195917,0.000000,0.000000,0.000000,0.000000,0.000000,0.000000,0.000000,0.000000,0,0,0,0,0,0.000000,0.000000,0.000000
20260518_094954,2026-05-18 09:50:05,11,0.8120,1,500,120,100,20,5,20,20,549,325,70,13391.865723,-4081.533184,2901.125732,1884.072284,0.000000,0.000000,0.000000,0.000000,0.000000,0.000000,0.000000,0.000000,0,0,0,0,0,0.000000,0.000000,0.000000
20260518_094954,2026-05-18 09:50:06,12,0.7933,1,500,120,100,20,1,20,20,451,285,81,14654.840332,-5198.814563,3477.688721,2012.209015,0.000000,0.000000,0.000000,0.000000,0.000000,0.000000,0.000000,0.000000,0,0,0,0,0,0.000000,0.000000,0.000000
20260518_094954,2026-05-18 09:50:07,13,0.8042,1,500,120,100,20,7,20,20,707,362,59,14033.228027,-2929.709875,3500.608398,1775.388947,0.000000,0.000000,0.000000,0.000000,0.000000,0.000000,0.000000,0.000000,0,0,0,0,0,0.000000,0.000000,0.000000
20260518_094954,2026-05-18 09:50:08,14,0.8196,1,500,120,100,20,7,20,20,705,367,75,15655.063965,-4427.174316,3291.130371,1942.957700,0.000000,0.000000,0.000000,0.000000,0.000000,0.000000,0.000000,0.000000,0,0,0,0,0,0.000000,0.000000,0.000000
20260518_094954,2026-05-18 09:50:09,15,0.8116,1,500,120,100,20,11,20,20,996,503,87,18151.740234,-5128.604483,3304.051758,2127.778833,0.000000,0.000000,0.000000,0.000000,0.000000,0.000000,0.000000,0.000000,0,0,0,0,0,0.000000,0.000000,0.000000
20260518_094954,2026-05-18 09:50:10,16,0.8130,1,500,120,100,20,10,20,20,843,434,83,16024.529785,-4965.343957,3520.357178,2095.333948,0.000000,0.000000,0.000000,0.000000,0.000000,0.000000,0.000000,0.000000,0,0,0,0,0,0.000000,0.000000,0.000000
20260518_094954,2026-05-18 09:50:11,17,0.8214,1,500,120,100,20,10,20,20,854,502,66,13645.067871,-3434.961609,3892.339111,1889.474808,0.000000,0.000000,0.000000,0.000000,0.000000,0.000000,0.000000,0.000000,0,0,0,0,0,0.000000,0.000000,0.000000
20260518_094954,2026-05-18 09:50:11,18,0.8189,1,500,120,100,20,5,20,20,734,458,90,9202.444092,-5607.116847,3708.193359,2168.671301,0.000000,0.000000,0.000000,0.000000,0.000000,0.000000,0.000000,0.000000,0,0,0,0,0,0.000000,0.000000,0.000000
20260518_094954,2026-05-18 09:50:12,19,0.8330,1,500,120,100,20,14,20,20,953,573,91,14274.920898,-5547.513353,4898.160645,2175.673846,0.000000,0.000000,0.000000,0.000000,0.000000,0.000000,0.000000,0.000000,0,0,0,0,0,0.000000,0.000000,0.000000
20260518_094954,2026-05-18 09:50:13,20,0.8793,1,500,120,100,20,16,20,20,1151,570,69,16359.166992,-3409.690948,2712.262939,1968.156238,0.000000,0.000000,0.000000,0.000000,0.000000,0.000000,0.000000,0.000000,0,0,0,0,0,0.000000,0.000000,0.000000
20260518_094954,2026-05-18 09:50:14,21,0.8560,1,500,120,100,20,10,20,20,946,531,83,13894.748047,-4858.366055,4300.868164,2098.861072,0.000000,0.000000,0.000000,0.000000,0.000000,0.000000,0.000000,0.000000,0,0,0,0,0,0.000000,0.000000,0.000000
20260518_094954,2026-05-18 09:50:15,22,0.8287,1,500,120,100,20,6,20,20,763,398,84,13269.562988,-5127.539577,3076.440430,2102.846332,0.000000,0.000000,0.000000,0.000000,0.000000,0.000000,0.000000,0.000000,0,0,0,0,0,0.000000,0.000000,0.000000
20260518_094954,2026-05-18 09:50:16,23,0.8097,1,500,120,100,20,7,20,20,577,318,74,14721.626465,-4477.519294,3414.999756,1855.132205,0.000000,0.000000,0.000000,0.000000,0.000000,0.000000,0.000000,0.000000,0,0,0,0,0,0.000000,0.000000,0.000000
20260518_094954,2026-05-18 09:50:17,24,0.8050,1,500,120,100,20,9,20,20,773,449,74,15676.049805,-4247.140776,3486.408203,1917.908347,0.000000,0.000000,0.000000,0.000000,0.000000,0.000000,0.000000,0.000000,0,0,0,0,0,0.000000,0.000000,0.000000
20260518_094954,2026-05-18 09:50:18,25,0.7981,1,500,120,100,20,8,20,20,847,486,98,14725.362305,-6293.868334,2876.257568,2214.767151,0.000000,0.000000,0.000000,0.000000,0.000000,0.000000,0.000000,0.000000,0,0,0,0,0,0.000000,0.000000,0.000000
20260518_094954,2026-05-18 09:50:19,26,0.8010,1,500,120,100,20,9,20,20,679,360,76,12952.226074,-4537.265094,3400.565918,1879.625693,0.000000,0.000000,0.000000,0.000000,0.000000,0.000000,0.000000,0.000000,0,0,0,0,0,0.000000,0.000000,0.000000
20260518_094954,2026-05-18 09:50:20,27,0.8068,1,500,120,100,20,12,20,20,802,322,66,16225.158691,-3494.984630,2673.862793,1831.054108,0.000000,0.000000,0.000000,0.000000,0.000000,0.000000,0.000000,0.000000,0,0,0,0,0,0.000000,0.000000,0.000000
20260518_094954,2026-05-18 09:50:21,28,0.8623,1,500,120,100,20,13,20,20,761,479,57,11295.796143,-2744.850226,3285.858887,1768.393289,0.000000,0.000000,0.000000,0.000000,0.000000,0.000000,0.000000,0.000000,0,0,0,0,0,0.000000,0.000000,0.000000
20260518_094954,2026-05-18 09:50:22,29,0.8435,1,500,120,100,20,12,20,20,866,479,80,15188.022949,-4675.068205,3674.018311,2004.113983,0.000000,0.000000,0.000000,0.000000,0.000000,0.000000,0.000000,0.000000,0,0,0,0,0,0.000000,0.000000,0.000000
20260518_094954,2026-05-18 09:50:23,30,0.8166,1,500,120,100,20,11,20,20,765,463,73,13340.230957,-4110.721986,3516.297119,1928.001712,0.000000,0.000000,0.000000,0.000000,0.000000,0.000000,0.000000,0.000000,0,0,0,0,0,0.000000,0.000000,0.000000
20260518_094954,2026-05-18 09:50:24,31,0.8002,1,500,120,100,20,12,20,20,766,459,67,14082.208984,-3618.754588,2878.930176,1925.905548,0.000000,0.000000,0.000000,0.000000,0.000000,0.000000,0.000000,0.000000,0,0,0,0,0,0.000000,0.000000,0.000000
20260518_094954,2026-05-18 09:50:25,32,0.7913,1,500,120,100,20,3,20,20,610,333,90,12446.150391,-5879.558047,3028.239014,2155.360327,0.000000,0.000000,0.000000,0.000000,0.000000,0.000000,0.000000,0.000000,0,0,0,0,0,0.000000,0.000000,0.000000
20260518_094954,2026-05-18 09:50:26,33,0.8028,1,500,120,100,20,6,20,20,607,305,85,12123.552979,-5359.870024,3440.641113,2041.870782,0.000000,0.000000,0.000000,0.000000,0.000000,0.000000,0.000000,0.000000,0,0,0,0,0,0.000000,0.000000,0.000000
20260518_094954,2026-05-18 09:50:27,34,0.7968,1,500,120,100,20,12,20,20,781,460,77,12625.535645,-4427.624101,2836.540283,1904.390863,0.000000,0.000000,0.000000,0.000000,0.000000,0.000000,0.000000,0.000000,0,0,0,0,0,0.000000,0.000000,0.000000
20260518_094954,2026-05-18 09:50:28,35,0.8311,1,500,120,100,20,2,20,20,639,377,90,10048.032715,-5824.262090,3408.115479,2056.740869,0.000000,0.000000,0.000000,0.000000,0.000000,0.000000,0.000000,0.000000,0,0,0,0,0,0.000000,0.000000,0.000000
20260518_094954,2026-05-18 09:50:29,36,0.7939,1,500,120,100,20,5,20,20,609,325,83,14122.222168,-5235.649735,3088.491455,2003.880255,0.000000,0.000000,0.000000,0.000000,0.000000,0.000000,0.000000,0.000000,0,0,0,0,0,0.000000,0.000000,0.000000
20260518_094954,2026-05-18 09:50:29,37,0.8081,1,500,120,100,20,6,20,20,745,394,66,11773.875000,-3499.332845,3084.916504,1922.897729,0.000000,0.000000,0.000000,0.000000,0.000000,0.000000,0.000000,0.000000,0,0,0,0,0,0.000000,0.000000,0.000000
20260518_094954,2026-05-18 09:50:30,38,0.8009,1,500,120,100,20,7,20,20,649,473,69,10846.114014,-3863.100507,3291.981934,1920.378436,0.000000,0.000000,0.000000,0.000000,0.000000,0.000000,0.000000,0.000000,0,0,0,0,0,0.000000,0.000000,0.000000
20260518_094954,2026-05-18 09:50:31,39,0.7915,1,500,120,100,20,7,20,20,796,431,83,15348.958496,-5003.392680,3320.447510,2102.951685,0.000000,0.000000,0.000000,0.000000,0.000000,0.000000,0.000000,0.000000,0,0,0,0,0,0.000000,0.000000,0.000000
20260518_094954,2026-05-18 09:50:32,40,0.8169,1,500,120,100,20,15,20,20,1185,609,73,16275.835938,-3692.331122,2887.648193,2003.801587,0.000000,0.000000,0.000000,0.000000,0.000000,0.000000,0.000000,0.000000,0,0,0,0,0,0.000000,0.000000,0.000000
20260518_094954,2026-05-18 09:50:33,41,0.8382,1,500,120,100,20,13,20,20,815,422,72,15918.584961,-3932.796140,3303.601807,1934.417334,0.000000,0.000000,0.000000,0.000000,0.000000,0.000000,0.000000,0.000000,0,0,0,0,0,0.000000,0.000000,0.000000
20260518_094954,2026-05-18 09:50:34,42,0.8293,1,500,120,100,20,12,20,20,978,562,82,14044.969238,-4725.598802,2899.817139,2058.469022,0.000000,0.000000,0.000000,0.000000,0.000000,0.000000,0.000000,0.000000,0,0,0,0,0,0.000000,0.000000,0.000000
20260518_094954,2026-05-18 09:50:35,43,0.7840,1,500,120,100,20,4,20,20,566,325,85,16186.737305,-5402.791284,3093.230469,2029.261404,0.000000,0.000000,0.000000,0.000000,0.000000,0.000000,0.000000,0.000000,0,0,0,0,0,0.000000,0.000000,0.000000
20260518_094954,2026-05-18 09:50:36,44,0.7958,1,500,120,100,20,8,20,20,856,535,93,12527.223633,-5836.481913,3702.843018,2176.381985,0.000000,0.000000,0.000000,0.000000,0.000000,0.000000,0.000000,0.000000,0,0,0,0,0,0.000000,0.000000,0.000000
20260518_094954,2026-05-18 09:50:37,45,0.7868,1,500,120,100,20,11,20,20,851,555,93,11399.536621,-5885.864389,3899.495361,2200.659265,0.000000,0.000000,0.000000,0.000000,0.000000,0.000000,0.000000,0.000000,0,0,0,0,0,0.000000,0.000000,0.000000
20260518_094954,2026-05-18 09:50:38,46,0.8615,1,500,120,100,20,19,20,20,1116,746,81,13505.121582,-4482.861962,3077.002686,2059.874664,0.000000,0.000000,0.000000,0.000000,0.000000,0.000000,0.000000,0.000000,0,0,0,0,0,0.000000,0.000000,0.000000
20260518_094954,2026-05-18 09:50:39,47,0.8261,1,500,120,100,20,20,20,20,1354,954,85,15726.204590,-4637.083148,2898.311035,2125.983752,0.000000,0.000000,0.000000,0.000000,0.000000,0.000000,0.000000,0.000000,0,0,0,0,0,0.000000,0.000000,0.000000
20260518_094954,2026-05-18 09:50:40,48,0.8284,1,500,120,100,20,19,20,20,1326,965,87,13209.432129,-4829.171093,3302.608643,2150.070618,0.000000,0.000000,0.000000,0.000000,0.000000,0.000000,0.000000,0.000000,0,0,0,0,0,0.000000,0.000000,0.000000
20260518_094954,2026-05-18 09:50:41,49,0.8437,1,500,120,100,20,6,20,20,991,754,93,10156.897461,-5752.620213,3475.218994,2178.260449,0.000000,0.000000,0.000000,0.000000,0.000000,0.000000,0.000000,0.000000,0,0,0,0,0,0.000000,0.000000,0.000000
20260518_094954,2026-05-18 09:50:42,50,0.8452,1,500,120,100,20,10,20,20,1085,808,86,13671.514160,-5018.039685,3852.102295,2109.674249,0.000000,0.000000,0.000000,0.000000,0.000000,0.000000,0.000000,0.000000,0,0,0,0,0,0.000000,0.000000,0.000000
20260518_094954,2026-05-18 09:50:43,51,0.8306,1,500,120,100,20,20,20,20,1578,1267,96,14685.171875,-5398.712329,3304.979004,2188.349316,0.000000,0.000000,0.000000,0.000000,0.000000,0.000000,0.000000,0.000000,0,0,0,0,0,0.000000,0.000000,0.000000
20260518_094954,2026-05-18 09:50:44,52,0.8305,1,500,120,100,20,14,20,20,1317,1089,84,13884.916992,-4627.951175,3893.612061,2062.640500,0.000000,0.000000,0.000000,0.000000,0.000000,0.000000,0.000000,0.000000,0,0,0,0,0,0.000000,0.000000,0.000000
20260518_094954,2026-05-18 09:50:45,53,0.8033,1,500,120,100,20,14,20,20,1065,683,84,14768.865234,-4861.660382,3103.827148,2093.075989,0.000000,0.000000,0.000000,0.000000,0.000000,0.000000,0.000000,0.000000,0,0,0,0,0,0.000000,0.000000,0.000000
20260518_094954,2026-05-18 09:50:46,54,0.8312,1,500,120,100,20,19,20,20,1237,1030,82,11207.961426,-4526.692418,3087.866699,2068.473315,0.000000,0.000000,0.000000,0.000000,0.000000,0.000000,0.000000,0.000000,0,0,0,0,0,0.000000,0.000000,0.000000
20260518_094954,2026-05-18 09:50:47,55,0.8196,1,500,120,100,20,9,20,20,1035,798,99,11897.302246,-6290.707354,3903.375732,2240.356561,0.000000,0.000000,0.000000,0.000000,0.000000,0.000000,0.000000,0.000000,0,0,0,0,0,0.000000,0.000000,0.000000
20260518_094954,2026-05-18 09:50:48,56,0.8391,1,500,120,100,20,10,20,20,1115,854,82,10910.529297,-4592.127487,3301.821533,1982.120856,0.000000,0.000000,0.000000,0.000000,0.000000,0.000000,0.000000,0.000000,0,0,0,0,0,0.000000,0.000000,0.000000
20260518_094954,2026-05-18 09:50:48,57,0.8290,1,500,120,100,20,12,20,20,1138,849,97,13759.372070,-5905.127448,4095.301270,2251.075714,0.000000,0.000000,0.000000,0.000000,0.000000,0.000000,0.000000,0.000000,0,0,0,0,0,0.000000,0.000000,0.000000
20260518_094954,2026-05-18 09:50:49,58,0.8450,1,500,120,100,20,22,20,20,1889,1400,79,16055.624023,-3588.922975,3105.309570,2074.464362,0.000000,0.000000,0.000000,0.000000,0.000000,0.000000,0.000000,0.000000,0,0,0,0,0,0.000000,0.000000,0.000000
20260518_094954,2026-05-18 09:50:50,59,0.8523,1,500,120,100,20,16,20,20,1270,998,89,9990.444092,-5083.603935,3288.205566,2162.579681,0.000000,0.000000,0.000000,0.000000,0.000000,0.000000,0.000000,0.000000,0,0,0,0,0,0.000000,0.000000,0.000000
20260518_094954,2026-05-18 09:50:51,60,0.8439,1,500,120,100,20,9,20,20,1209,815,96,14143.596680,-5787.147870,3904.885498,2226.517383,0.000000,0.000000,0.000000,0.000000,0.000000,0.000000,0.000000,0.000000,0,0,0,0,0,0.000000,0.000000,0.000000
20260518_094954,2026-05-18 09:50:52,61,0.8605,1,500,120,100,20,17,20,20,1309,858,82,14372.613770,-4426.127614,2888.589844,2103.081525,0.000000,0.000000,0.000000,0.000000,0.000000,0.000000,0.000000,0.000000,0,0,0,0,0,0.000000,0.000000,0.000000
20260518_094954,2026-05-18 09:50:53,62,0.8362,1,500,120,100,20,15,20,20,1077,586,86,17741.142090,-5027.166734,4671.113281,2089.222223,0.000000,0.000000,0.000000,0.000000,0.000000,0.000000,0.000000,0.000000,0,0,0,0,0,0.000000,0.000000,0.000000
20260518_094954,2026-05-18 09:50:54,63,0.8923,1,500,120,100,20,28,20,20,1629,1106,59,17917.884277,-2100.717692,2744.430908,1835.166360,0.000000,0.000000,0.000000,0.000000,0.000000,0.000000,0.000000,0.000000,0,0,0,0,0,0.000000,0.000000,0.000000
20260518_094954,2026-05-18 09:50:55,64,0.8285,1,500,120,100,20,10,20,20,997,737,94,17636.120605,-5844.955321,3883.886475,2187.263214,0.000000,0.000000,0.000000,0.000000,0.000000,0.000000,0.000000,0.000000,0,0,0,0,0,0.000000,0.000000,0.000000
20260518_094954,2026-05-18 09:50:56,65,0.8406,1,500,120,100,20,21,20,20,2037,1646,95,17089.617676,-4833.686784,5895.430176,2235.727673,0.000000,0.000000,0.000000,0.000000,0.000000,0.000000,0.000000,0.000000,0,0,0,0,0,0.000000,0.000000,0.000000
20260518_094954,2026-05-18 09:50:57,66,0.8551,1,500,120,100,20,28,20,20,1663,1293,69,14448.310059,-2840.869388,3310.034668,1937.138782,0.000000,0.000000,0.000000,0.000000,0.000000,0.000000,0.000000,0.000000,0,0,0,0,0,0.000000,0.000000,0.000000
20260518_094954,2026-05-18 09:50:58,67,0.8382,1,500,120,100,20,9,20,20,1259,899,85,11953.312988,-4712.101098,3722.543701,2101.924536,0.000000,0.000000,0.000000,0.000000,0.000000,0.000000,0.000000,0.000000,0,0,0,0,0,0.000000,0.000000,0.000000
20260518_094954,2026-05-18 09:50:59,68,0.8367,1,500,120,100,20,15,20,20,1393,1024,96,15213.887695,-5652.366102,4099.148438,2242.023395,0.000000,0.000000,0.000000,0.000000,0.000000,0.000000,0.000000,0.000000,0,0,0,0,0,0.000000,0.000000,0.000000
20260518_094954,2026-05-18 09:51:00,69,0.8497,1,500,120,100,20,15,20,20,1121,901,70,11150.171387,-3412.148263,3105.033447,1941.417603,0.000000,0.000000,0.000000,0.000000,0.000000,0.000000,0.000000,0.000000,0,0,0,0,0,0.000000,0.000000,0.000000
20260518_094954,2026-05-18 09:51:01,70,0.8294,1,500,120,100,20,11,20,20,1126,850,89,15253.844238,-5180.410601,4046.395264,2049.769580,0.000000,0.000000,0.000000,0.000000,0.000000,0.000000,0.000000,0.000000,0,0,0,0,0,0.000000,0.000000,0.000000
20260518_094954,2026-05-18 09:51:02,71,0.8172,1,500,120,100,20,11,20,20,898,773,89,10606.107422,-5395.785803,3286.049316,2121.451562,0.000000,0.000000,0.000000,0.000000,0.000000,0.000000,0.000000,0.000000,0,0,0,0,0,0.000000,0.000000,0.000000
20260518_094954,2026-05-18 09:51:03,72,0.8216,1,500,120,100,20,8,20,20,1028,829,85,11112.103027,-4952.269793,3676.249512,2039.570737,0.000000,0.000000,0.000000,0.000000,0.000000,0.000000,0.000000,0.000000,0,0,0,0,0,0.000000,0.000000,0.000000
20260518_094954,2026-05-18 09:51:04,73,0.8360,1,500,120,100,20,16,20,20,892,661,77,10406.047363,-4266.738275,3302.097168,1997.180438,0.000000,0.000000,0.000000,0.000000,0.000000,0.000000,0.000000,0.000000,0,0,0,0,0,0.000000,0.000000,0.000000
20260518_094954,2026-05-18 09:51:05,74,0.8784,1,500,120,100,20,16,20,20,1253,922,82,13812.233887,-4408.976109,4464.500000,2031.837213,0.000000,0.000000,0.000000,0.000000,0.000000,0.000000,0.000000,0.000000,0,0,0,0,0,0.000000,0.000000,0.000000
20260518_094954,2026-05-18 09:51:06,75,0.8444,1,500,120,100,20,18,20,20,1297,991,86,12364.846191,-4749.417787,4122.410645,2093.334476,0.000000,0.000000,0.000000,0.000000,0.000000,0.000000,0.000000,0.000000,0,0,0,0,0,0.000000,0.000000,0.000000
20260518_094954,2026-05-18 09:51:07,76,0.8477,1,500,120,100,20,18,20,20,1351,958,76,14533.381836,-3852.801950,3509.661865,2030.859888,0.000000,0.000000,0.000000,0.000000,0.000000,0.000000,0.000000,0.000000,0,0,0,0,0,0.000000,0.000000,0.000000
20260518_094954,2026-05-18 09:51:08,77,0.8462,1,500,120,100,20,11,20,20,1195,888,71,15998.740723,-3494.697967,3696.828613,1905.600488,0.000000,0.000000,0.000000,0.000000,0.000000,0.000000,0.000000,0.000000,0,0,0,0,0,0.000000,0.000000,0.000000
20260518_094954,2026-05-18 09:51:09,78,0.8357,1,500,120,100,20,10,20,20,1115,878,85,12995.032227,-4808.249428,4711.052246,2071.255878,0.000000,0.000000,0.000000,0.000000,0.000000,0.000000,0.000000,0.000000,0,0,0,0,0,0.000000,0.000000,0.000000
20260518_094954,2026-05-18 09:51:10,79,0.8432,1,500,120,100,20,19,20,20,1116,751,67,14381.581543,-3254.519452,2904.865234,1934.479901,0.000000,0.000000,0.000000,0.000000,0.000000,0.000000,0.000000,0.000000,0,0,0,0,0,0.000000,0.000000,0.000000
20260518_094954,2026-05-18 09:51:11,80,0.8344,1,500,120,100,20,21,20,20,1114,864,83,14867.685547,-4653.588115,3107.411377,2069.782208,0.000000,0.000000,0.000000,0.000000,0.000000,0.000000,0.000000,0.000000,0,0,0,0,0,0.000000,0.000000,0.000000
20260518_094954,2026-05-18 09:51:12,81,0.8439,1,500,120,100,20,19,20,20,1103,800,77,13363.859375,-4065.735518,3666.898926,2028.946210,0.000000,0.000000,0.000000,0.000000,0.000000,0.000000,0.000000,0.000000,0,0,0,0,0,0.000000,0.000000,0.000000
20260518_094954,2026-05-18 09:51:13,82,0.8846,1,500,120,100,20,18,20,20,1183,745,82,13771.063477,-4463.492668,3916.616943,2050.593567,0.000000,0.000000,0.000000,0.000000,0.000000,0.000000,0.000000,0.000000,0,0,0,0,0,0.000000,0.000000,0.000000
20260518_094954,2026-05-18 09:51:14,83,0.8193,1,500,120,100,20,9,20,20,638,482,87,9702.658203,-5544.934049,4086.505859,2146.593842,0.000000,0.000000,0.000000,0.000000,0.000000,0.000000,0.000000,0.000000,0,0,0,0,0,0.000000,0.000000,0.000000
20260518_094954,2026-05-18 09:51:15,84,0.8517,1,500,120,100,20,15,20,20,1080,848,72,12433.217285,-3707.613855,4276.773926,1968.844696,0.000000,0.000000,0.000000,0.000000,0.000000,0.000000,0.000000,0.000000,0,0,0,0,0,0.000000,0.000000,0.000000
20260518_094954,2026-05-18 09:51:16,85,0.8417,1,500,120,100,20,15,20,20,1006,644,74,15635.184570,-3962.603539,4285.234863,1995.021564,0.000000,0.000000,0.000000,0.000000,0.000000,0.000000,0.000000,0.000000,0,0,0,0,0,0.000000,0.000000,0.000000
20260518_094954,2026-05-18 09:51:17,86,0.8362,1,500,120,100,20,13,20,20,998,591,81,14576.896484,-4619.153319,3296.369385,2058.524008,0.000000,0.000000,0.000000,0.000000,0.000000,0.000000,0.000000,0.000000,0,0,0,0,0,0.000000,0.000000,0.000000
20260518_094954,2026-05-18 09:51:18,87,0.8435,1,500,120,100,20,16,20,20,1011,616,88,15864.160156,-5180.365476,3484.121826,2131.130933,0.000000,0.000000,0.000000,0.000000,0.000000,0.000000,0.000000,0.000000,0,0,0,0,0,0.000000,0.000000,0.000000
20260518_094954,2026-05-18 09:51:19,88,0.8373,1,500,120,100,20,9,20,20,937,606,81,16718.766602,-4718.448118,4092.063477,2006.807809,0.000000,0.000000,0.000000,0.000000,0.000000,0.000000,0.000000,0.000000,0,0,0,0,0,0.000000,0.000000,0.000000
20260518_094954,2026-05-18 09:51:20,89,0.8561,1,500,120,100,20,22,20,20,1257,840,77,13416.070312,-3998.926661,3484.072266,2017.022070,0.000000,0.000000,0.000000,0.000000,0.000000,0.000000,0.000000,0.000000,0,0,0,0,0,0.000000,0.000000,0.000000
20260518_094954,2026-05-18 09:51:21,90,0.8599,1,500,120,100,20,18,20,20,1260,945,72,16642.766113,-3587.027509,3237.679688,1921.697717,0.000000,0.000000,0.000000,0.000000,0.000000,0.000000,0.000000,0.000000,0,0,0,0,0,0.000000,0.000000,0.000000
20260518_094954,2026-05-18 09:51:22,91,0.8434,1,500,120,100,20,9,20,20,1094,809,73,11968.943848,-3770.424417,3498.290283,1916.038632,0.000000,0.000000,0.000000,0.000000,0.000000,0.000000,0.000000,0.000000,0,0,0,0,0,0.000000,0.000000,0.000000
20260518_094954,2026-05-18 09:51:23,92,0.8497,1,500,120,100,20,6,20,20,743,604,67,10567.156738,-3562.525240,4291.222656,1710.647815,0.000000,0.000000,0.000000,0.000000,0.000000,0.000000,0.000000,0.000000,0,0,0,0,0,0.000000,0.000000,0.000000
20260518_094954,2026-05-18 09:51:24,93,0.8990,1,500,120,100,20,25,20,20,1322,953,46,17489.251465,-1119.504372,3080.272705,1666.161734,0.000000,0.000000,0.000000,0.000000,0.000000,0.000000,0.000000,0.000000,0,0,0,0,0,0.000000,0.000000,0.000000
20260518_094954,2026-05-18 09:51:25,94,0.8656,1,500,120,100,20,26,20,20,1227,889,59,13228.010742,-2377.360399,2896.595947,1807.072797,0.000000,0.000000,0.000000,0.000000,0.000000,0.000000,0.000000,0.000000,0,0,0,0,0,0.000000,0.000000,0.000000
20260518_094954,2026-05-18 09:51:27,95,0.8781,1,500,120,100,20,24,20,20,1348,934,60,15227.283691,-2359.629064,2683.838379,1848.596667,0.000000,0.000000,0.000000,0.000000,0.000000,0.000000,0.000000,0.000000,0,0,0,0,0,0.000000,0.000000,0.000000
20260518_094954,2026-05-18 09:51:28,96,0.8676,1,500,120,100,20,16,20,20,1168,874,58,14781.122070,-2363.367959,3293.867432,1734.104141,0.000000,0.000000,0.000000,0.000000,0.000000,0.000000,0.000000,0.000000,0,0,0,0,0,0.000000,0.000000,0.000000
20260518_094954,2026-05-18 09:51:29,97,0.8626,1,500,120,100,20,22,20,20,1220,890,70,14292.836914,-3344.684027,3504.946289,1913.506714,0.000000,0.000000,0.000000,0.000000,0.000000,0.000000,0.000000,0.000000,0,0,0,0,0,0.000000,0.000000,0.000000
20260518_094954,2026-05-18 09:51:30,98,0.8824,1,500,120,100,20,33,20,20,2446,1930,73,16519.847168,-2488.079743,2897.029541,1999.057318,0.000000,0.000000,0.000000,0.000000,0.000000,0.000000,0.000000,0.000000,0,0,0,0,0,0.000000,0.000000,0.000000
20260518_094954,2026-05-18 09:51:31,99,0.8630,1,500,120,100,20,30,20,20,1783,1501,69,14831.781738,-2690.954213,3491.614990,1939.259521,0.000000,0.000000,0.000000,0.000000,0.000000,0.000000,0.000000,0.000000,0,0,0,0,0,0.000000,0.000000,0.000000
20260518_094954,2026-05-18 09:51:32,100,0.8763,1,500,120,100,20,24,20,20,1385,1160,49,13757.560059,-1291.640996,2459.458008,1554.569373,0.000000,0.000000,0.000000,0.000000,0.000000,0.000000,0.000000,0.000000,0,0,0,0,0,0.000000,0.000000,0.000000
20260518_094954,2026-05-18 09:51:33,101,0.8863,1,500,120,100,20,43,20,20,2183,1713,61,14908.842773,-1652.985708,3280.334473,1851.572241,0.000000,0.000000,0.000000,0.000000,0.000000,0.000000,0.000000,0.000000,0,0,0,0,0,0.000000,0.000000,0.000000
20260518_094954,2026-05-18 09:51:34,102,0.8654,1,500,120,100,20,25,20,20,2021,1665,79,14764.199219,-3468.558364,3100.825439,2047.222183,0.000000,0.000000,0.000000,0.000000,0.000000,0.000000,0.000000,0.000000,0,0,0,0,0,0.000000,0.000000,0.000000
20260518_094954,2026-05-18 09:51:35,103,0.8618,1,500,120,100,20,20,20,20,1757,1400,75,13394.074707,-3391.634332,3471.448242,1993.986096,0.000000,0.000000,0.000000,0.000000,0.000000,0.000000,0.000000,0.000000,0,0,0,0,0,0.000000,0.000000,0.000000
20260518_094954,2026-05-18 09:51:36,104,0.8685,1,500,120,100,20,24,20,20,1551,1201,72,13868.542480,-3285.726921,4309.316406,1956.867725,0.000000,0.000000,0.000000,0.000000,0.000000,0.000000,0.000000,0.000000,0,0,0,0,0,0.000000,0.000000,0.000000
20260518_094954,2026-05-18 09:51:37,105,0.8931,1,500,120,100,20,22,20,20,1520,1237,63,13629.555176,-2458.192557,3921.503418,1781.532193,0.000000,0.000000,0.000000,0.000000,0.000000,0.000000,0.000000,0.000000,0,0,0,0,0,0.000000,0.000000,0.000000
20260518_094954,2026-05-18 09:51:38,106,0.8707,1,500,120,100,20,28,20,20,1764,1527,81,12011.485352,-3860.518617,3326.492432,2059.891461,0.000000,0.000000,0.000000,0.000000,0.000000,0.000000,0.000000,0.000000,0,0,0,0,0,0.000000,0.000000,0.000000
20260518_094954,2026-05-18 09:51:39,107,0.8876,1,500,120,100,20,30,20,20,2260,1917,69,14208.177246,-2351.225688,2922.662354,1882.103635,0.000000,0.000000,0.000000,0.000000,0.000000,0.000000,0.000000,0.000000,0,0,0,0,0,0.000000,0.000000,0.000000
20260518_094954,2026-05-18 09:51:40,108,0.8919,1,500,120,100,20,28,20,20,2285,1836,81,14367.708496,-3403.643608,4113.445801,2084.179297,0.000000,0.000000,0.000000,0.000000,0.000000,0.000000,0.000000,0.000000,0,0,0,0,0,0.000000,0.000000,0.000000
20260518_094954,2026-05-18 09:51:41,109,0.8751,1,500,120,100,20,21,20,20,1705,1238,90,20428.804199,-4791.164966,3873.085938,2131.806866,0.000000,0.000000,0.000000,0.000000,0.000000,0.000000,0.000000,0.000000,0,0,0,0,0,0.000000,0.000000,0.000000
20260518_094954,2026-05-18 09:51:42,110,0.8346,1,500,120,100,20,21,20,20,1549,1239,83,12694.241455,-4280.284499,2900.387695,2110.338910,0.000000,0.000000,0.000000,0.000000,0.000000,0.000000,0.000000,0.000000,0,0,0,0,0,0.000000,0.000000,0.000000
20260518_094954,2026-05-18 09:51:43,111,0.8546,1,500,120,100,20,26,20,20,1567,1245,73,11584.594482,-3375.924950,3095.076660,1948.420605,0.000000,0.000000,0.000000,0.000000,0.000000,0.000000,0.000000,0.000000,0,0,0,0,0,0.000000,0.000000,0.000000
20260518_094954,2026-05-18 09:51:44,112,0.8503,1,500,120,100,20,31,20,20,2061,1695,74,13974.465332,-2955.519159,3485.773438,2010.921497,0.000000,0.000000,0.000000,0.000000,0.000000,0.000000,0.000000,0.000000,0,0,0,0,0,0.000000,0.000000,0.000000
20260518_094954,2026-05-18 09:51:45,113,0.8417,1,500,120,100,20,29,20,20,1926,1734,81,15181.787598,-3752.253175,3904.500732,2028.579697,0.000000,0.000000,0.000000,0.000000,0.000000,0.000000,0.000000,0.000000,0,0,0,0,0,0.000000,0.000000,0.000000
20260518_094954,2026-05-18 09:51:46,114,0.8552,1,500,120,100,20,21,20,20,2083,1614,81,15609.503418,-3615.629942,4088.796143,2065.618964,0.000000,0.000000,0.000000,0.000000,0.000000,0.000000,0.000000,0.000000,0,0,0,0,0,0.000000,0.000000,0.000000
20260518_094954,2026-05-18 09:51:47,115,0.8579,1,500,120,100,20,24,20,20,1476,1192,61,15071.878906,-2348.972855,3454.856934,1766.411255,0.000000,0.000000,0.000000,0.000000,0.000000,0.000000,0.000000,0.000000,0,0,0,0,0,0.000000,0.000000,0.000000
20260518_094954,2026-05-18 09:51:48,116,0.8599,1,500,120,100,20,23,20,20,2273,1904,80,14141.399902,-3368.927973,3707.736084,2060.509579,0.000000,0.000000,0.000000,0.000000,0.000000,0.000000,0.000000,0.000000,0,0,0,0,0,0.000000,0.000000,0.000000
20260518_094954,2026-05-18 09:51:49,117,0.8552,1,500,120,100,20,26,20,20,1841,1384,77,14038.306152,-3508.725062,3103.198975,1961.303308,0.000000,0.000000,0.000000,0.000000,0.000000,0.000000,0.000000,0.000000,0,0,0,0,0,0.000000,0.000000,0.000000
20260518_094954,2026-05-18 09:51:50,118,0.8433,1,500,120,100,20,15,20,20,1249,972,73,14471.764160,-3648.746252,4264.795410,1934.115958,0.000000,0.000000,0.000000,0.000000,0.000000,0.000000,0.000000,0.000000,0,0,0,0,0,0.000000,0.000000,0.000000
20260518_094954,2026-05-18 09:51:51,119,0.8300,1,500,120,100,20,16,20,20,1310,914,86,13465.504883,-4749.227248,3456.518311,2096.043079,0.000000,0.000000,0.000000,0.000000,0.000000,0.000000,0.000000,0.000000,0,0,0,0,0,0.000000,0.000000,0.000000
20260518_094954,2026-05-18 09:51:52,120,0.8478,1,500,120,100,20,20,20,20,1715,1382,79,14508.493652,-3797.336648,4109.781250,2051.687964,0.000000,0.000000,0.000000,0.000000,0.000000,0.000000,0.000000,0.000000,0,0,0,0,0,0.000000,0.000000,0.000000
20260518_094954,2026-05-18 09:51:53,121,0.8513,1,500,120,100,20,18,20,20,1630,1209,76,13217.523926,-3597.210349,3317.124023,1964.297455,0.000000,0.000000,0.000000,0.000000,0.000000,0.000000,0.000000,0.000000,0,0,0,0,0,0.000000,0.000000,0.000000
20260518_094954,2026-05-18 09:51:54,122,0.8758,1,500,120,100,20,17,20,20,1649,1262,92,14263.730469,-5061.873489,4110.252441,2184.112262,0.000000,0.000000,0.000000,0.000000,0.000000,0.000000,0.000000,0.000000,0,0,0,0,0,0.000000,0.000000,0.000000
20260518_094954,2026-05-18 09:51:56,123,0.8588,1,500,120,100,20,28,20,20,2392,1744,71,15498.260254,-2441.993098,2721.817139,1939.954901,0.000000,0.000000,0.000000,0.000000,0.000000,0.000000,0.000000,0.000000,0,0,0,0,0,0.000000,0.000000,0.000000
20260518_094954,2026-05-18 09:51:57,124,0.8430,1,500,120,100,20,25,20,20,1717,1362,68,13023.280273,-2777.674717,2881.621094,1904.358224,0.000000,0.000000,0.000000,0.000000,0.000000,0.000000,0.000000,0.000000,0,0,0,0,0,0.000000,0.000000,0.000000
20260518_094954,2026-05-18 09:51:58,125,0.8766,1,500,120,100,20,26,20,20,1853,1315,66,15896.123535,-2490.057487,3519.283936,1849.118903,0.000000,0.000000,0.000000,0.000000,0.000000,0.000000,0.000000,0.000000,0,0,0,0,0,0.000000,0.000000,0.000000
20260518_094954,2026-05-18 09:51:59,126,0.8659,1,500,120,100,20,25,20,20,1905,1458,77,13377.387695,-3426.369435,3303.844482,1948.277994,0.000000,0.000000,0.000000,0.000000,0.000000,0.000000,0.000000,0.000000,0,0,0,0,0,0.000000,0.000000,0.000000
20260518_094954,2026-05-18 09:52:00,127,0.9191,1,500,120,100,20,25,20,20,1782,1287,74,15358.709473,-3231.508148,3306.498535,1875.180905,0.000000,0.000000,0.000000,0.000000,0.000000,0.000000,0.000000,0.000000,0,0,0,0,0,0.000000,0.000000,0.000000
20260518_094954,2026-05-18 09:52:01,128,0.8763,1,500,120,100,20,26,20,20,1444,1100,60,14884.067383,-2308.627217,2903.695801,1740.151425,0.000000,0.000000,0.000000,0.000000,0.000000,0.000000,0.000000,0.000000,0,0,0,0,0,0.000000,0.000000,0.000000
20260518_094954,2026-05-18 09:52:02,129,0.8554,1,500,120,100,20,35,20,20,1818,1437,66,14186.470703,-2456.358632,2928.411865,1871.254718,0.000000,0.000000,0.000000,0.000000,0.000000,0.000000,0.000000,0.000000,0,0,0,0,0,0.000000,0.000000,0.000000
20260518_094954,2026-05-18 09:52:03,130,0.8771,1,500,120,100,20,34,20,20,2429,2007,65,15978.021484,-1838.886935,3107.062012,1847.192853,0.000000,0.000000,0.000000,0.000000,0.000000,0.000000,0.000000,0.000000,0,0,0,0,0,0.000000,0.000000,0.000000
20260518_094954,2026-05-18 09:52:04,131,0.8663,1,500,120,100,20,29,20,20,2029,1705,77,14959.654297,-3309.609482,3100.590576,2016.480084,0.000000,0.000000,0.000000,0.000000,0.000000,0.000000,0.000000,0.000000,0,0,0,0,0,0.000000,0.000000,0.000000
20260518_094954,2026-05-18 09:52:05,132,0.8655,1,500,120,100,20,30,20,20,2228,1831,69,13601.946289,-2392.055326,3505.900879,1928.566046,0.000000,0.000000,0.000000,0.000000,0.000000,0.000000,0.000000,0.000000,0,0,0,0,0,0.000000,0.000000,0.000000
20260518_094954,2026-05-18 09:52:06,133,0.8778,1,500,120,100,20,41,20,20,2740,2161,60,17241.025391,-1129.200929,2984.969971,1792.140106,0.000000,0.000000,0.000000,0.000000,0.000000,0.000000,0.000000,0.000000,0,0,0,0,0,0.000000,0.000000,0.000000
20260518_094954,2026-05-18 09:52:07,134,0.8978,1,500,120,100,20,24,20,20,2597,2200,78,16918.063965,-2939.876104,2912.307617,2007.582697,0.000000,0.000000,0.000000,0.000000,0.000000,0.000000,0.000000,0.000000,0,0,0,0,0,0.000000,0.000000,0.000000
20260518_094954,2026-05-18 09:52:08,135,0.8638,1,500,120,100,20,22,20,20,2312,1989,77,14930.720215,-3089.607379,3502.241943,1980.988135,0.000000,0.000000,0.000000,0.000000,0.000000,0.000000,0.000000,0.000000,0,0,0,0,0,0.000000,0.000000,0.000000
20260518_094954,2026-05-18 09:52:09,136,0.8863,1,500,120,100,20,30,20,20,2685,2247,80,13967.695312,-2979.488238,4090.646484,2036.980054,0.000000,0.000000,0.000000,0.000000,0.000000,0.000000,0.000000,0.000000,0,0,0,0,0,0.000000,0.000000,0.000000
20260518_094954,2026-05-18 09:52:10,137,0.8855,1,500,120,100,20,21,20,20,2066,1695,73,15146.619629,-2924.922338,3522.607422,1967.309778,0.000000,0.000000,0.000000,0.000000,0.000000,0.000000,0.000000,0.000000,0,0,0,0,0,0.000000,0.000000,0.000000
20260518_094954,2026-05-18 09:52:12,138,0.8696,1,500,120,100,20,36,20,20,2701,2069,82,15905.431641,-3184.829244,3696.117676,2042.891437,0.000000,0.000000,0.000000,0.000000,0.000000,0.000000,0.000000,0.000000,0,0,0,0,0,0.000000,0.000000,0.000000
20260518_094954,2026-05-18 09:52:13,139,0.8687,1,500,120,100,20,45,20,20,3839,3136,69,17237.664551,-909.658239,3322.525879,1946.673785,0.000000,0.000000,0.000000,0.000000,0.000000,0.000000,0.000000,0.000000,0,0,0,0,0,0.000000,0.000000,0.000000
20260518_094954,2026-05-18 09:52:14,140,0.8468,1,500,120,100,20,28,20,20,2713,2258,78,15683.075195,-2765.863100,3088.681152,1930.476810,0.000000,0.000000,0.000000,0.000000,0.000000,0.000000,0.000000,0.000000,0,0,0,0,0,0.000000,0.000000,0.000000
20260518_094954,2026-05-18 09:52:15,141,0.8720,1,500,120,100,20,19,20,20,1872,1630,81,10687.972412,-3875.344201,3117.384033,2012.823053,0.000000,0.000000,0.000000,0.000000,0.000000,0.000000,0.000000,0.000000,0,0,0,0,0,0.000000,0.000000,0.000000
20260518_094954,2026-05-18 09:52:16,142,0.8563,1,500,120,100,20,24,20,20,1833,1362,74,15834.890625,-3196.669466,2919.858643,1960.799170,0.000000,0.000000,0.000000,0.000000,0.000000,0.000000,0.000000,0.000000,0,0,0,0,0,0.000000,0.000000,0.000000
20260518_094954,2026-05-18 09:52:17,143,0.8691,1,500,120,100,20,40,20,20,2720,2229,61,15919.624512,-1215.464575,3719.434326,1859.576154,0.000000,0.000000,0.000000,0.000000,0.000000,0.000000,0.000000,0.000000,0,0,0,0,0,0.000000,0.000000,0.000000
20260518_094954,2026-05-18 09:52:18,144,0.8543,1,500,120,100,20,18,20,20,1556,1294,79,13939.972656,-3897.761627,3703.864502,2027.775354,0.000000,0.000000,0.000000,0.000000,0.000000,0.000000,0.000000,0.000000,0,0,0,0,0,0.000000,0.000000,0.000000
20260518_094954,2026-05-18 09:52:19,145,0.8687,1,500,120,100,20,19,20,20,1864,1524,93,13992.178223,-4913.796679,4102.982422,2150.923486,0.000000,0.000000,0.000000,0.000000,0.000000,0.000000,0.000000,0.000000,0,0,0,0,0,0.000000,0.000000,0.000000
20260518_094954,2026-05-18 09:52:20,146,0.8791,1,500,120,100,20,18,20,20,1734,1404,69,11000.903320,-2883.641579,2889.557129,1857.958243,0.000000,0.000000,0.000000,0.000000,0.000000,0.000000,0.000000,0.000000,0,0,0,0,0,0.000000,0.000000,0.000000
20260518_094954,2026-05-18 09:52:21,147,0.8839,1,500,120,100,20,26,20,20,1721,1443,70,12542.066895,-3010.230953,3516.774658,1877.710040,0.000000,0.000000,0.000000,0.000000,0.000000,0.000000,0.000000,0.000000,0,0,0,0,0,0.000000,0.000000,0.000000
20260518_094954,2026-05-18 09:52:22,148,0.8973,1,500,120,100,20,22,20,20,1942,1658,72,13975.517090,-2960.128613,3694.666504,1840.749097,0.000000,0.000000,0.000000,0.000000,0.000000,0.000000,0.000000,0.000000,0,0,0,0,0,0.000000,0.000000,0.000000
20260518_094954,2026-05-18 09:52:23,149,0.8776,1,500,120,100,20,35,20,20,1963,1572,57,14558.448730,-1511.560635,3724.486572,1756.755078,0.000000,0.000000,0.000000,0.000000,0.000000,0.000000,0.000000,0.000000,0,0,0,0,0,0.000000,0.000000,0.000000
20260518_094954,2026-05-18 09:52:24,150,0.8674,1,500,120,100,20,32,20,20,1931,1644,68,13341.102051,-2533.023727,2916.219482,1878.049820,0.000000,0.000000,0.000000,0.000000,0.000000,0.000000,0.000000,0.000000,0,0,0,0,0,0.000000,0.000000,0.000000
20260518_094954,2026-05-18 09:52:25,151,0.8746,1,500,120,100,20,40,20,20,2448,1858,62,16161.732422,-1535.669973,2695.686523,1845.020447,0.000000,0.000000,0.000000,0.000000,0.000000,0.000000,0.000000,0.000000,0,0,0,0,0,0.000000,0.000000,0.000000
20260518_094954,2026-05-18 09:52:27,152,0.9040,1,500,120,100,20,30,20,20,2396,1965,73,15393.754395,-2613.486855,2697.955078,1994.436487,0.000000,0.000000,0.000000,0.000000,0.000000,0.000000,0.000000,0.000000,0,0,0,0,0,0.000000,0.000000,0.000000
20260518_094954,2026-05-18 09:52:28,153,0.8948,1,500,120,100,20,28,20,20,2278,1704,78,14729.973633,-3072.247219,3303.324707,2022.051724,0.000000,0.000000,0.000000,0.000000,0.000000,0.000000,0.000000,0.000000,0,0,0,0,0,0.000000,0.000000,0.000000
20260518_094954,2026-05-18 09:52:29,154,0.8911,1,500,120,100,20,29,20,20,1897,1462,70,15583.854980,-2781.297393,3896.319824,1890.640009,0.000000,0.000000,0.000000,0.000000,0.000000,0.000000,0.000000,0.000000,0,0,0,0,0,0.000000,0.000000,0.000000
20260518_094954,2026-05-18 09:52:30,155,0.8832,1,500,120,100,20,36,20,20,2291,1929,61,13869.083008,-1574.017805,3687.961914,1792.668097,0.000000,0.000000,0.000000,0.000000,0.000000,0.000000,0.000000,0.000000,0,0,0,0,0,0.000000,0.000000,0.000000
20260518_094954,2026-05-18 09:52:31,156,0.8953,1,500,120,100,20,48,20,20,2742,2390,53,14267.698730,-463.574891,2723.537842,1748.159723,0.000000,0.000000,0.000000,0.000000,0.000000,0.000000,0.000000,0.000000,0,0,0,0,0,0.000000,0.000000,0.000000
20260518_094954,2026-05-18 09:52:32,157,0.9270,1,500,120,100,20,37,20,20,2344,1963,59,15017.275391,-1362.594219,2902.145264,1839.203613,0.000000,0.000000,0.000000,0.000000,0.000000,0.000000,0.000000,0.000000,0,0,0,0,0,0.000000,0.000000,0.000000
20260518_094954,2026-05-18 09:52:33,158,0.9053,1,500,120,100,20,31,20,20,1690,1485,59,13601.796875,-2013.536728,3739.609619,1864.023016,0.000000,0.000000,0.000000,0.000000,0.000000,0.000000,0.000000,0.000000,0,0,0,0,0,0.000000,0.000000,0.000000
20260518_094954,2026-05-18 09:52:34,159,0.8956,1,500,120,100,20,37,20,20,2820,2308,71,17243.341309,-2079.297868,2701.501709,1982.547635,0.000000,0.000000,0.000000,0.000000,0.000000,0.000000,0.000000,0.000000,0,0,0,0,0,0.000000,0.000000,0.000000
20260518_094954,2026-05-18 09:52:36,160,0.8742,1,500,120,100,20,31,20,20,2902,2489,76,14748.104004,-2428.687685,3319.715820,2052.021759,0.000000,0.000000,0.000000,0.000000,0.000000,0.000000,0.000000,0.000000,0,0,0,0,0,0.000000,0.000000,0.000000
20260518_094954,2026-05-18 09:52:37,161,0.8930,1,500,120,100,20,50,20,20,4066,3632,60,14858.695801,66.803929,2932.918945,1894.484247,0.000000,0.000000,0.000000,0.000000,0.000000,0.000000,0.000000,0.000000,0,0,0,0,0,0.000000,0.000000,0.000000
20260518_094954,2026-05-18 09:52:38,162,0.8920,1,500,120,100,20,27,20,20,2603,2083,88,15437.187500,-3822.891331,3710.599365,2130.666028,0.000000,0.000000,0.000000,0.000000,0.000000,0.000000,0.000000,0.000000,0,0,0,0,0,0.000000,0.000000,0.000000
20260518_094954,2026-05-18 09:52:39,163,0.8985,1,500,120,100,20,30,20,20,2853,2372,81,15312.375000,-2882.667554,3143.488281,2052.703793,0.000000,0.000000,0.000000,0.000000,0.000000,0.000000,0.000000,0.000000,0,0,0,0,0,0.000000,0.000000,0.000000
20260518_094954,2026-05-18 09:52:40,164,0.8773,1,500,120,100,20,25,20,20,2179,1736,79,14592.046387,-3357.923928,3941.803467,2046.223883,0.000000,0.000000,0.000000,0.000000,0.000000,0.000000,0.000000,0.000000,0,0,0,0,0,0.000000,0.000000,0.000000
20260518_094954,2026-05-18 09:52:41,165,0.8591,1,500,120,100,20,23,20,20,1597,1333,69,13042.663574,-3057.761138,3520.483398,1846.586679,0.000000,0.000000,0.000000,0.000000,0.000000,0.000000,0.000000,0.000000,0,0,0,0,0,0.000000,0.000000,0.000000
20260518_094954,2026-05-18 09:52:42,166,0.8619,1,500,120,100,20,27,20,20,1807,1338,60,15751.333496,-1971.052706,2906.956299,1724.894849,0.000000,0.000000,0.000000,0.000000,0.000000,0.000000,0.000000,0.000000,0,0,0,0,0,0.000000,0.000000,0.000000
20260518_094954,2026-05-18 09:52:43,167,0.8514,1,500,120,100,20,19,20,20,1900,1514,90,16535.228027,-4612.151880,3700.561279,2199.649615,0.000000,0.000000,0.000000,0.000000,0.000000,0.000000,0.000000,0.000000,0,0,0,0,0,0.000000,0.000000,0.000000
20260518_094954,2026-05-18 09:52:44,168,0.9051,1,500,120,100,20,14,20,20,1921,1568,94,15149.506348,-4935.178181,3321.522461,2149.851520,0.000000,0.000000,0.000000,0.000000,0.000000,0.000000,0.000000,0.000000,0,0,0,0,0,0.000000,0.000000,0.000000
20260518_094954,2026-05-18 09:52:46,169,0.8760,1,500,120,100,20,18,20,20,1655,1282,82,15956.902344,-4061.679095,4722.894043,2042.792938,0.000000,0.000000,0.000000,0.000000,0.000000,0.000000,0.000000,0.000000,0,0,0,0,0,0.000000,0.000000,0.000000
20260518_094954,2026-05-18 09:52:47,170,0.8393,1,500,120,100,20,14,20,20,1396,1079,83,11393.238770,-4483.546368,2900.266846,1997.015341,0.000000,0.000000,0.000000,0.000000,0.000000,0.000000,0.000000,0.000000,0,0,0,0,0,0.000000,0.000000,0.000000
20260518_094954,2026-05-18 09:52:48,171,0.8337,1,500,120,100,20,10,20,20,1787,1403,94,13939.641113,-5108.672394,3322.052734,2232.175201,0.000000,0.000000,0.000000,0.000000,0.000000,0.000000,0.000000,0.000000,0,0,0,0,0,0.000000,0.000000,0.000000
20260518_094954,2026-05-18 09:52:49,172,0.8407,1,500,120,100,20,17,20,20,1836,1512,84,12165.542480,-4174.490986,3107.190918,2055.919965,0.000000,0.000000,0.000000,0.000000,0.000000,0.000000,0.000000,0.000000,0,0,0,0,0,0.000000,0.000000,0.000000
20260518_094954,2026-05-18 09:52:50,173,0.8352,1,500,120,100,20,10,20,20,1444,1121,89,12461.578613,-4973.952779,3298.570068,2101.167358,0.000000,0.000000,0.000000,0.000000,0.000000,0.000000,0.000000,0.000000,0,0,0,0,0,0.000000,0.000000,0.000000
20260518_094954,2026-05-18 09:52:51,174,0.8883,1,500,120,100,20,15,20,20,1067,690,66,11610.890625,-3302.733887,3485.986816,1802.682141,0.000000,0.000000,0.000000,0.000000,0.000000,0.000000,0.000000,0.000000,0,0,0,0,0,0.000000,0.000000,0.000000
20260518_094954,2026-05-18 09:52:52,175,0.8776,1,500,120,100,20,19,20,20,1482,1123,68,13705.825684,-3016.508655,3115.604248,1831.246979,0.000000,0.000000,0.000000,0.000000,0.000000,0.000000,0.000000,0.000000,0,0,0,0,0,0.000000,0.000000,0.000000
20260518_094954,2026-05-18 09:52:53,176,0.8577,1,500,120,100,20,18,20,20,1586,1246,80,13693.603027,-3962.030848,3689.860596,2022.246411,0.000000,0.000000,0.000000,0.000000,0.000000,0.000000,0.000000,0.000000,0,0,0,0,0,0.000000,0.000000,0.000000
20260518_094954,2026-05-18 09:52:54,177,0.8620,1,500,120,100,20,26,20,20,1671,1229,57,16396.394531,-1808.314994,3732.285889,1768.361514,0.000000,0.000000,0.000000,0.000000,0.000000,0.000000,0.000000,0.000000,0,0,0,0,0,0.000000,0.000000,0.000000
20260518_094954,2026-05-18 09:52:55,178,0.8338,1,500,120,100,20,20,20,20,1634,1279,81,13875.119141,-4048.694090,4303.502441,2042.742499,0.000000,0.000000,0.000000,0.000000,0.000000,0.000000,0.000000,0.000000,0,0,0,0,0,0.000000,0.000000,0.000000
20260518_094954,2026-05-18 09:52:56,179,0.8255,1,500,120,100,20,17,20,20,1608,1295,86,13981.140625,-4545.036834,3496.143799,2074.151019,0.000000,0.000000,0.000000,0.000000,0.000000,0.000000,0.000000,0.000000,0,0,0,0,0,0.000000,0.000000,0.000000
20260518_094954,2026-05-18 09:52:58,180,0.8703,1,500,120,100,20,25,20,20,1908,1434,63,14932.095703,-2178.580080,3114.582764,1807.461838,0.000000,0.000000,0.000000,0.000000,0.000000,0.000000,0.000000,0.000000,0,0,0,0,0,0.000000,0.000000,0.000000
20260518_094954,2026-05-18 09:52:59,181,0.8801,1,500,120,100,20,24,20,20,2050,1602,81,15016.929688,-3650.731599,4319.091797,2056.554260,0.000000,0.000000,0.000000,0.000000,0.000000,0.000000,0.000000,0.000000,0,0,0,0,0,0.000000,0.000000,0.000000
20260518_094954,2026-05-18 09:53:00,182,0.8871,1,500,120,100,20,23,20,20,1720,1489,80,12829.712402,-3842.097856,3724.124512,1986.797208,0.000000,0.000000,0.000000,0.000000,0.000000,0.000000,0.000000,0.000000,0,0,0,0,0,0.000000,0.000000,0.000000
20260518_094954,2026-05-18 09:53:01,183,0.8071,1,500,120,100,20,5,20,20,1278,957,98,13395.392090,-5939.409165,5101.667969,2173.378629,0.000000,0.000000,0.000000,0.000000,0.000000,0.000000,0.000000,0.000000,0,0,0,0,0,0.000000,0.000000,0.000000
20260518_094954,2026-05-18 09:53:02,184,0.8206,1,500,120,100,20,10,20,20,1075,618,87,15710.954102,-5097.850916,3500.234375,2089.150378,0.000000,0.000000,0.000000,0.000000,0.000000,0.000000,0.000000,0.000000,0,0,0,0,0,0.000000,0.000000,0.000000
20260518_094954,2026-05-18 09:53:03,185,0.8622,1,500,120,100,20,12,20,20,1242,877,79,13840.850098,-4251.861099,3695.272217,1986.854895,0.000000,0.000000,0.000000,0.000000,0.000000,0.000000,0.000000,0.000000,0,0,0,0,0,0.000000,0.000000,0.000000
20260518_094954,2026-05-18 09:53:04,186,0.8252,1,500,120,100,20,12,20,20,1310,1010,97,12303.120361,-5833.189055,4269.339844,2217.174524,0.000000,0.000000,0.000000,0.000000,0.000000,0.000000,0.000000,0.000000,0,0,0,0,0,0.000000,0.000000,0.000000
20260518_094954,2026-05-18 09:53:05,187,0.8577,1,500,120,100,20,5,20,20,936,652,103,15091.260742,-6705.726304,3302.934570,2253.998425,0.000000,0.000000,0.000000,0.000000,0.000000,0.000000,0.000000,0.000000,0,0,0,0,0,0.000000,0.000000,0.000000
20260518_094954,2026-05-18 09:53:06,188,0.8327,1,500,120,100,20,11,20,20,801,656,77,10755.164551,-4443.319462,3503.496338,1952.895709,0.000000,0.000000,0.000000,0.000000,0.000000,0.000000,0.000000,0.000000,0,0,0,0,0,0.000000,0.000000,0.000000
20260518_094954,2026-05-18 09:53:07,189,0.8529,1,500,120,100,20,12,20,20,965,646,88,17026.968750,-5349.591253,3279.891602,2133.864685,0.000000,0.000000,0.000000,0.000000,0.000000,0.000000,0.000000,0.000000,0,0,0,0,0,0.000000,0.000000,0.000000
20260518_094954,2026-05-18 09:53:08,190,0.8194,1,500,120,100,20,10,20,20,1028,700,92,12604.191895,-5651.357550,3893.759766,2164.656219,0.000000,0.000000,0.000000,0.000000,0.000000,0.000000,0.000000,0.000000,0,0,0,0,0,0.000000,0.000000,0.000000
20260518_094954,2026-05-18 09:53:09,191,0.7981,1,500,120,100,20,3,20,20,587,373,93,14490.463379,-6147.870175,4088.768066,2204.384149,0.000000,0.000000,0.000000,0.000000,0.000000,0.000000,0.000000,0.000000,0,0,0,0,0,0.000000,0.000000,0.000000
20260518_094954,2026-05-18 09:53:10,192,0.8414,1,500,120,100,20,5,20,20,667,322,65,12045.450195,-3552.062983,2880.518066,1787.432941,0.000000,0.000000,0.000000,0.000000,0.000000,0.000000,0.000000,0.000000,0,0,0,0,0,0.000000,0.000000,0.000000
20260518_094954,2026-05-18 09:53:12,193,0.8386,1,500,120,100,20,5,20,20,593,441,79,12340.787109,-4884.795371,3873.536377,1984.530957,0.000000,0.000000,0.000000,0.000000,0.000000,0.000000,0.000000,0.000000,0,0,0,0,0,0.000000,0.000000,0.000000
20260518_094954,2026-05-18 09:53:13,194,0.8388,1,500,120,100,20,11,20,20,872,630,69,11806.813477,-3707.376647,3093.906250,1940.621045,0.000000,0.000000,0.000000,0.000000,0.000000,0.000000,0.000000,0.000000,0,0,0,0,0,0.000000,0.000000,0.000000
20260518_094954,2026-05-18 09:53:14,195,0.8362,1,500,120,100,20,11,20,20,922,646,85,15964.689941,-5066.289509,3707.733887,2079.677612,0.000000,0.000000,0.000000,0.000000,0.000000,0.000000,0.000000,0.000000,0,0,0,0,0,0.000000,0.000000,0.000000
20260518_094954,2026-05-18 09:53:15,196,0.7905,1,500,120,100,20,3,20,20,613,376,84,10989.407715,-5316.463075,4078.634766,2055.423685,0.000000,0.000000,0.000000,0.000000,0.000000,0.000000,0.000000,0.000000,0,0,0,0,0,0.000000,0.000000,0.000000
20260518_094954,2026-05-18 09:53:16,197,0.8103,1,500,120,100,20,10,20,20,843,443,67,15985.666016,-3547.341414,3882.088623,1771.109775,0.000000,0.000000,0.000000,0.000000,0.000000,0.000000,0.000000,0.000000,0,0,0,0,0,0.000000,0.000000,0.000000
20260518_094954,2026-05-18 09:53:17,198,0.8277,1,500,120,100,20,4,20,20,551,356,79,13151.294434,-4904.579898,3488.316895,2014.463214,0.000000,0.000000,0.000000,0.000000,0.000000,0.000000,0.000000,0.000000,0,0,0,0,0,0.000000,0.000000,0.000000
20260518_094954,2026-05-18 09:53:18,199,0.8536,1,500,120,100,20,12,20,20,739,424,65,11580.842773,-3482.580706,3296.605469,1828.939807,0.000000,0.000000,0.000000,0.000000,0.000000,0.000000,0.000000,0.000000,0,0,0,0,0,0.000000,0.000000,0.000000
20260518_094954,2026-05-18 09:53:19,200,0.8416,1,500,120,100,20,7,20,20,744,345,85,15328.946777,-5290.099435,3870.948975,2124.573944,0.000000,0.000000,0.000000,0.000000,0.000000,0.000000,0.000000,0.000000,0,0,0,0,0,0.000000,0.000000,0.000000
20260518_094954,2026-05-18 09:53:20,201,0.8328,1,500,120,100,20,9,20,20,679,414,64,11841.016602,-3402.884894,2876.625244,1909.869257,0.000000,0.000000,0.000000,0.000000,0.000000,0.000000,0.000000,0.000000,0,0,0,0,0,0.000000,0.000000,0.000000
20260518_094954,2026-05-18 09:53:22,202,0.8272,1,500,120,100,20,10,20,20,728,439,66,15269.300781,-3578.598026,2889.738770,1820.741153,0.000000,0.000000,0.000000,0.000000,0.000000,0.000000,0.000000,0.000000,0,0,0,0,0,0.000000,0.000000,0.000000
20260518_094954,2026-05-18 09:53:23,203,0.8464,1,500,120,100,20,8,20,20,534,331,54,14810.185059,-2705.736914,3079.910400,1709.096899,0.000000,0.000000,0.000000,0.000000,0.000000,0.000000,0.000000,0.000000,0,0,0,0,0,0.000000,0.000000,0.000000
20260518_094954,2026-05-18 09:53:24,204,0.8630,1,500,120,100,20,10,20,20,744,451,70,14394.928711,-3850.511670,3900.969971,1977.479895,0.000000,0.000000,0.000000,0.000000,0.000000,0.000000,0.000000,0.000000,0,0,0,0,0,0.000000,0.000000,0.000000
20260518_094954,2026-05-18 09:53:25,205,0.8373,1,500,120,100,20,12,20,20,738,396,61,12729.878418,-3094.457762,4286.326172,1879.277667,0.000000,0.000000,0.000000,0.000000,0.000000,0.000000,0.000000,0.000000,0,0,0,0,0,0.000000,0.000000,0.000000
20260518_094954,2026-05-18 09:53:26,206,0.8324,1,500,120,100,20,12,20,20,820,433,68,15533.266602,-3632.234238,3092.476318,1915.162579,0.000000,0.000000,0.000000,0.000000,0.000000,0.000000,0.000000,0.000000,0,0,0,0,0,0.000000,0.000000,0.000000
20260518_094954,2026-05-18 09:53:27,207,0.8357,1,500,120,100,20,3,20,20,546,333,59,10074.747070,-3129.046323,3492.452393,1794.718347,0.000000,0.000000,0.000000,0.000000,0.000000,0.000000,0.000000,0.000000,0,0,0,0,0,0.000000,0.000000,0.000000
20260518_094954,2026-05-18 09:53:28,208,0.8844,1,500,120,100,20,14,20,20,831,470,62,15697.480469,-3076.794009,2690.421387,1850.577328,0.000000,0.000000,0.000000,0.000000,0.000000,0.000000,0.000000,0.000000,0,0,0,0,0,0.000000,0.000000,0.000000
20260518_094954,2026-05-18 09:53:30,209,0.8434,1,500,120,100,20,7,20,20,712,486,67,10751.085449,-3680.812667,3102.208252,1921.514883,0.000000,0.000000,0.000000,0.000000,0.000000,0.000000,0.000000,0.000000,0,0,0,0,0,0.000000,0.000000,0.000000
20260518_094954,2026-05-18 09:53:31,210,0.8424,1,500,120,100,20,8,20,20,747,462,77,14704.413574,-4529.430343,2904.453125,1994.634030,0.000000,0.000000,0.000000,0.000000,0.000000,0.000000,0.000000,0.000000,0,0,0,0,0,0.000000,0.000000,0.000000
20260518_094954,2026-05-18 09:53:32,211,0.8531,1,500,120,100,20,9,20,20,734,383,75,13772.708008,-4315.474552,3487.484863,2003.870648,0.000000,0.000000,0.000000,0.000000,0.000000,0.000000,0.000000,0.000000,0,0,0,0,0,0.000000,0.000000,0.000000
20260518_094954,2026-05-18 09:53:33,212,0.8704,1,500,120,100,20,7,20,20,788,431,86,13241.194336,-5238.558558,4298.309082,2142.425043,0.000000,0.000000,0.000000,0.000000,0.000000,0.000000,0.000000,0.000000,0,0,0,0,0,0.000000,0.000000,0.000000
20260518_094954,2026-05-18 09:53:34,213,0.8358,1,500,120,100,20,10,20,20,897,462,82,15987.391113,-4779.844336,4298.297852,2052.266895,0.000000,0.000000,0.000000,0.000000,0.000000,0.000000,0.000000,0.000000,0,0,0,0,0,0.000000,0.000000,0.000000
20260518_094954,2026-05-18 09:53:35,214,0.8355,1,500,120,100,20,4,20,20,559,288,70,14130.205078,-4068.765075,3672.995605,1855.937878,0.000000,0.000000,0.000000,0.000000,0.000000,0.000000,0.000000,0.000000,0,0,0,0,0,0.000000,0.000000,0.000000
20260518_094954,2026-05-18 09:53:36,215,0.8611,1,500,120,100,20,10,20,20,552,305,40,14389.526855,-1396.793185,3268.260986,1568.933530,0.000000,0.000000,0.000000,0.000000,0.000000,0.000000,0.000000,0.000000,0,0,0,0,0,0.000000,0.000000,0.000000
20260518_094954,2026-05-18 09:53:38,216,0.8422,1,500,120,100,20,3,20,20,546,389,91,10123.912598,-5913.583163,3894.022461,2135.529630,0.000000,0.000000,0.000000,0.000000,0.000000,0.000000,0.000000,0.000000,0,0,0,0,0,0.000000,0.000000,0.000000
20260518_094954,2026-05-18 09:53:39,217,0.8380,1,500,120,100,20,13,20,20,984,602,83,13837.758789,-4813.074019,3691.988281,2086.261169,0.000000,0.000000,0.000000,0.000000,0.000000,0.000000,0.000000,0.000000,0,0,0,0,0,0.000000,0.000000,0.000000
20260518_094954,2026-05-18 09:53:40,218,0.8526,1,500,120,100,20,17,20,20,1145,763,77,13722.380371,-4122.387572,3708.458496,1983.086597,0.000000,0.000000,0.000000,0.000000,0.000000,0.000000,0.000000,0.000000,0,0,0,0,0,0.000000,0.000000,0.000000
20260518_094954,2026-05-18 09:53:41,219,0.8491,1,500,120,100,20,9,20,20,681,350,68,13900.070312,-3747.040962,3091.188232,1910.106912,0.000000,0.000000,0.000000,0.000000,0.000000,0.000000,0.000000,0.000000,0,0,0,0,0,0.000000,0.000000,0.000000
20260518_094954,2026-05-18 09:53:42,220,0.8450,1,500,120,100,20,7,20,20,942,456,87,16363.630859,-5278.890548,3686.007324,2088.383160,0.000000,0.000000,0.000000,0.000000,0.000000,0.000000,0.000000,0.000000,0,0,0,0,0,0.000000,0.000000,0.000000
20260518_094954,2026-05-18 09:53:43,221,0.8365,1,500,120,100,20,8,20,20,635,236,57,15700.907715,-2867.709755,2685.179688,1733.793219,0.000000,0.000000,0.000000,0.000000,0.000000,0.000000,0.000000,0.000000,0,0,0,0,0,0.000000,0.000000,0.000000
20260518_094954,2026-05-18 09:53:44,222,0.8218,1,500,120,100,20,6,20,20,555,231,64,13570.771484,-3603.443486,3049.554443,1781.157178,0.000000,0.000000,0.000000,0.000000,0.000000,0.000000,0.000000,0.000000,0,0,0,0,0,0.000000,0.000000,0.000000
20260518_094954,2026-05-18 09:53:45,223,0.8461,1,500,120,100,20,8,20,20,570,119,70,14850.327148,-4115.209256,3683.437744,1904.697357,0.000000,0.000000,0.000000,0.000000,0.000000,0.000000,0.000000,0.000000,0,0,0,0,0,0.000000,0.000000,0.000000
20260518_094954,2026-05-18 09:53:47,224,0.8559,1,500,120,100,20,3,20,20,441,164,67,13123.579590,-3971.807125,3705.634521,1870.282581,0.000000,0.000000,0.000000,0.000000,0.000000,0.000000,0.000000,0.000000,0,0,0,0,0,0.000000,0.000000,0.000000
20260518_094954,2026-05-18 09:53:48,225,0.8498,1,500,120,100,20,2,20,20,346,182,70,9698.633301,-4334.672235,4081.823486,1891.038013,0.000000,0.000000,0.000000,0.000000,0.000000,0.000000,0.000000,0.000000,0,0,0,0,0,0.000000,0.000000,0.000000
20260518_094954,2026-05-18 09:53:49,226,0.8193,1,500,120,100,20,7,20,20,635,189,89,16404.336914,-5742.502102,3075.658447,2160.692328,0.000000,0.000000,0.000000,0.000000,0.000000,0.000000,0.000000,0.000000,0,0,0,0,0,0.000000,0.000000,0.000000
20260518_094954,2026-05-18 09:53:50,227,0.8471,1,500,120,100,20,6,20,20,505,192,58,12170.835693,-3060.372784,3290.202393,1777.516910,0.000000,0.000000,0.000000,0.000000,0.000000,0.000000,0.000000,0.000000,0,0,0,0,0,0.000000,0.000000,0.000000
20260518_094954,2026-05-18 09:53:51,228,0.8566,1,500,120,100,20,2,20,20,471,195,74,10473.726562,-4546.137097,4096.674316,1967.550369,0.000000,0.000000,0.000000,0.000000,0.000000,0.000000,0.000000,0.000000,0,0,0,0,0,0.000000,0.000000,0.000000
20260518_094954,2026-05-18 09:53:52,229,0.9072,1,500,120,100,20,5,20,20,609,279,93,16314.920410,-6095.802471,4312.897461,2158.693204,0.000000,0.000000,0.000000,0.000000,0.000000,0.000000,0.000000,0.000000,0,0,0,0,0,0.000000,0.000000,0.000000
20260518_094954,2026-05-18 09:53:54,230,0.8331,1,500,120,100,20,10,20,20,696,270,78,14325.993652,-4668.081542,3490.765137,2047.738458,0.000000,0.000000,0.000000,0.000000,0.000000,0.000000,0.000000,0.000000,0,0,0,0,0,0.000000,0.000000,0.000000
20260518_094954,2026-05-18 09:53:55,231,0.8658,1,500,120,100,20,3,20,20,402,147,78,12841.809082,-4978.307712,4271.405273,1925.163669,0.000000,0.000000,0.000000,0.000000,0.000000,0.000000,0.000000,0.000000,0,0,0,0,0,0.000000,0.000000,0.000000
20260518_094954,2026-05-18 09:53:56,232,0.8744,1,500,120,100,20,9,20,20,711,197,64,15607.933594,-3396.638255,3666.382324,1917.471942,0.000000,0.000000,0.000000,0.000000,0.000000,0.000000,0.000000,0.000000,0,0,0,0,0,0.000000,0.000000,0.000000
20260518_094954,2026-05-18 09:53:57,233,0.8460,1,500,120,100,20,9,20,20,639,186,50,15192.526367,-2176.065463,3087.327881,1775.053314,0.000000,0.000000,0.000000,0.000000,0.000000,0.000000,0.000000,0.000000,0,0,0,0,0,0.000000,0.000000,0.000000
20260518_094954,2026-05-18 09:53:58,234,0.8394,1,500,120,100,20,2,20,20,420,182,57,11433.976562,-3062.602650,3285.318359,1794.152411,0.000000,0.000000,0.000000,0.000000,0.000000,0.000000,0.000000,0.000000,0,0,0,0,0,0.000000,0.000000,0.000000
20260518_094954,2026-05-18 09:53:59,235,0.8864,1,500,120,100,20,4,20,20,398,204,49,10242.906982,-2370.951559,3281.823730,1757.737799,0.000000,0.000000,0.000000,0.000000,0.000000,0.000000,0.000000,0.000000,0,0,0,0,0,0.000000,0.000000,0.000000
20260518_094954,2026-05-18 09:54:01,236,0.9060,1,500,120,100,20,7,20,20,584,279,48,14214.070312,-2097.167178,2683.509277,1752.010925,0.000000,0.000000,0.000000,0.000000,0.000000,0.000000,0.000000,0.000000,0,0,0,0,0,0.000000,0.000000,0.000000
20260518_094954,2026-05-18 09:54:02,237,0.8618,1,500,120,100,20,11,20,20,737,228,57,14218.329102,-2746.993686,3896.738770,1799.060751,0.000000,0.000000,0.000000,0.000000,0.000000,0.000000,0.000000,0.000000,0,0,0,0,0,0.000000,0.000000,0.000000
20260518_094954,2026-05-18 09:54:03,238,0.9174,1,500,120,100,20,11,20,20,743,213,53,16590.639648,-2413.850696,2669.262207,1790.569232,0.000000,0.000000,0.000000,0.000000,0.000000,0.000000,0.000000,0.000000,0,0,0,0,0,0.000000,0.000000,0.000000
20260518_094954,2026-05-18 09:54:04,239,0.8494,1,500,120,100,20,10,20,20,785,329,67,17253.718262,-3603.619365,3069.485840,1923.076593,0.000000,0.000000,0.000000,0.000000,0.000000,0.000000,0.000000,0.000000,0,0,0,0,0,0.000000,0.000000,0.000000
20260518_094954,2026-05-18 09:54:05,240,0.8851,1,500,120,100,20,12,20,20,865,363,62,17960.375000,-3072.164599,2679.796875,1890.740753,0.000000,0.000000,0.000000,0.000000,0.000000,0.000000,0.000000,0.000000,0,0,0,0,0,0.000000,0.000000,0.000000
20260518_094954,2026-05-18 09:54:07,241,0.8974,1,500,120,100,20,12,20,20,680,401,56,14481.039062,-2710.625590,2878.033447,1789.225876,0.000000,0.000000,0.000000,0.000000,0.000000,0.000000,0.000000,0.000000,0,0,0,0,0,0.000000,0.000000,0.000000
20260518_094954,2026-05-18 09:54:08,242,0.8862,1,500,120,100,20,19,20,20,1222,730,56,14370.784180,-2172.144739,3117.933838,1782.170743,0.000000,0.000000,0.000000,0.000000,0.000000,0.000000,0.000000,0.000000,0,0,0,0,0,0.000000,0.000000,0.000000
20260518_094954,2026-05-18 09:54:09,243,0.8682,1,500,120,100,20,9,20,20,673,302,74,12893.026367,-4306.283370,3272.902100,1993.544879,0.000000,0.000000,0.000000,0.000000,0.000000,0.000000,0.000000,0.000000,0,0,0,0,0,0.000000,0.000000,0.000000
20260518_094954,2026-05-18 09:54:10,244,0.8777,1,500,120,100,20,14,20,20,748,330,57,15701.471680,-2744.753437,2314.562988,1801.389734,0.000000,0.000000,0.000000,0.000000,0.000000,0.000000,0.000000,0.000000,0,0,0,0,0,0.000000,0.000000,0.000000
20260518_094954,2026-05-18 09:54:12,245,0.8585,1,500,120,100,20,6,20,20,624,341,52,11099.351318,-2328.172872,3082.010742,1743.042120,0.000000,0.000000,0.000000,0.000000,0.000000,0.000000,0.000000,0.000000,0,0,0,0,0,0.000000,0.000000,0.000000
20260518_094954,2026-05-18 09:54:13,246,0.9608,1,500,120,100,20,9,20,20,621,301,37,13816.234375,-1023.517347,3292.852539,1499.711514,0.000000,0.000000,0.000000,0.000000,0.000000,0.000000,0.000000,0.000000,0,0,0,0,0,0.000000,0.000000,0.000000
20260518_094954,2026-05-18 09:54:14,247,0.8567,1,500,120,100,20,15,20,20,1047,517,79,15065.067871,-4358.870915,3092.278564,2024.872430,0.000000,0.000000,0.000000,0.000000,0.000000,0.000000,0.000000,0.000000,0,0,0,0,0,0.000000,0.000000,0.000000
20260518_094954,2026-05-18 09:54:15,248,0.8700,1,500,120,100,20,8,20,20,573,311,62,13264.319824,-3333.537007,4105.006836,1851.344354,0.000000,0.000000,0.000000,0.000000,0.000000,0.000000,0.000000,0.000000,0,0,0,0,0,0.000000,0.000000,0.000000
20260518_094954,2026-05-18 09:54:16,249,0.8843,1,500,120,100,20,16,20,20,914,555,62,15915.149414,-2994.500225,5494.020996,1810.530499,0.000000,0.000000,0.000000,0.000000,0.000000,0.000000,0.000000,0.000000,0,0,0,0,0,0.000000,0.000000,0.000000
20260518_094954,2026-05-18 09:54:18,250,0.9149,1,500,120,100,20,12,20,20,942,628,57,11174.050537,-2500.418020,3098.519287,1851.805127,0.000000,0.000000,0.000000,0.000000,0.000000,0.000000,0.000000,0.000000,0,0,0,0,0,0.000000,0.000000,0.000000
20260518_094954,2026-05-18 09:54:19,251,0.8883,1,500,120,100,20,13,20,20,827,560,75,13831.862305,-4213.228989,4679.226074,1974.543237,0.000000,0.000000,0.000000,0.000000,0.000000,0.000000,0.000000,0.000000,0,0,0,0,0,0.000000,0.000000,0.000000
20260518_094954,2026-05-18 09:54:20,252,0.9100,1,500,120,100,20,14,20,20,1019,747,75,10567.892090,-3982.929813,4679.292969,2032.392682,0.000000,0.000000,0.000000,0.000000,0.000000,0.000000,0.000000,0.000000,0,0,0,0,0,0.000000,0.000000,0.000000
20260518_094954,2026-05-18 09:54:22,253,0.9434,1,500,120,100,20,17,20,20,1483,1030,81,16425.135742,-4117.031088,4089.046875,2030.532349,0.000000,0.000000,0.000000,0.000000,0.000000,0.000000,0.000000,0.000000,0,0,0,0,0,0.000000,0.000000,0.000000
20260518_094954,2026-05-18 09:54:23,254,0.8409,1,500,120,100,20,14,20,20,1268,903,82,13883.032715,-4482.276478,3895.971191,2036.006741,0.000000,0.000000,0.000000,0.000000,0.000000,0.000000,0.000000,0.000000,0,0,0,0,0,0.000000,0.000000,0.000000
20260518_094954,2026-05-18 09:54:24,255,0.8840,1,500,120,100,20,6,20,20,863,608,65,11378.469727,-3341.740291,3287.251465,1872.902679,0.000000,0.000000,0.000000,0.000000,0.000000,0.000000,0.000000,0.000000,0,0,0,0,0,0.000000,0.000000,0.000000
20260518_094954,2026-05-18 09:54:25,256,0.8553,1,500,120,100,20,21,20,20,1319,754,81,16206.406250,-4309.919888,3896.157959,2006.853433,0.000000,0.000000,0.000000,0.000000,0.000000,0.000000,0.000000,0.000000,0,0,0,0,0,0.000000,0.000000,0.000000
20260518_094954,2026-05-18 09:54:27,257,0.8723,1,500,120,100,20,14,20,20,913,551,88,15664.901367,-5313.124522,2885.882324,2115.997784,0.000000,0.000000,0.000000,0.000000,0.000000,0.000000,0.000000,0.000000,0,0,0,0,0,0.000000,0.000000,0.000000
20260518_094954,2026-05-18 09:54:28,258,0.8825,1,500,120,100,20,14,20,20,780,552,69,12026.352539,-3733.768832,3311.347900,1877.174945,0.000000,0.000000,0.000000,0.000000,0.000000,0.000000,0.000000,0.000000,0,0,0,0,0,0.000000,0.000000,0.000000
20260518_094954,2026-05-18 09:54:29,259,0.8755,1,500,120,100,20,5,20,20,852,529,83,11485.392578,-4932.481353,3703.198975,2064.976837,0.000000,0.000000,0.000000,0.000000,0.000000,0.000000,0.000000,0.000000,0,0,0,0,0,0.000000,0.000000,0.000000
20260518_094954,2026-05-18 09:54:30,260,0.9101,1,500,120,100,20,9,20,20,859,661,70,14672.579102,-3766.866419,3496.673584,1956.641495,0.000000,0.000000,0.000000,0.000000,0.000000,0.000000,0.000000,0.000000,0,0,0,0,0,0.000000,0.000000,0.000000
20260518_094954,2026-05-18 09:54:31,261,0.8576,1,500,120,100,20,14,20,20,1018,632,85,15017.371582,-4982.525876,3498.558350,2058.214682,0.000000,0.000000,0.000000,0.000000,0.000000,0.000000,0.000000,0.000000,0,0,0,0,0,0.000000,0.000000,0.000000
20260518_094954,2026-05-18 09:54:33,262,0.8465,1,500,120,100,20,5,20,20,630,315,84,12674.995117,-5295.346723,3691.314209,2093.967072,0.000000,0.000000,0.000000,0.000000,0.000000,0.000000,0.000000,0.000000,0,0,0,0,0,0.000000,0.000000,0.000000
20260518_094954,2026-05-18 09:54:34,263,0.8317,1,500,120,100,20,5,20,20,554,222,91,9819.323486,-5984.812766,4871.231445,2095.728973,0.000000,0.000000,0.000000,0.000000,0.000000,0.000000,0.000000,0.000000,0,0,0,0,0,0.000000,0.000000,0.000000
20260518_094954,2026-05-18 09:54:35,264,0.8561,1,500,120,100,20,12,20,20,641,276,75,13325.020508,-4469.319704,3676.723633,2024.239929,0.000000,0.000000,0.000000,0.000000,0.000000,0.000000,0.000000,0.000000,0,0,0,0,0,0.000000,0.000000,0.000000
20260518_094954,2026-05-18 09:54:36,265,0.8601,1,500,120,100,20,8,20,20,856,383,91,13618.982910,-5709.964187,4092.545654,2194.310541,0.000000,0.000000,0.000000,0.000000,0.000000,0.000000,0.000000,0.000000,0,0,0,0,0,0.000000,0.000000,0.000000
20260518_094954,2026-05-18 09:54:38,266,0.8193,1,500,120,100,20,5,20,20,579,312,81,12702.277344,-5123.418013,3490.412598,2020.959818,0.000000,0.000000,0.000000,0.000000,0.000000,0.000000,0.000000,0.000000,0,0,0,0,0,0.000000,0.000000,0.000000
20260518_094954,2026-05-18 09:54:39,267,0.8703,1,500,120,100,20,6,20,20,561,284,96,15230.456055,-6424.853873,3483.847412,2160.938589,0.000000,0.000000,0.000000,0.000000,0.000000,0.000000,0.000000,0.000000,0,0,0,0,0,0.000000,0.000000,0.000000
20260518_094954,2026-05-18 09:54:40,268,0.8191,1,500,120,100,20,11,20,20,709,325,78,14926.636230,-4668.504225,4083.438477,1988.307651,0.000000,0.000000,0.000000,0.000000,0.000000,0.000000,0.000000,0.000000,0,0,0,0,0,0.000000,0.000000,0.000000
20260518_094954,2026-05-18 09:54:41,269,0.8506,1,500,120,100,20,9,20,20,681,245,91,17553.100586,-5806.503196,3891.073486,2119.766608,0.000000,0.000000,0.000000,0.000000,0.000000,0.000000,0.000000,0.000000,0,0,0,0,0,0.000000,0.000000,0.000000
20260518_094954,2026-05-18 09:54:42,270,0.8379,1,500,120,100,20,5,20,20,633,388,93,12269.814453,-6177.928900,3274.766602,2188.339606,0.000000,0.000000,0.000000,0.000000,0.000000,0.000000,0.000000,0.000000,0,0,0,0,0,0.000000,0.000000,0.000000
20260518_094954,2026-05-18 09:54:44,271,0.8046,1,500,120,100,20,5,20,20,539,237,83,14260.040527,-5277.317675,3476.173340,2004.596646,0.000000,0.000000,0.000000,0.000000,0.000000,0.000000,0.000000,0.000000,0,0,0,0,0,0.000000,0.000000,0.000000
20260518_094954,2026-05-18 09:54:45,272,0.8300,1,500,120,100,20,5,20,20,673,313,71,15793.675781,-4120.747321,3885.986328,1846.129837,0.000000,0.000000,0.000000,0.000000,0.000000,0.000000,0.000000,0.000000,0,0,0,0,0,0.000000,0.000000,0.000000
20260518_094954,2026-05-18 09:54:46,273,0.8392,1,500,120,100,20,8,20,20,634,300,82,14268.636719,-5148.985952,3492.119385,1958.414902,0.000000,0.000000,0.000000,0.000000,0.000000,0.000000,0.000000,0.000000,0,0,0,0,0,0.000000,0.000000,0.000000
20260518_094954,2026-05-18 09:54:47,274,0.8033,1,500,120,100,20,4,20,20,669,342,90,16625.399902,-5815.480252,3269.801270,2171.137170,0.000000,0.000000,0.000000,0.000000,0.000000,0.000000,0.000000,0.000000,0,0,0,0,0,0.000000,0.000000,0.000000
20260518_094954,2026-05-18 09:54:48,275,0.8466,1,500,120,100,20,5,20,20,632,257,81,12672.172852,-5015.982605,4294.475586,1977.603339,0.000000,0.000000,0.000000,0.000000,0.000000,0.000000,0.000000,0.000000,0,0,0,0,0,0.000000,0.000000,0.000000
20260518_094954,2026-05-18 09:54:50,276,0.8465,1,500,120,100,20,9,20,20,724,249,90,16579.699707,-5674.234066,3297.335693,2121.093030,0.000000,0.000000,0.000000,0.000000,0.000000,0.000000,0.000000,0.000000,0,0,0,0,0,0.000000,0.000000,0.000000
20260518_094954,2026-05-18 09:54:51,277,0.8578,1,500,120,100,20,8,20,20,717,160,82,14853.948730,-5013.750532,3689.437988,2007.826083,0.000000,0.000000,0.000000,0.000000,0.000000,0.000000,0.000000,0.000000,0,0,0,0,0,0.000000,0.000000,0.000000
20260518_094954,2026-05-18 09:54:52,278,0.8618,1,500,120,100,20,7,20,20,611,164,88,14911.645508,-5682.177817,3899.030762,2111.676736,0.000000,0.000000,0.000000,0.000000,0.000000,0.000000,0.000000,0.000000,0,0,0,0,0,0.000000,0.000000,0.000000
20260518_094954,2026-05-18 09:54:53,279,0.8852,1,500,120,100,20,9,20,20,603,148,71,16313.090820,-4187.162485,3688.899170,1934.856107,0.000000,0.000000,0.000000,0.000000,0.000000,0.000000,0.000000,0.000000,0,0,0,0,0,0.000000,0.000000,0.000000
20260518_094954,2026-05-18 09:54:55,280,0.8775,1,500,120,100,20,4,20,20,392,145,76,13661.006836,-4817.737269,4083.106201,1958.563077,0.000000,0.000000,0.000000,0.000000,0.000000,0.000000,0.000000,0.000000,0,0,0,0,0,0.000000,0.000000,0.000000
20260518_094954,2026-05-18 09:54:56,281,0.8752,1,500,120,100,20,6,20,20,551,214,76,16256.821777,-4590.703398,3686.641846,2010.786859,0.000000,0.000000,0.000000,0.000000,0.000000,0.000000,0.000000,0.000000,0,0,0,0,0,0.000000,0.000000,0.000000
20260518_094954,2026-05-18 09:54:57,282,0.8792,1,500,120,100,20,6,20,20,527,207,66,14994.804199,-3733.301103,3083.996582,1788.084445,0.000000,0.000000,0.000000,0.000000,0.000000,0.000000,0.000000,0.000000,0,0,0,0,0,0.000000,0.000000,0.000000
20260518_094954,2026-05-18 09:54:59,283,0.8991,1,500,120,100,20,7,20,20,598,174,73,15377.979004,-4353.470032,4894.034180,1864.983258,0.000000,0.000000,0.000000,0.000000,0.000000,0.000000,0.000000,0.000000,0,0,0,0,0,0.000000,0.000000,0.000000
20260518_094954,2026-05-18 09:55:00,284,0.8777,1,500,120,100,20,8,20,20,622,150,86,15175.898438,-5430.022384,3486.624512,2085.820920,0.000000,0.000000,0.000000,0.000000,0.000000,0.000000,0.000000,0.000000,0,0,0,0,0,0.000000,0.000000,0.000000
20260518_094954,2026-05-18 09:55:01,285,0.8254,1,500,120,100,20,4,20,20,391,117,81,13167.220703,-5238.100765,4096.111328,1990.789972,0.000000,0.000000,0.000000,0.000000,0.000000,0.000000,0.000000,0.000000,0,0,0,0,0,0.000000,0.000000,0.000000
20260518_094954,2026-05-18 09:55:02,286,0.8785,1,500,120,100,20,8,20,20,488,168,66,12903.302734,-3797.715953,3475.454834,1814.320844,0.000000,0.000000,0.000000,0.000000,0.000000,0.000000,0.000000,0.000000,0,0,0,0,0,0.000000,0.000000,0.000000
20260518_094954,2026-05-18 09:55:04,287,0.8435,1,500,120,100,20,6,20,20,513,127,71,13784.972656,-4224.936361,4486.084961,1895.825784,0.000000,0.000000,0.000000,0.000000,0.000000,0.000000,0.000000,0.000000,0,0,0,0,0,0.000000,0.000000,0.000000
20260518_094954,2026-05-18 09:55:05,288,0.9158,1,500,120,100,20,3,20,20,326,106,56,12840.747559,-3077.554755,4301.333984,1593.764893,0.000000,0.000000,0.000000,0.000000,0.000000,0.000000,0.000000,0.000000,0,0,0,0,0,0.000000,0.000000,0.000000
20260518_094954,2026-05-18 09:55:06,289,0.8254,1,500,120,100,20,7,20,20,531,123,75,17784.224121,-4571.529435,2883.342041,1875.095749,0.000000,0.000000,0.000000,0.000000,0.000000,0.000000,0.000000,0.000000,0,0,0,0,0,0.000000,0.000000,0.000000
20260518_094954,2026-05-18 09:55:07,290,0.8692,1,500,120,100,20,2,20,20,383,130,68,15005.969238,-4111.687187,3068.516846,1781.338922,0.000000,0.000000,0.000000,0.000000,0.000000,0.000000,0.000000,0.000000,0,0,0,0,0,0.000000,0.000000,0.000000
20260518_094954,2026-05-18 09:55:09,291,0.8715,1,500,120,100,20,6,20,20,466,149,68,14716.172852,-4015.680205,2890.183105,1878.533234,0.000000,0.000000,0.000000,0.000000,0.000000,0.000000,0.000000,0.000000,0,0,0,0,0,0.000000,0.000000,0.000000
20260518_094954,2026-05-18 09:55:10,292,0.8907,1,500,120,100,20,4,20,20,519,175,75,11744.182617,-4602.254518,3896.875000,1863.137271,0.000000,0.000000,0.000000,0.000000,0.000000,0.000000,0.000000,0.000000,0,0,0,0,0,0.000000,0.000000,0.000000
20260518_094954,2026-05-18 09:55:11,293,0.9235,1,500,120,100,20,2,20,20,487,174,81,15359.183105,-5147.017715,3489.269287,2041.601749,0.000000,0.000000,0.000000,0.000000,0.000000,0.000000,0.000000,0.000000,0,0,0,0,0,0.000000,0.000000,0.000000
20260518_094954,2026-05-18 09:55:12,294,0.8581,1,500,120,100,20,6,20,20,586,187,63,13970.394043,-3447.012959,3099.031250,1843.162332,0.000000,0.000000,0.000000,0.000000,0.000000,0.000000,0.000000,0.000000,0,0,0,0,0,0.000000,0.000000,0.000000
20260518_094954,2026-05-18 09:55:14,295,0.8901,1,500,120,100,20,13,20,20,793,242,64,14903.645020,-3386.780406,3080.225830,1876.382767,0.000000,0.000000,0.000000,0.000000,0.000000,0.000000,0.000000,0.000000,0,0,0,0,0,0.000000,0.000000,0.000000
20260518_094954,2026-05-18 09:55:15,296,0.8699,1,500,120,100,20,4,20,20,606,152,92,15967.459473,-5993.490982,3686.112061,2169.402094,0.000000,0.000000,0.000000,0.000000,0.000000,0.000000,0.000000,0.000000,0,0,0,0,0,0.000000,0.000000,0.000000
20260518_094954,2026-05-18 09:55:16,297,0.8496,1,500,120,100,20,5,20,20,457,119,89,12932.854980,-5869.098991,3687.493652,2127.340781,0.000000,0.000000,0.000000,0.000000,0.000000,0.000000,0.000000,0.000000,0,0,0,0,0,0.000000,0.000000,0.000000
20260518_094954,2026-05-18 09:55:18,298,0.9159,1,500,120,100,20,10,20,20,683,171,87,18182.241699,-5490.805121,3280.688232,2078.061966,0.000000,0.000000,0.000000,0.000000,0.000000,0.000000,0.000000,0.000000,0,0,0,0,0,0.000000,0.000000,0.000000
20260518_094954,2026-05-18 09:55:19,299,0.8591,1,500,120,100,20,2,20,20,367,129,59,13910.126953,-3306.479946,3287.209229,1708.600488,0.000000,0.000000,0.000000,0.000000,0.000000,0.000000,0.000000,0.000000,0,0,0,0,0,0.000000,0.000000,0.000000
20260518_094954,2026-05-18 09:55:20,300,0.8638,1,500,120,100,20,3,20,20,497,242,68,11175.027832,-3958.876084,2884.260010,1934.456979,0.000000,0.000000,0.000000,0.000000,0.000000,0.000000,0.000000,0.000000,0,0,0,0,0,0.000000,0.000000,0.000000
20260518_094954,2026-05-18 09:55:21,301,0.8477,1,500,120,100,20,4,20,20,439,140,67,14640.083984,-4024.920807,2890.313721,1861.887943,0.000000,0.000000,0.000000,0.000000,0.000000,0.000000,0.000000,0.000000,0,0,0,0,0,0.000000,0.000000,0.000000
20260518_094954,2026-05-18 09:55:23,302,0.8728,1,500,120,100,20,5,20,20,487,142,75,16220.842285,-4617.464916,4081.576660,1950.623810,0.000000,0.000000,0.000000,0.000000,0.000000,0.000000,0.000000,0.000000,0,0,0,0,0,0.000000,0.000000,0.000000
20260518_094954,2026-05-18 09:55:24,303,0.9102,1,500,120,100,20,3,20,20,460,129,83,17902.294922,-5316.640104,3687.306152,2054.256229,0.000000,0.000000,0.000000,0.000000,0.000000,0.000000,0.000000,0.000000,0,0,0,0,0,0.000000,0.000000,0.000000
20260518_094954,2026-05-18 09:55:25,304,0.8632,1,500,120,100,20,0,20,20,304,149,67,11968.186035,-4072.971073,3475.599854,1854.294443,0.000000,0.000000,0.000000,0.000000,0.000000,0.000000,0.000000,0.000000,0,0,0,0,0,0.000000,0.000000,0.000000
20260518_094954,2026-05-18 09:55:26,305,0.8637,1,500,120,100,20,9,20,20,728,172,57,17900.610352,-2757.246834,3497.938232,1786.810837,0.000000,0.000000,0.000000,0.000000,0.000000,0.000000,0.000000,0.000000,0,0,0,0,0,0.000000,0.000000,0.000000
20260518_094954,2026-05-18 09:55:28,306,0.8674,1,500,120,100,20,3,20,20,333,94,77,10419.736816,-4961.421463,3480.421387,2021.683606,0.000000,0.000000,0.000000,0.000000,0.000000,0.000000,0.000000,0.000000,0,0,0,0,0,0.000000,0.000000,0.000000
20260518_094954,2026-05-18 09:55:29,307,0.8663,1,500,120,100,20,10,20,20,716,187,62,15830.509277,-3222.429260,3277.459961,1894.605048,0.000000,0.000000,0.000000,0.000000,0.000000,0.000000,0.000000,0.000000,0,0,0,0,0,0.000000,0.000000,0.000000
20260518_094954,2026-05-18 09:55:30,308,0.9347,1,500,120,100,20,13,20,20,773,132,67,15345.744629,-3638.718419,3278.618896,1862.009027,0.000000,0.000000,0.000000,0.000000,0.000000,0.000000,0.000000,0.000000,0,0,0,0,0,0.000000,0.000000,0.000000
20260518_094954,2026-05-18 09:55:32,309,0.8501,1,500,120,100,20,5,20,20,599,167,80,17021.395996,-4920.136597,4094.527832,2070.031982,0.000000,0.000000,0.000000,0.000000,0.000000,0.000000,0.000000,0.000000,0,0,0,0,0,0.000000,0.000000,0.000000
20260518_094954,2026-05-18 09:55:33,310,0.8548,1,500,120,100,20,3,20,20,448,176,73,11841.896973,-4451.334114,4083.237305,1967.693866,0.000000,0.000000,0.000000,0.000000,0.000000,0.000000,0.000000,0.000000,0,0,0,0,0,0.000000,0.000000,0.000000
20260518_094954,2026-05-18 09:55:34,311,0.8728,1,500,120,100,20,9,20,20,658,219,65,15595.276367,-3534.384233,3099.827881,1853.483698,0.000000,0.000000,0.000000,0.000000,0.000000,0.000000,0.000000,0.000000,0,0,0,0,0,0.000000,0.000000,0.000000
20260518_094954,2026-05-18 09:55:35,312,0.8527,1,500,120,100,20,4,20,20,527,168,72,13896.782227,-4348.878562,3491.849121,1897.745361,0.000000,0.000000,0.000000,0.000000,0.000000,0.000000,0.000000,0.000000,0,0,0,0,0,0.000000,0.000000,0.000000
20260518_094954,2026-05-18 09:55:37,313,0.9088,1,500,120,100,20,11,20,20,809,153,78,18067.382812,-4627.986751,3068.541748,2022.366400,0.000000,0.000000,0.000000,0.000000,0.000000,0.000000,0.000000,0.000000,0,0,0,0,0,0.000000,0.000000,0.000000
20260518_094954,2026-05-18 09:55:38,314,0.8531,1,500,120,100,20,7,20,20,567,241,83,13743.645996,-5220.025009,3072.169434,2073.222565,0.000000,0.000000,0.000000,0.000000,0.000000,0.000000,0.000000,0.000000,0,0,0,0,0,0.000000,0.000000,0.000000
20260518_094954,2026-05-18 09:55:39,315,0.8652,1,500,120,100,20,7,20,20,586,200,71,13809.438965,-4137.752940,3481.226562,1825.002005,0.000000,0.000000,0.000000,0.000000,0.000000,0.000000,0.000000,0.000000,0,0,0,0,0,0.000000,0.000000,0.000000
20260518_094954,2026-05-18 09:55:41,316,0.8692,1,500,120,100,20,10,20,20,615,132,71,13410.035645,-4140.160700,3695.894531,1877.483969,0.000000,0.000000,0.000000,0.000000,0.000000,0.000000,0.000000,0.000000,0,0,0,0,0,0.000000,0.000000,0.000000
20260518_094954,2026-05-18 09:55:42,317,0.8648,1,500,120,100,20,10,20,20,676,323,71,14668.587402,-4110.428116,4493.518555,1909.532523,0.000000,0.000000,0.000000,0.000000,0.000000,0.000000,0.000000,0.000000,0,0,0,0,0,0.000000,0.000000,0.000000
20260518_094954,2026-05-18 09:55:43,318,0.8581,1,500,120,100,20,9,20,20,685,352,82,12965.212402,-5017.866477,3084.745361,2076.331396,0.000000,0.000000,0.000000,0.000000,0.000000,0.000000,0.000000,0.000000,0,0,0,0,0,0.000000,0.000000,0.000000
20260518_094954,2026-05-18 09:55:44,319,0.8692,1,500,120,100,20,7,20,20,715,308,79,12621.802246,-4744.092368,3885.946777,2035.739838,0.000000,0.000000,0.000000,0.000000,0.000000,0.000000,0.000000,0.000000,0,0,0,0,0,0.000000,0.000000,0.000000
20260518_094954,2026-05-18 09:55:46,320,0.8826,1,500,120,100,20,12,20,20,903,539,72,15063.401855,-3930.279260,3887.074707,1930.582001,0.000000,0.000000,0.000000,0.000000,0.000000,0.000000,0.000000,0.000000,0,0,0,0,0,0.000000,0.000000,0.000000
20260518_094954,2026-05-18 09:55:47,321,0.9085,1,500,120,100,20,9,20,20,709,239,83,14118.182617,-5084.741955,3292.115723,2104.323358,0.000000,0.000000,0.000000,0.000000,0.000000,0.000000,0.000000,0.000000,0,0,0,0,0,0.000000,0.000000,0.000000
20260518_094954,2026-05-18 09:55:48,322,0.8400,1,500,120,100,20,6,20,20,522,269,84,13047.332031,-5383.045180,3279.864014,2099.413474,0.000000,0.000000,0.000000,0.000000,0.000000,0.000000,0.000000,0.000000,0,0,0,0,0,0.000000,0.000000,0.000000
20260518_094954,2026-05-18 09:55:50,323,0.8456,1,500,120,100,20,6,20,20,555,320,87,11806.336914,-5589.175310,3083.889893,2121.275580,0.000000,0.000000,0.000000,0.000000,0.000000,0.000000,0.000000,0.000000,0,0,0,0,0,0.000000,0.000000,0.000000
20260518_094954,2026-05-18 09:55:51,324,0.8588,1,500,120,100,20,8,20,20,733,420,98,16293.971191,-6430.070242,4470.586426,2261.003168,0.000000,0.000000,0.000000,0.000000,0.000000,0.000000,0.000000,0.000000,0,0,0,0,0,0.000000,0.000000,0.000000
20260518_094954,2026-05-18 09:55:52,325,0.8623,1,500,120,100,20,3,20,20,660,336,82,11994.379883,-5063.213396,3681.930176,2094.244965,0.000000,0.000000,0.000000,0.000000,0.000000,0.000000,0.000000,0.000000,0,0,0,0,0,0.000000,0.000000,0.000000
20260518_094954,2026-05-18 09:55:54,326,0.8458,1,500,120,100,20,4,20,20,703,224,104,17769.068359,-6978.679694,3078.801270,2316.072504,0.000000,0.000000,0.000000,0.000000,0.000000,0.000000,0.000000,0.000000,0,0,0,0,0,0.000000,0.000000,0.000000
20260518_094954,2026-05-18 09:55:55,327,0.8247,1,500,120,100,20,1,20,20,534,238,81,8643.075928,-5091.003063,3491.671875,2088.904181,0.000000,0.000000,0.000000,0.000000,0.000000,0.000000,0.000000,0.000000,0,0,0,0,0,0.000000,0.000000,0.000000
20260518_094954,2026-05-18 09:55:56,328,0.8669,1,500,120,100,20,9,20,20,674,211,87,14555.221191,-5499.069549,3274.265137,2117.175189,0.000000,0.000000,0.000000,0.000000,0.000000,0.000000,0.000000,0.000000,0,0,0,0,0,0.000000,0.000000,0.000000
20260518_094954,2026-05-18 09:55:58,329,0.9386,1,500,120,100,20,4,20,20,449,286,70,11883.374512,-4257.733006,3082.845215,1936.257883,0.000000,0.000000,0.000000,0.000000,0.000000,0.000000,0.000000,0.000000,0,0,0,0,0,0.000000,0.000000,0.000000
20260518_094954,2026-05-18 09:55:59,330,0.8727,1,500,120,100,20,5,20,20,608,296,98,12523.024414,-6484.419219,3908.186768,2183.997098,0.000000,0.000000,0.000000,0.000000,0.000000,0.000000,0.000000,0.000000,0,0,0,0,0,0.000000,0.000000,0.000000
20260518_094954,2026-05-18 09:56:00,331,0.8731,1,500,120,100,20,8,20,20,618,238,90,15193.493652,-5796.981529,3478.636230,2100.674225,0.000000,0.000000,0.000000,0.000000,0.000000,0.000000,0.000000,0.000000,0,0,0,0,0,0.000000,0.000000,0.000000
20260518_094954,2026-05-18 09:56:02,332,0.8464,1,500,120,100,20,13,20,20,757,314,86,15272.444336,-5234.329979,3083.655762,2109.966080,0.000000,0.000000,0.000000,0.000000,0.000000,0.000000,0.000000,0.000000,0,0,0,0,0,0.000000,0.000000,0.000000
20260518_094954,2026-05-18 09:56:03,333,0.8832,1,500,120,100,20,7,20,20,704,435,94,13375.790527,-6080.506301,3684.085938,2107.866165,0.000000,0.000000,0.000000,0.000000,0.000000,0.000000,0.000000,0.000000,0,0,0,0,0,0.000000,0.000000,0.000000
20260518_094954,2026-05-18 09:56:04,334,0.8847,1,500,120,100,20,8,20,20,638,347,93,14042.032227,-6059.002259,3480.194092,2155.192108,0.000000,0.000000,0.000000,0.000000,0.000000,0.000000,0.000000,0.000000,0,0,0,0,0,0.000000,0.000000,0.000000
20260518_094954,2026-05-18 09:56:06,335,0.8513,1,500,120,100,20,2,20,20,407,223,78,12379.591797,-5010.415951,4272.735352,1972.123303,0.000000,0.000000,0.000000,0.000000,0.000000,0.000000,0.000000,0.000000,0,0,0,0,0,0.000000,0.000000,0.000000
20260518_094954,2026-05-18 09:56:07,336,0.8614,1,500,120,100,20,5,20,20,518,233,81,17384.480469,-5133.052908,2682.489258,2043.329794,0.000000,0.000000,0.000000,0.000000,0.000000,0.000000,0.000000,0.000000,0,0,0,0,0,0.000000,0.000000,0.000000
20260518_094954,2026-05-18 09:56:08,337,0.8719,1,500,120,100,20,5,20,20,591,228,87,14179.216797,-5586.303980,3890.492432,2052.559418,0.000000,0.000000,0.000000,0.000000,0.000000,0.000000,0.000000,0.000000,0,0,0,0,0,0.000000,0.000000,0.000000
20260518_094954,2026-05-18 09:56:10,338,0.8585,1,500,120,100,20,4,20,20,568,193,97,15113.070312,-6456.439951,3887.543701,2186.575732,0.000000,0.000000,0.000000,0.000000,0.000000,0.000000,0.000000,0.000000,0,0,0,0,0,0.000000,0.000000,0.000000
20260518_094954,2026-05-18 09:56:11,339,0.8864,1,500,120,100,20,8,20,20,715,254,97,15782.509277,-6338.493145,4099.843750,2190.719470,0.000000,0.000000,0.000000,0.000000,0.000000,0.000000,0.000000,0.000000,0,0,0,0,0,0.000000,0.000000,0.000000
20260518_094954,2026-05-18 09:56:12,340,0.8671,1,500,120,100,20,3,20,20,507,210,93,13416.803711,-6162.340641,3893.230469,2199.522186,0.000000,0.000000,0.000000,0.000000,0.000000,0.000000,0.000000,0.000000,0,0,0,0,0,0.000000,0.000000,0.000000
20260518_094954,2026-05-18 09:56:14,341,0.8389,1,500,120,100,20,1,20,20,416,239,91,7622.099243,-6116.896954,3874.509033,2137.166522,0.000000,0.000000,0.000000,0.000000,0.000000,0.000000,0.000000,0.000000,0,0,0,0,0,0.000000,0.000000,0.000000
20260518_094954,2026-05-18 09:56:15,342,0.8484,1,500,120,100,20,2,20,20,633,250,96,14346.900391,-6347.674426,3084.150879,2197.655481,0.000000,0.000000,0.000000,0.000000,0.000000,0.000000,0.000000,0.000000,0,0,0,0,0,0.000000,0.000000,0.000000
20260518_094954,2026-05-18 09:56:16,343,0.9251,1,500,120,100,20,10,20,20,837,342,86,15306.734863,-5268.962314,4491.159180,2120.274597,0.000000,0.000000,0.000000,0.000000,0.000000,0.000000,0.000000,0.000000,0,0,0,0,0,0.000000,0.000000,0.000000
20260518_094954,2026-05-18 09:56:18,344,0.8769,1,500,120,100,20,14,20,20,989,245,70,19204.885742,-3683.089638,2873.721191,1951.347754,0.000000,0.000000,0.000000,0.000000,0.000000,0.000000,0.000000,0.000000,0,0,0,0,0,0.000000,0.000000,0.000000
20260518_094954,2026-05-18 09:56:19,345,0.8543,1,500,120,100,20,9,20,20,657,254,78,14694.462891,-4705.714024,3287.465088,2013.715259,0.000000,0.000000,0.000000,0.000000,0.000000,0.000000,0.000000,0.000000,0,0,0,0,0,0.000000,0.000000,0.000000
20260518_094954,2026-05-18 09:56:20,346,0.8936,1,500,120,100,20,11,20,20,668,209,72,15385.163574,-4192.479004,2917.288330,1962.326050,0.000000,0.000000,0.000000,0.000000,0.000000,0.000000,0.000000,0.000000,0,0,0,0,0,0.000000,0.000000,0.000000
20260518_094954,2026-05-18 09:56:22,347,0.8724,1,500,120,100,20,12,20,20,839,287,68,15235.596191,-3634.998438,3071.825928,1895.728506,0.000000,0.000000,0.000000,0.000000,0.000000,0.000000,0.000000,0.000000,0,0,0,0,0,0.000000,0.000000,0.000000
20260518_094954,2026-05-18 09:56:23,348,0.8077,1,500,120,100,20,13,20,20,630,223,63,13827.674316,-3424.434187,2495.328369,1864.465900,0.000000,0.000000,0.000000,0.000000,0.000000,0.000000,0.000000,0.000000,0,0,0,0,0,0.000000,0.000000,0.000000
20260518_094954,2026-05-18 09:56:24,349,0.9058,1,500,120,100,20,10,20,20,622,208,65,14852.737305,-3565.210280,4302.258301,1823.389758,0.000000,0.000000,0.000000,0.000000,0.000000,0.000000,0.000000,0.000000,0,0,0,0,0,0.000000,0.000000,0.000000
20260518_094954,2026-05-18 09:56:26,350,0.8618,1,500,120,100,20,10,20,20,716,256,70,17629.785156,-3983.264309,4496.243164,1924.412277,0.000000,0.000000,0.000000,0.000000,0.000000,0.000000,0.000000,0.000000,0,0,0,0,0,0.000000,0.000000,0.000000
20260518_094954,2026-05-18 09:56:27,351,0.8623,1,500,120,100,20,14,20,20,876,215,70,15318.664062,-3834.129029,3682.291260,1922.410916,0.000000,0.000000,0.000000,0.000000,0.000000,0.000000,0.000000,0.000000,0,0,0,0,0,0.000000,0.000000,0.000000
20260518_094954,2026-05-18 09:56:29,352,0.9156,1,500,120,100,20,7,20,20,655,243,57,14908.705566,-2893.336044,3694.399170,1749.289679,0.000000,0.000000,0.000000,0.000000,0.000000,0.000000,0.000000,0.000000,0,0,0,0,0,0.000000,0.000000,0.000000
20260518_094954,2026-05-18 09:56:30,353,0.8755,1,500,120,100,20,13,20,20,723,288,72,16480.777344,-4067.399847,3285.059082,1913.257474,0.000000,0.000000,0.000000,0.000000,0.000000,0.000000,0.000000,0.000000,0,0,0,0,0,0.000000,0.000000,0.000000
20260518_094954,2026-05-18 09:56:31,354,0.8618,1,500,120,100,20,13,20,20,862,255,65,15781.253906,-3352.469861,3071.107666,1901.153482,0.000000,0.000000,0.000000,0.000000,0.000000,0.000000,0.000000,0.000000,0,0,0,0,0,0.000000,0.000000,0.000000
20260518_094954,2026-05-18 09:56:33,355,0.8643,1,500,120,100,20,16,20,20,819,280,72,15415.168945,-4031.999216,4097.014648,1969.770889,0.000000,0.000000,0.000000,0.000000,0.000000,0.000000,0.000000,0.000000,0,0,0,0,0,0.000000,0.000000,0.000000
20260518_094954,2026-05-18 09:56:34,356,0.8636,1,500,120,100,20,10,20,20,704,259,67,16569.413574,-3669.719304,2685.444092,1870.649200,0.000000,0.000000,0.000000,0.000000,0.000000,0.000000,0.000000,0.000000,0,0,0,0,0,0.000000,0.000000,0.000000
20260518_094954,2026-05-18 09:56:35,357,0.8577,1,500,120,100,20,11,20,20,592,147,62,15171.297363,-3341.600628,3685.297363,1751.423584,0.000000,0.000000,0.000000,0.000000,0.000000,0.000000,0.000000,0.000000,0,0,0,0,0,0.000000,0.000000,0.000000
20260518_094954,2026-05-18 09:56:37,358,0.8500,1,500,120,100,20,9,20,20,591,188,59,14630.125977,-3056.319633,3082.791504,1741.576535,0.000000,0.000000,0.000000,0.000000,0.000000,0.000000,0.000000,0.000000,0,0,0,0,0,0.000000,0.000000,0.000000
20260518_094954,2026-05-18 09:56:38,359,0.8745,1,500,120,100,20,8,20,20,682,242,65,14385.980469,-3468.970869,3485.631836,1882.783075,0.000000,0.000000,0.000000,0.000000,0.000000,0.000000,0.000000,0.000000,0,0,0,0,0,0.000000,0.000000,0.000000
20260518_094954,2026-05-18 09:56:39,360,0.8591,1,500,120,100,20,9,20,20,706,150,59,16144.242188,-2939.775956,2884.904541,1862.561591,0.000000,0.000000,0.000000,0.000000,0.000000,0.000000,0.000000,0.000000,0,0,0,0,0,0.000000,0.000000,0.000000
20260518_094954,2026-05-18 09:56:41,361,0.8681,1,500,120,100,20,14,20,20,838,163,56,16753.585449,-2571.673129,2888.971680,1769.253256,0.000000,0.000000,0.000000,0.000000,0.000000,0.000000,0.000000,0.000000,0,0,0,0,0,0.000000,0.000000,0.000000
20260518_094954,2026-05-18 09:56:42,362,0.8641,1,500,120,100,20,14,20,20,748,165,65,16338.983398,-3459.136712,3088.634033,1876.834384,0.000000,0.000000,0.000000,0.000000,0.000000,0.000000,0.000000,0.000000,0,0,0,0,0,0.000000,0.000000,0.000000
20260518_094954,2026-05-18 09:56:44,363,0.8684,1,500,120,100,20,12,20,20,819,227,66,15741.625000,-3552.169895,3875.414551,1908.905334,0.000000,0.000000,0.000000,0.000000,0.000000,0.000000,0.000000,0.000000,0,0,0,0,0,0.000000,0.000000,0.000000
20260518_094954,2026-05-18 09:56:45,364,0.8402,1,500,120,100,20,7,20,20,553,166,72,14488.209473,-4302.141346,2873.084717,1976.916730,0.000000,0.000000,0.000000,0.000000,0.000000,0.000000,0.000000,0.000000,0,0,0,0,0,0.000000,0.000000,0.000000
20260518_094954,2026-05-18 09:56:46,365,0.8573,1,500,120,100,20,10,20,20,668,133,69,15780.508789,-3912.458030,2884.860596,1953.389801,0.000000,0.000000,0.000000,0.000000,0.000000,0.000000,0.000000,0.000000,0,0,0,0,0,0.000000,0.000000,0.000000
20260518_094954,2026-05-18 09:56:48,366,0.8546,1,500,120,100,20,9,20,20,628,140,59,15808.372070,-3056.384938,3081.461914,1860.944958,0.000000,0.000000,0.000000,0.000000,0.000000,0.000000,0.000000,0.000000,0,0,0,0,0,0.000000,0.000000,0.000000
20260518_094954,2026-05-18 09:56:49,367,0.8413,1,500,120,100,20,8,20,20,386,103,62,16364.124512,-3561.392452,2894.905762,1824.473212,0.000000,0.000000,0.000000,0.000000,0.000000,0.000000,0.000000,0.000000,0,0,0,0,0,0.000000,0.000000,0.000000
20260518_094954,2026-05-18 09:56:50,368,0.8600,1,500,120,100,20,10,20,20,699,222,68,16856.926270,-3835.004346,2889.046387,1948.180383,0.000000,0.000000,0.000000,0.000000,0.000000,0.000000,0.000000,0.000000,0,0,0,0,0,0.000000,0.000000,0.000000
20260518_094954,2026-05-18 09:56:52,369,0.8645,1,500,120,100,20,7,20,20,572,197,65,13034.407227,-3623.691555,2847.936279,1872.751947,0.000000,0.000000,0.000000,0.000000,0.000000,0.000000,0.000000,0.000000,0,0,0,0,0,0.000000,0.000000,0.000000
20260518_094954,2026-05-18 09:56:53,370,0.8487,1,500,120,100,20,8,20,20,664,264,88,14445.445312,-5546.302769,5304.779785,2104.867651,0.000000,0.000000,0.000000,0.000000,0.000000,0.000000,0.000000,0.000000,0,0,0,0,0,0.000000,0.000000,0.000000
20260518_094954,2026-05-18 09:56:55,371,0.8659,1,500,120,100,20,9,20,20,666,401,66,16483.247559,-3658.089784,3876.748291,1900.821042,0.000000,0.000000,0.000000,0.000000,0.000000,0.000000,0.000000,0.000000,0,0,0,0,0,0.000000,0.000000,0.000000
20260518_094954,2026-05-18 09:56:56,372,0.8708,1,500,120,100,20,22,20,20,924,478,70,16477.266113,-3672.051127,3274.445068,1977.057092,0.000000,0.000000,0.000000,0.000000,0.000000,0.000000,0.000000,0.000000,0,0,0,0,0,0.000000,0.000000,0.000000
20260518_094954,2026-05-18 09:56:57,373,0.8534,1,500,120,100,20,7,20,20,458,275,55,10648.163574,-2827.498929,3685.133545,1704.132404,0.000000,0.000000,0.000000,0.000000,0.000000,0.000000,0.000000,0.000000,0,0,0,0,0,0.000000,0.000000,0.000000
20260518_094954,2026-05-18 09:56:59,374,0.8565,1,500,120,100,20,15,20,20,662,327,74,14103.479980,-4298.453157,3296.050293,1971.783035,0.000000,0.000000,0.000000,0.000000,0.000000,0.000000,0.000000,0.000000,0,0,0,0,0,0.000000,0.000000,0.000000
20260518_094954,2026-05-18 09:57:00,375,0.8599,1,500,120,100,20,3,20,20,601,394,55,11527.249268,-2706.424655,2683.149902,1782.427155,0.000000,0.000000,0.000000,0.000000,0.000000,0.000000,0.000000,0.000000,0,0,0,0,0,0.000000,0.000000,0.000000
20260518_094954,2026-05-18 09:57:02,376,0.8527,1,500,120,100,20,13,20,20,739,273,69,15328.184082,-3773.688017,4688.352051,1955.183716,0.000000,0.000000,0.000000,0.000000,0.000000,0.000000,0.000000,0.000000,0,0,0,0,0,0.000000,0.000000,0.000000
20260518_094954,2026-05-18 09:57:03,377,0.8572,1,500,120,100,20,13,20,20,853,351,68,15760.739746,-3608.831860,3282.668457,1964.135358,0.000000,0.000000,0.000000,0.000000,0.000000,0.000000,0.000000,0.000000,0,0,0,0,0,0.000000,0.000000,0.000000
20260518_094954,2026-05-18 09:57:04,378,0.8395,1,500,120,100,20,9,20,20,596,197,75,16804.200195,-4494.945891,3072.760498,1999.978003,0.000000,0.000000,0.000000,0.000000,0.000000,0.000000,0.000000,0.000000,0,0,0,0,0,0.000000,0.000000,0.000000
20260518_094954,2026-05-18 09:57:06,379,0.8492,1,500,120,100,20,12,20,20,822,291,80,15643.785156,-4780.916999,3288.293457,2049.070648,0.000000,0.000000,0.000000,0.000000,0.000000,0.000000,0.000000,0.000000,0,0,0,0,0,0.000000,0.000000,0.000000
20260518_094954,2026-05-18 09:57:07,380,0.8479,1,500,120,100,20,14,20,20,830,377,66,15478.882812,-3428.065317,2692.700439,1918.207135,0.000000,0.000000,0.000000,0.000000,0.000000,0.000000,0.000000,0.000000,0,0,0,0,0,0.000000,0.000000,0.000000
20260518_094954,2026-05-18 09:57:09,381,0.8393,1,500,120,100,20,11,20,20,764,325,66,15724.429688,-3574.995201,2869.417969,1911.616034,0.000000,0.000000,0.000000,0.000000,0.000000,0.000000,0.000000,0.000000,0,0,0,0,0,0.000000,0.000000,0.000000
20260518_094954,2026-05-18 09:57:10,382,0.8602,1,500,120,100,20,19,20,20,980,396,66,17095.759766,-3266.644165,3287.730713,1938.978918,0.000000,0.000000,0.000000,0.000000,0.000000,0.000000,0.000000,0.000000,0,0,0,0,0,0.000000,0.000000,0.000000
20260518_094954,2026-05-18 09:57:11,383,0.8436,1,500,120,100,20,12,20,20,786,378,76,14204.412598,-4346.398742,3279.081787,1991.204047,0.000000,0.000000,0.000000,0.000000,0.000000,0.000000,0.000000,0.000000,0,0,0,0,0,0.000000,0.000000,0.000000
20260518_094954,2026-05-18 09:57:13,384,0.8442,1,500,120,100,20,17,20,20,950,468,71,15742.610352,-3802.790430,3693.677734,1991.018713,0.000000,0.000000,0.000000,0.000000,0.000000,0.000000,0.000000,0.000000,0,0,0,0,0,0.000000,0.000000,0.000000
20260518_094954,2026-05-18 09:57:14,385,0.8396,1,500,120,100,20,4,20,20,431,208,80,11754.896973,-5115.525429,4483.215332,2046.830878,0.000000,0.000000,0.000000,0.000000,0.000000,0.000000,0.000000,0.000000,0,0,0,0,0,0.000000,0.000000,0.000000
20260518_094954,2026-05-18 09:57:15,386,0.8334,1,500,120,100,20,6,20,20,503,234,78,14970.951660,-4858.013795,3068.504150,2025.378177,0.000000,0.000000,0.000000,0.000000,0.000000,0.000000,0.000000,0.000000,0,0,0,0,0,0.000000,0.000000,0.000000
20260518_094954,2026-05-18 09:57:17,387,0.8717,1,500,120,100,20,10,20,20,859,382,73,15469.431152,-4065.404639,4092.304443,1993.343744,0.000000,0.000000,0.000000,0.000000,0.000000,0.000000,0.000000,0.000000,0,0,0,0,0,0.000000,0.000000,0.000000
20260518_094954,2026-05-18 09:57:18,388,0.8781,1,500,120,100,20,10,20,20,580,325,65,12372.222656,-3616.091927,3487.779785,1846.624268,0.000000,0.000000,0.000000,0.000000,0.000000,0.000000,0.000000,0.000000,0,0,0,0,0,0.000000,0.000000,0.000000
20260518_094954,2026-05-18 09:57:20,389,0.8472,1,500,120,100,20,6,20,20,541,213,73,14646.190918,-4360.173454,4082.878174,1896.939816,0.000000,0.000000,0.000000,0.000000,0.000000,0.000000,0.000000,0.000000,0,0,0,0,0,0.000000,0.000000,0.000000
20260518_094954,2026-05-18 09:57:21,390,0.8568,1,500,120,100,20,8,20,20,636,227,66,14049.166016,-3663.206942,3288.423828,1850.630930,0.000000,0.000000,0.000000,0.000000,0.000000,0.000000,0.000000,0.000000,0,0,0,0,0,0.000000,0.000000,0.000000
20260518_094954,2026-05-18 09:57:23,391,0.9214,1,500,120,100,20,14,20,20,842,292,68,15185.256836,-3571.030902,3685.723877,1860.597879,0.000000,0.000000,0.000000,0.000000,0.000000,0.000000,0.000000,0.000000,0,0,0,0,0,0.000000,0.000000,0.000000
20260518_094954,2026-05-18 09:57:24,392,0.8718,1,500,120,100,20,12,20,20,788,311,62,16308.903809,-3174.252777,2492.601807,1870.689655,0.000000,0.000000,0.000000,0.000000,0.000000,0.000000,0.000000,0.000000,0,0,0,0,0,0.000000,0.000000,0.000000
20260518_094954,2026-05-18 09:57:25,393,0.8491,1,500,120,100,20,6,20,20,462,243,85,16288.863281,-5472.817744,4186.162109,2010.806589,0.000000,0.000000,0.000000,0.000000,0.000000,0.000000,0.000000,0.000000,0,0,0,0,0,0.000000,0.000000,0.000000
20260518_094954,2026-05-18 09:57:27,394,0.9229,1,500,120,100,20,16,20,20,879,305,67,15451.863770,-3455.915629,3288.778076,1894.762433,0.000000,0.000000,0.000000,0.000000,0.000000,0.000000,0.000000,0.000000,0,0,0,0,0,0.000000,0.000000,0.000000
20260518_094954,2026-05-18 09:57:28,395,0.8537,1,500,120,100,20,5,20,20,526,235,62,12844.119141,-3412.103404,2870.366699,1898.199548,0.000000,0.000000,0.000000,0.000000,0.000000,0.000000,0.000000,0.000000,0,0,0,0,0,0.000000,0.000000,0.000000
20260518_094954,2026-05-18 09:57:30,396,0.8453,1,500,120,100,20,6,20,20,676,314,78,16324.230469,-4664.145511,4687.908203,2051.374890,0.000000,0.000000,0.000000,0.000000,0.000000,0.000000,0.000000,0.000000,0,0,0,0,0,0.000000,0.000000,0.000000
20260518_094954,2026-05-18 09:57:31,397,0.8521,1,500,120,100,20,8,20,20,637,303,70,13260.033691,-4032.328841,3079.531982,1959.736151,0.000000,0.000000,0.000000,0.000000,0.000000,0.000000,0.000000,0.000000,0,0,0,0,0,0.000000,0.000000,0.000000
20260518_094954,2026-05-18 09:57:33,398,0.8778,1,500,120,100,20,13,20,20,716,349,52,15308.063965,-2257.382902,3095.775879,1783.710992,0.000000,0.000000,0.000000,0.000000,0.000000,0.000000,0.000000,0.000000,0,0,0,0,0,0.000000,0.000000,0.000000
20260518_094954,2026-05-18 09:57:34,399,0.8918,1,500,120,100,20,11,20,20,646,332,61,13448.834473,-3147.261022,2683.945557,1852.682944,0.000000,0.000000,0.000000,0.000000,0.000000,0.000000,0.000000,0.000000,0,0,0,0,0,0.000000,0.000000,0.000000
20260518_094954,2026-05-18 09:57:35,400,0.8575,1,500,120,100,20,19,20,20,958,520,69,16262.903809,-3502.871660,3277.215576,1968.228406,0.000000,0.000000,0.000000,0.000000,0.000000,0.000000,0.000000,0.000000,0,0,0,0,0,0.000000,0.000000,0.000000
20260518_094954,2026-05-18 09:57:37,401,0.8585,1,500,120,100,20,15,20,20,980,395,76,16566.846191,-4165.397675,3678.576172,2035.644073,0.000000,0.000000,0.000000,0.000000,0.000000,0.000000,0.000000,0.000000,0,0,0,0,0,0.000000,0.000000,0.000000
20260518_094954,2026-05-18 09:57:38,402,0.8406,1,500,120,100,20,14,20,20,800,392,78,16366.645996,-4559.121937,3075.832031,2043.591956,0.000000,0.000000,0.000000,0.000000,0.000000,0.000000,0.000000,0.000000,0,0,0,0,0,0.000000,0.000000,0.000000
20260518_094954,2026-05-18 09:57:40,403,0.8515,1,500,120,100,20,9,20,20,716,317,84,13819.057129,-5154.385903,3288.287109,2022.268024,0.000000,0.000000,0.000000,0.000000,0.000000,0.000000,0.000000,0.000000,0,0,0,0,0,0.000000,0.000000,0.000000
20260518_094954,2026-05-18 09:57:41,404,0.8969,1,500,120,100,20,9,20,20,654,306,66,14632.725586,-3592.204158,4091.881348,1861.106815,0.000000,0.000000,0.000000,0.000000,0.000000,0.000000,0.000000,0.000000,0,0,0,0,0,0.000000,0.000000,0.000000
20260518_094954,2026-05-18 09:57:43,405,0.8688,1,500,120,100,20,15,20,20,860,320,57,14834.335449,-2593.467779,2908.649902,1802.128308,0.000000,0.000000,0.000000,0.000000,0.000000,0.000000,0.000000,0.000000,0,0,0,0,0,0.000000,0.000000,0.000000
20260518_094954,2026-05-18 09:57:44,406,0.8513,1,500,120,100,20,8,20,20,727,382,53,15757.132324,-2347.371640,3885.943359,1690.053992,0.000000,0.000000,0.000000,0.000000,0.000000,0.000000,0.000000,0.000000,0,0,0,0,0,0.000000,0.000000,0.000000
20260518_094954,2026-05-18 09:57:45,407,0.9037,1,500,120,100,20,12,20,20,1030,564,62,16821.911133,-2756.141837,2690.535645,1875.605042,0.000000,0.000000,0.000000,0.000000,0.000000,0.000000,0.000000,0.000000,0,0,0,0,0,0.000000,0.000000,0.000000
20260518_094954,2026-05-18 09:57:47,408,0.8658,1,500,120,100,20,26,20,20,1303,623,75,17013.796875,-3726.621513,3500.632568,2006.315918,0.000000,0.000000,0.000000,0.000000,0.000000,0.000000,0.000000,0.000000,0,0,0,0,0,0.000000,0.000000,0.000000
20260518_094954,2026-05-18 09:57:48,409,0.8383,1,500,120,100,20,15,20,20,933,539,73,16885.293457,-3963.628608,3287.228027,1978.731976,0.000000,0.000000,0.000000,0.000000,0.000000,0.000000,0.000000,0.000000,0,0,0,0,0,0.000000,0.000000,0.000000
20260518_094954,2026-05-18 09:57:50,410,0.8456,1,500,120,100,20,13,20,20,853,478,78,13061.430664,-4496.215129,3891.680908,2060.810730,0.000000,0.000000,0.000000,0.000000,0.000000,0.000000,0.000000,0.000000,0,0,0,0,0,0.000000,0.000000,0.000000
20260518_094954,2026-05-18 09:57:51,411,0.8651,1,500,120,100,20,16,20,20,1258,646,72,16465.816406,-3534.932502,3087.713867,1955.577228,0.000000,0.000000,0.000000,0.000000,0.000000,0.000000,0.000000,0.000000,0,0,0,0,0,0.000000,0.000000,0.000000
20260518_094954,2026-05-18 09:57:53,412,0.8614,1,500,120,100,20,15,20,20,932,514,69,14795.330078,-3572.011001,3297.341797,1889.907617,0.000000,0.000000,0.000000,0.000000,0.000000,0.000000,0.000000,0.000000,0,0,0,0,0,0.000000,0.000000,0.000000
20260518_094954,2026-05-18 09:57:54,413,0.8709,1,500,120,100,20,16,20,20,930,592,70,12739.600586,-3665.219653,4304.501465,1958.429715,0.000000,0.000000,0.000000,0.000000,0.000000,0.000000,0.000000,0.000000,0,0,0,0,0,0.000000,0.000000,0.000000
20260518_094954,2026-05-18 09:57:56,414,0.8620,1,500,120,100,20,24,20,20,1120,703,62,16641.699707,-2745.820505,3715.745117,1889.794611,0.000000,0.000000,0.000000,0.000000,0.000000,0.000000,0.000000,0.000000,0,0,0,0,0,0.000000,0.000000,0.000000
20260518_094954,2026-05-18 09:57:57,415,0.8748,1,500,120,100,20,20,20,20,963,548,64,15862.041992,-3074.418777,3489.221191,1893.263867,0.000000,0.000000,0.000000,0.000000,0.000000,0.000000,0.000000,0.000000,0,0,0,0,0,0.000000,0.000000,0.000000
20260518_094954,2026-05-18 09:57:59,416,0.8584,1,500,120,100,20,12,20,20,892,527,60,20481.657715,-2860.194732,3084.005371,1830.303125,0.000000,0.000000,0.000000,0.000000,0.000000,0.000000,0.000000,0.000000,0,0,0,0,0,0.000000,0.000000,0.000000
20260518_094954,2026-05-18 09:58:00,417,0.9117,1,500,120,100,20,14,20,20,855,393,82,15288.008789,-4903.675598,4888.006836,2059.794891,0.000000,0.000000,0.000000,0.000000,0.000000,0.000000,0.000000,0.000000,0,0,0,0,0,0.000000,0.000000,0.000000
20260518_094954,2026-05-18 09:58:02,418,0.8639,1,500,120,100,20,17,20,20,844,401,58,14594.838379,-2702.746749,2699.140869,1801.104224,0.000000,0.000000,0.000000,0.000000,0.000000,0.000000,0.000000,0.000000,0,0,0,0,0,0.000000,0.000000,0.000000
20260518_094954,2026-05-18 09:58:03,419,0.8493,1,500,120,100,20,13,20,20,747,384,61,15486.456055,-3075.286114,3089.400635,1784.535324,0.000000,0.000000,0.000000,0.000000,0.000000,0.000000,0.000000,0.000000,0,0,0,0,0,0.000000,0.000000,0.000000
20260518_094954,2026-05-18 09:58:05,420,0.9313,1,500,120,100,20,25,20,20,1233,630,59,18111.259277,-2363.169705,3099.468994,1866.002936,0.000000,0.000000,0.000000,0.000000,0.000000,0.000000,0.000000,0.000000,0,0,0,0,0,0.000000,0.000000,0.000000
20260518_094954,2026-05-18 09:58:06,421,0.8421,1,500,120,100,20,8,20,20,596,234,75,14794.447266,-4448.488220,3678.988281,2007.837604,0.000000,0.000000,0.000000,0.000000,0.000000,0.000000,0.000000,0.000000,0,0,0,0,0,0.000000,0.000000,0.000000
20260518_094954,2026-05-18 09:58:07,422,0.8451,1,500,120,100,20,7,20,20,575,297,61,15784.037109,-3254.828970,4288.293945,1818.129172,0.000000,0.000000,0.000000,0.000000,0.000000,0.000000,0.000000,0.000000,0,0,0,0,0,0.000000,0.000000,0.000000
20260518_094954,2026-05-18 09:58:09,423,0.8712,1,500,120,100,20,10,20,20,600,286,62,13720.690430,-3280.088681,3085.162842,1817.910168,0.000000,0.000000,0.000000,0.000000,0.000000,0.000000,0.000000,0.000000,0,0,0,0,0,0.000000,0.000000,0.000000
20260518_094954,2026-05-18 09:58:10,424,0.8634,1,500,120,100,20,19,20,20,1017,458,59,16889.964844,-2659.164689,3903.689697,1801.037912,0.000000,0.000000,0.000000,0.000000,0.000000,0.000000,0.000000,0.000000,0,0,0,0,0,0.000000,0.000000,0.000000
20260518_094954,2026-05-18 09:58:12,425,0.8440,1,500,120,100,20,4,20,20,457,246,64,10515.977539,-3667.886280,3847.190918,1825.114148,0.000000,0.000000,0.000000,0.000000,0.000000,0.000000,0.000000,0.000000,0,0,0,0,0,0.000000,0.000000,0.000000
20260518_094954,2026-05-18 09:58:13,426,0.8579,1,500,120,100,20,7,20,20,432,232,54,13220.000000,-2756.113020,2886.837402,1715.493045,0.000000,0.000000,0.000000,0.000000,0.000000,0.000000,0.000000,0.000000,0,0,0,0,0,0.000000,0.000000,0.000000
20260518_094954,2026-05-18 09:58:15,427,0.8830,1,500,120,100,20,11,20,20,730,328,50,13988.207031,-2101.018281,3285.536865,1679.087912,0.000000,0.000000,0.000000,0.000000,0.000000,0.000000,0.000000,0.000000,0,0,0,0,0,0.000000,0.000000,0.000000
20260518_094954,2026-05-18 09:58:16,428,0.9301,1,500,120,100,20,5,20,20,455,207,68,12290.674805,-3961.514452,3886.406250,1858.303137,0.000000,0.000000,0.000000,0.000000,0.000000,0.000000,0.000000,0.000000,0,0,0,0,0,0.000000,0.000000,0.000000
20260518_094954,2026-05-18 09:58:18,429,0.8869,1,500,120,100,20,17,20,20,886,377,77,16282.856445,-4387.484918,3308.523193,2049.589679,0.000000,0.000000,0.000000,0.000000,0.000000,0.000000,0.000000,0.000000,0,0,0,0,0,0.000000,0.000000,0.000000
20260518_094954,2026-05-18 09:58:20,430,0.9691,1,500,120,100,20,13,20,20,856,481,72,15254.903809,-3968.536631,3895.864502,1987.301154,0.000000,0.000000,0.000000,0.000000,0.000000,0.000000,0.000000,0.000000,0,0,0,0,0,0.000000,0.000000,0.000000
20260518_094954,2026-05-18 09:58:21,431,0.9020,1,500,120,100,20,5,20,20,550,287,86,11303.096436,-5460.876775,3647.000977,2076.973331,0.000000,0.000000,0.000000,0.000000,0.000000,0.000000,0.000000,0.000000,0,0,0,0,0,0.000000,0.000000,0.000000
20260518_094954,2026-05-18 09:58:23,432,0.9022,1,500,120,100,20,12,20,20,672,299,54,13940.527832,-2554.143356,3491.632080,1761.860373,0.000000,0.000000,0.000000,0.000000,0.000000,0.000000,0.000000,0.000000,0,0,0,0,0,0.000000,0.000000,0.000000
20260518_094954,2026-05-18 09:58:24,433,0.9094,1,500,120,100,20,12,20,20,788,395,75,15817.695801,-4229.881595,3296.671875,2008.682446,0.000000,0.000000,0.000000,0.000000,0.000000,0.000000,0.000000,0.000000,0,0,0,0,0,0.000000,0.000000,0.000000
20260518_094954,2026-05-18 09:58:26,434,0.8970,1,500,120,100,20,4,20,20,602,371,55,13642.569336,-2656.395994,4101.649902,1691.870886,0.000000,0.000000,0.000000,0.000000,0.000000,0.000000,0.000000,0.000000,0,0,0,0,0,0.000000,0.000000,0.000000
20260518_094954,2026-05-18 09:58:28,435,0.9204,1,500,120,100,20,9,20,20,917,519,76,14003.283203,-4135.051404,3880.477783,1996.300220,0.000000,0.000000,0.000000,0.000000,0.000000,0.000000,0.000000,0.000000,0,0,0,0,0,0.000000,0.000000,0.000000
20260518_094954,2026-05-18 09:58:29,436,0.9043,1,500,120,100,20,10,20,20,658,374,62,14553.588379,-3197.797195,4100.618164,1800.227740,0.000000,0.000000,0.000000,0.000000,0.000000,0.000000,0.000000,0.000000,0,0,0,0,0,0.000000,0.000000,0.000000
20260518_094954,2026-05-18 09:58:31,437,0.8966,1,500,120,100,20,4,20,20,529,241,66,14546.831055,-3722.527908,3481.833008,1841.246286,0.000000,0.000000,0.000000,0.000000,0.000000,0.000000,0.000000,0.000000,0,0,0,0,0,0.000000,0.000000,0.000000
20260518_094954,2026-05-18 09:58:32,438,0.8903,1,500,120,100,20,6,20,20,536,196,53,14420.806641,-2590.163992,3073.674072,1744.400153,0.000000,0.000000,0.000000,0.000000,0.000000,0.000000,0.000000,0.000000,0,0,0,0,0,0.000000,0.000000,0.000000
20260518_094954,2026-05-18 09:58:34,439,0.9028,1,500,120,100,20,5,20,20,457,185,48,12352.514648,-2209.177135,3300.463135,1553.259811,0.000000,0.000000,0.000000,0.000000,0.000000,0.000000,0.000000,0.000000,0,0,0,0,0,0.000000,0.000000,0.000000
20260518_094954,2026-05-18 09:58:35,440,0.8657,1,500,120,100,20,9,20,20,683,291,68,14065.118164,-3721.299936,3277.892334,1826.395038,0.000000,0.000000,0.000000,0.000000,0.000000,0.000000,0.000000,0.000000,0,0,0,0,0,0.000000,0.000000,0.000000
20260518_094954,2026-05-18 09:58:37,441,0.9154,1,500,120,100,20,9,20,20,487,200,58,15409.016113,-3106.629992,3088.908447,1812.512299,0.000000,0.000000,0.000000,0.000000,0.000000,0.000000,0.000000,0.000000,0,0,0,0,0,0.000000,0.000000,0.000000
20260518_094954,2026-05-18 09:58:38,442,0.8448,1,500,120,100,20,5,20,20,659,345,86,13433.794922,-5367.296507,3680.628418,2112.765613,0.000000,0.000000,0.000000,0.000000,0.000000,0.000000,0.000000,0.000000,0,0,0,0,0,0.000000,0.000000,0.000000
20260518_094954,2026-05-18 09:58:40,443,0.8571,1,500,120,100,20,13,20,20,794,372,67,17731.377930,-3608.297236,2861.805420,1910.276700,0.000000,0.000000,0.000000,0.000000,0.000000,0.000000,0.000000,0.000000,0,0,0,0,0,0.000000,0.000000,0.000000
20260518_094954,2026-05-18 09:58:41,444,0.8898,1,500,120,100,20,5,20,20,544,324,63,13019.092773,-3447.028965,2878.000732,1825.219260,0.000000,0.000000,0.000000,0.000000,0.000000,0.000000,0.000000,0.000000,0,0,0,0,0,0.000000,0.000000,0.000000
20260518_094954,2026-05-18 09:58:43,445,0.9608,1,500,120,100,20,9,20,20,681,425,57,13053.532227,-2754.694827,3299.190674,1732.247086,0.000000,0.000000,0.000000,0.000000,0.000000,0.000000,0.000000,0.000000,0,0,0,0,0,0.000000,0.000000,0.000000
20260518_094954,2026-05-18 09:58:45,446,0.8954,1,500,120,100,20,8,20,20,773,437,84,16312.697754,-5039.642481,3685.520752,2123.787878,0.000000,0.000000,0.000000,0.000000,0.000000,0.000000,0.000000,0.000000,0,0,0,0,0,0.000000,0.000000,0.000000
20260518_094954,2026-05-18 09:58:46,447,0.8575,1,500,120,100,20,14,20,20,930,491,69,16080.346191,-3556.522576,3089.763916,1950.502625,0.000000,0.000000,0.000000,0.000000,0.000000,0.000000,0.000000,0.000000,0,0,0,0,0,0.000000,0.000000,0.000000
20260518_094954,2026-05-18 09:58:48,448,0.8740,1,500,120,100,20,21,20,20,1077,488,54,13767.670410,-2076.444385,2488.469482,1734.871271,0.000000,0.000000,0.000000,0.000000,0.000000,0.000000,0.000000,0.000000,0,0,0,0,0,0.000000,0.000000,0.000000
20260518_094954,2026-05-18 09:58:49,449,0.8591,1,500,120,100,20,7,20,20,650,355,57,14407.845703,-2747.966683,2680.899658,1805.899847,0.000000,0.000000,0.000000,0.000000,0.000000,0.000000,0.000000,0.000000,0,0,0,0,0,0.000000,0.000000,0.000000
20260518_094954,2026-05-18 09:58:51,450,0.8495,1,500,120,100,20,6,20,20,787,357,70,14650.596680,-3802.060561,2885.637695,1954.195798,0.000000,0.000000,0.000000,0.000000,0.000000,0.000000,0.000000,0.000000,0,0,0,0,0,0.000000,0.000000,0.000000
20260518_094954,2026-05-18 09:58:52,451,0.8572,1,500,120,100,20,15,20,20,863,443,64,12632.236816,-3193.899896,3084.954590,1919.434839,0.000000,0.000000,0.000000,0.000000,0.000000,0.000000,0.000000,0.000000,0,0,0,0,0,0.000000,0.000000,0.000000
20260518_094954,2026-05-18 09:58:54,452,0.8607,1,500,120,100,20,15,20,20,765,319,51,12808.875977,-2142.923313,3494.841553,1740.920862,0.000000,0.000000,0.000000,0.000000,0.000000,0.000000,0.000000,0.000000,0,0,0,0,0,0.000000,0.000000,0.000000
20260518_094954,2026-05-18 09:58:55,453,0.8556,1,500,120,100,20,8,20,20,680,315,61,17317.404785,-3132.796982,4480.022461,1814.230569,0.000000,0.000000,0.000000,0.000000,0.000000,0.000000,0.000000,0.000000,0,0,0,0,0,0.000000,0.000000,0.000000
20260518_094954,2026-05-18 09:58:57,454,0.8489,1,500,120,100,20,11,20,20,745,357,66,15623.166016,-3504.539364,4485.241211,1915.824991,0.000000,0.000000,0.000000,0.000000,0.000000,0.000000,0.000000,0.000000,0,0,0,0,0,0.000000,0.000000,0.000000
20260518_094954,2026-05-18 09:58:58,455,0.8699,1,500,120,100,20,12,20,20,719,396,64,15308.822754,-3359.463465,4105.062500,1913.260974,0.000000,0.000000,0.000000,0.000000,0.000000,0.000000,0.000000,0.000000,0,0,0,0,0,0.000000,0.000000,0.000000
20260518_094954,2026-05-18 09:59:00,456,0.8931,1,500,120,100,20,4,20,20,606,373,69,11979.017578,-3887.240606,2685.000732,1968.670154,0.000000,0.000000,0.000000,0.000000,0.000000,0.000000,0.000000,0.000000,0,0,0,0,0,0.000000,0.000000,0.000000
20260518_094954,2026-05-18 09:59:01,457,0.8531,1,500,120,100,20,11,20,20,720,283,90,16048.107910,-5631.124471,4873.124512,2113.716879,0.000000,0.000000,0.000000,0.000000,0.000000,0.000000,0.000000,0.000000,0,0,0,0,0,0.000000,0.000000,0.000000
20260518_094954,2026-05-18 09:59:03,458,0.8492,1,500,120,100,20,17,20,20,904,403,72,14152.172852,-3834.271977,3483.377930,1975.849121,0.000000,0.000000,0.000000,0.000000,0.000000,0.000000,0.000000,0.000000,0,0,0,0,0,0.000000,0.000000,0.000000
20260518_094954,2026-05-18 09:59:04,459,0.8210,1,500,120,100,20,6,20,20,538,301,63,11815.067383,-3429.321521,3686.531982,1858.782501,0.000000,0.000000,0.000000,0.000000,0.000000,0.000000,0.000000,0.000000,0,0,0,0,0,0.000000,0.000000,0.000000
20260518_094954,2026-05-18 09:59:06,460,0.8267,1,500,120,100,20,9,20,20,660,209,68,16465.983887,-3863.781638,3296.729248,1954.560419,0.000000,0.000000,0.000000,0.000000,0.000000,0.000000,0.000000,0.000000,0,0,0,0,0,0.000000,0.000000,0.000000
20260518_094954,2026-05-18 09:59:07,461,0.8502,1,500,120,100,20,15,20,20,792,277,58,15228.882324,-2769.842354,3081.586426,1794.352515,0.000000,0.000000,0.000000,0.000000,0.000000,0.000000,0.000000,0.000000,0,0,0,0,0,0.000000,0.000000,0.000000
20260518_094954,2026-05-18 09:59:09,462,0.8376,1,500,120,100,20,11,20,20,830,453,84,15285.040039,-4985.218382,4495.304688,2070.107925,0.000000,0.000000,0.000000,0.000000,0.000000,0.000000,0.000000,0.000000,0,0,0,0,0,0.000000,0.000000,0.000000
20260518_094954,2026-05-18 09:59:10,463,0.8230,1,500,120,100,20,10,20,20,571,279,74,12874.795898,-4434.864833,4290.585449,1976.240051,0.000000,0.000000,0.000000,0.000000,0.000000,0.000000,0.000000,0.000000,0,0,0,0,0,0.000000,0.000000,0.000000
20260518_094954,2026-05-18 09:59:12,464,0.8419,1,500,120,100,20,18,20,20,772,324,88,15337.330078,-5466.197067,4079.894043,2156.947284,0.000000,0.000000,0.000000,0.000000,0.000000,0.000000,0.000000,0.000000,0,0,0,0,0,0.000000,0.000000,0.000000
20260518_094954,2026-05-18 09:59:13,465,0.8377,1,500,120,100,20,11,20,20,823,296,88,18541.500000,-5449.696671,4676.238770,2135.200043,0.000000,0.000000,0.000000,0.000000,0.000000,0.000000,0.000000,0.000000,0,0,0,0,0,0.000000,0.000000,0.000000
20260518_094954,2026-05-18 09:59:15,466,0.8335,1,500,120,100,20,11,20,20,772,245,82,15567.748535,-4923.765079,3066.551025,2072.965057,0.000000,0.000000,0.000000,0.000000,0.000000,0.000000,0.000000,0.000000,0,0,0,0,0,0.000000,0.000000,0.000000
20260518_094954,2026-05-18 09:59:17,467,0.8991,1,500,120,100,20,16,20,20,938,333,69,16567.548340,-3664.708439,3070.408691,1965.071106,0.000000,0.000000,0.000000,0.000000,0.000000,0.000000,0.000000,0.000000,0,0,0,0,0,0.000000,0.000000,0.000000
20260518_094954,2026-05-18 09:59:18,468,0.8679,1,500,120,100,20,17,20,20,869,311,64,16430.220215,-3254.218825,3075.948975,1914.976215,0.000000,0.000000,0.000000,0.000000,0.000000,0.000000,0.000000,0.000000,0,0,0,0,0,0.000000,0.000000,0.000000
20260518_094954,2026-05-18 09:59:20,469,0.8488,1,500,120,100,20,8,20,20,670,278,71,14261.351074,-4087.164530,3267.131592,1970.011847,0.000000,0.000000,0.000000,0.000000,0.000000,0.000000,0.000000,0.000000,0,0,0,0,0,0.000000,0.000000,0.000000
20260518_094954,2026-05-18 09:59:21,470,0.8531,1,500,120,100,20,7,20,20,719,410,81,14553.114258,-4893.200645,4081.668213,2021.020886,0.000000,0.000000,0.000000,0.000000,0.000000,0.000000,0.000000,0.000000,0,0,0,0,0,0.000000,0.000000,0.000000
20260518_094954,2026-05-18 09:59:23,471,0.8807,1,500,120,100,20,11,20,20,768,356,73,12877.005371,-4138.243990,3278.467041,1976.849792,0.000000,0.000000,0.000000,0.000000,0.000000,0.000000,0.000000,0.000000,0,0,0,0,0,0.000000,0.000000,0.000000
20260518_094954,2026-05-18 09:59:24,472,0.8312,1,500,120,100,20,10,20,20,749,350,86,14669.575684,-5323.493704,4669.577148,2085.966632,0.000000,0.000000,0.000000,0.000000,0.000000,0.000000,0.000000,0.000000,0,0,0,0,0,0.000000,0.000000,0.000000
20260518_094954,2026-05-18 09:59:26,473,0.8244,1,500,120,100,20,4,20,20,536,218,77,13893.519531,-4722.985069,2876.870117,1945.848642,0.000000,0.000000,0.000000,0.000000,0.000000,0.000000,0.000000,0.000000,0,0,0,0,0,0.000000,0.000000,0.000000
20260518_094954,2026-05-18 09:59:27,474,0.8326,1,500,120,100,20,5,20,20,555,237,80,13385.278320,-4952.205134,3090.098389,2000.694928,0.000000,0.000000,0.000000,0.000000,0.000000,0.000000,0.000000,0.000000,0,0,0,0,0,0.000000,0.000000,0.000000
20260518_094954,2026-05-18 09:59:29,475,0.8316,1,500,120,100,20,7,20,20,687,322,76,11087.631836,-4480.024307,2896.015625,1966.202115,0.000000,0.000000,0.000000,0.000000,0.000000,0.000000,0.000000,0.000000,0,0,0,0,0,0.000000,0.000000,0.000000
20260518_094954,2026-05-18 09:59:30,476,0.8272,1,500,120,100,20,5,20,20,555,279,75,13344.661621,-4591.365795,2893.774414,1980.974817,0.000000,0.000000,0.000000,0.000000,0.000000,0.000000,0.000000,0.000000,0,0,0,0,0,0.000000,0.000000,0.000000
20260518_094954,2026-05-18 09:59:32,477,0.8652,1,500,120,100,20,23,20,20,1051,469,59,17614.200195,-2601.793141,2691.158936,1868.656677,0.000000,0.000000,0.000000,0.000000,0.000000,0.000000,0.000000,0.000000,0,0,0,0,0,0.000000,0.000000,0.000000
20260518_094954,2026-05-18 09:59:34,478,0.8536,1,500,120,100,20,16,20,20,854,368,66,17266.326660,-3439.017433,3285.487549,1891.599298,0.000000,0.000000,0.000000,0.000000,0.000000,0.000000,0.000000,0.000000,0,0,0,0,0,0.000000,0.000000,0.000000
20260518_094954,2026-05-18 09:59:35,479,0.8865,1,500,120,100,20,21,20,20,990,501,69,16858.094727,-3515.530504,3078.495605,1942.679721,0.000000,0.000000,0.000000,0.000000,0.000000,0.000000,0.000000,0.000000,0,0,0,0,0,0.000000,0.000000,0.000000
20260518_094954,2026-05-18 09:59:37,480,0.8766,1,500,120,100,20,14,20,20,979,348,56,18835.302246,-2409.918572,2685.844727,1788.786957,0.000000,0.000000,0.000000,0.000000,0.000000,0.000000,0.000000,0.000000,0,0,0,0,0,0.000000,0.000000,0.000000
20260518_094954,2026-05-18 09:59:38,481,0.8535,1,500,120,100,20,16,20,20,902,509,75,15474.041992,-4172.052863,3876.411865,2006.676505,0.000000,0.000000,0.000000,0.000000,0.000000,0.000000,0.000000,0.000000,0,0,0,0,0,0.000000,0.000000,0.000000
20260518_094954,2026-05-18 09:59:40,482,0.8578,1,500,120,100,20,4,20,20,470,283,45,13195.204102,-1957.637805,3688.018799,1667.290891,0.000000,0.000000,0.000000,0.000000,0.000000,0.000000,0.000000,0.000000,0,0,0,0,0,0.000000,0.000000,0.000000
20260518_094954,2026-05-18 09:59:42,483,0.9149,1,500,120,100,20,14,20,20,827,462,72,15843.195312,-3904.896421,3493.315186,1963.833533,0.000000,0.000000,0.000000,0.000000,0.000000,0.000000,0.000000,0.000000,0,0,0,0,0,0.000000,0.000000,0.000000
20260518_094954,2026-05-18 09:59:43,484,0.8440,1,500,120,100,20,12,20,20,755,399,63,14948.367676,-3262.364419,3481.622803,1865.809268,0.000000,0.000000,0.000000,0.000000,0.000000,0.000000,0.000000,0.000000,0,0,0,0,0,0.000000,0.000000,0.000000
20260518_094954,2026-05-18 09:59:45,485,0.8509,1,500,120,100,20,15,20,20,679,312,69,17487.083008,-3805.811770,3088.901855,1941.653937,0.000000,0.000000,0.000000,0.000000,0.000000,0.000000,0.000000,0.000000,0,0,0,0,0,0.000000,0.000000,0.000000
20260518_094954,2026-05-18 09:59:46,486,0.8732,1,500,120,100,20,22,20,20,1149,604,64,15119.212402,-2892.377783,3282.133789,1916.040906,0.000000,0.000000,0.000000,0.000000,0.000000,0.000000,0.000000,0.000000,0,0,0,0,0,0.000000,0.000000,0.000000
20260518_094954,2026-05-18 09:59:48,487,0.8591,1,500,120,100,20,20,20,20,996,485,58,16306.666504,-2509.668449,4502.952637,1809.345129,0.000000,0.000000,0.000000,0.000000,0.000000,0.000000,0.000000,0.000000,0,0,0,0,0,0.000000,0.000000,0.000000
20260518_094954,2026-05-18 09:59:50,488,0.8472,1,500,120,100,20,17,20,20,994,575,76,15432.966309,-4094.290589,3692.670166,1971.331189,0.000000,0.000000,0.000000,0.000000,0.000000,0.000000,0.000000,0.000000,0,0,0,0,0,0.000000,0.000000,0.000000
20260518_094954,2026-05-18 09:59:51,489,0.8411,1,500,120,100,20,3,20,20,597,420,57,10570.079834,-2906.486710,3062.840088,1750.975958,0.000000,0.000000,0.000000,0.000000,0.000000,0.000000,0.000000,0.000000,0,0,0,0,0,0.000000,0.000000,0.000000
20260518_094954,2026-05-18 09:59:53,490,0.8532,1,500,120,100,20,2,20,20,452,295,39,11312.178711,-1432.228457,2870.212402,1539.277890,0.000000,0.000000,0.000000,0.000000,0.000000,0.000000,0.000000,0.000000,0,0,0,0,0,0.000000,0.000000,0.000000
20260518_094954,2026-05-18 09:59:54,491,0.8474,1,500,120,100,20,13,20,20,679,393,53,13908.313965,-2396.088291,3079.268311,1725.394937,0.000000,0.000000,0.000000,0.000000,0.000000,0.000000,0.000000,0.000000,0,0,0,0,0,0.000000,0.000000,0.000000
20260518_094954,2026-05-18 09:59:56,492,0.9064,1,500,120,100,20,12,20,20,804,434,51,13379.835938,-2058.333801,3067.094482,1727.801895,0.000000,0.000000,0.000000,0.000000,0.000000,0.000000,0.000000,0.000000,0,0,0,0,0,0.000000,0.000000,0.000000
20260518_094954,2026-05-18 09:59:58,493,0.8645,1,500,120,100,20,23,20,20,1076,585,54,16076.768066,-2044.862130,3495.718506,1814.284558,0.000000,0.000000,0.000000,0.000000,0.000000,0.000000,0.000000,0.000000,0,0,0,0,0,0.000000,0.000000,0.000000
20260518_094954,2026-05-18 09:59:59,494,0.8494,1,500,120,100,20,17,20,20,842,511,61,15087.042969,-2976.413802,3675.926270,1878.582715,0.000000,0.000000,0.000000,0.000000,0.000000,0.000000,0.000000,0.000000,0,0,0,0,0,0.000000,0.000000,0.000000
20260518_094954,2026-05-18 10:00:01,495,0.8717,1,500,120,100,20,23,20,20,1137,633,74,17033.057617,-3785.304584,3477.010254,1996.572314,0.000000,0.000000,0.000000,0.000000,0.000000,0.000000,0.000000,0.000000,0,0,0,0,0,0.000000,0.000000,0.000000
20260518_094954,2026-05-18 10:00:03,496,0.8674,1,500,120,100,20,13,20,20,819,506,47,15287.958008,-1753.712016,3274.085205,1647.555045,0.000000,0.000000,0.000000,0.000000,0.000000,0.000000,0.000000,0.000000,0,0,0,0,0,0.000000,0.000000,0.000000
20260518_094954,2026-05-18 10:00:04,497,0.8637,1,500,120,100,20,18,20,20,824,551,65,12868.314453,-3270.755083,3678.839844,1818.945807,0.000000,0.000000,0.000000,0.000000,0.000000,0.000000,0.000000,0.000000,0,0,0,0,0,0.000000,0.000000,0.000000
20260518_094954,2026-05-18 10:00:06,498,0.8667,1,500,120,100,20,12,20,20,798,524,59,11890.514648,-2775.377327,5880.987305,1813.557925,0.000000,0.000000,0.000000,0.000000,0.000000,0.000000,0.000000,0.000000,0,0,0,0,0,0.000000,0.000000,0.000000
20260518_094954,2026-05-18 10:00:07,499,0.8384,1,500,120,100,20,8,20,20,556,387,60,13725.156250,-3085.224703,4290.337402,1655.839240,0.000000,0.000000,0.000000,0.000000,0.000000,0.000000,0.000000,0.000000,0,0,0,0,0,0.000000,0.000000,0.000000
20260518_094954,2026-05-18 10:00:09,500,0.8561,1,500,120,100,20,13,20,20,750,418,54,14070.130859,-2384.822134,3080.358643,1768.514984,0.000000,0.000000,0.000000,0.000000,0.000000,0.000000,0.000000,0.000000,0,0,0,0,0,0.000000,0.000000,0.000000
20260518_094954,2026-05-18 10:00:11,501,0.9186,1,500,120,100,20,10,20,20,758,448,56,14006.162598,-2611.085784,3087.388184,1756.789853,0.000000,0.000000,0.000000,0.000000,0.000000,0.000000,0.000000,0.000000,0,0,0,0,0,0.000000,0.000000,0.000000
20260518_094954,2026-05-18 10:00:12,502,0.8868,1,500,120,100,20,12,20,20,890,380,36,16332.382324,-713.768819,2483.101074,1517.902423,0.000000,0.000000,0.000000,0.000000,0.000000,0.000000,0.000000,0.000000,0,0,0,0,0,0.000000,0.000000,0.000000
20260518_094954,2026-05-18 10:00:14,503,0.8759,1,500,120,100,20,17,20,20,896,654,61,14082.598633,-2826.689832,3498.621826,1839.207199,0.000000,0.000000,0.000000,0.000000,0.000000,0.000000,0.000000,0.000000,0,0,0,0,0,0.000000,0.000000,0.000000
20260518_094954,2026-05-18 10:00:15,504,0.8753,1,500,120,100,20,7,20,20,601,409,50,10986.198242,-2220.368220,3080.722656,1601.861548,0.000000,0.000000,0.000000,0.000000,0.000000,0.000000,0.000000,0.000000,0,0,0,0,0,0.000000,0.000000,0.000000
20260518_094954,2026-05-18 10:00:17,505,0.8789,1,500,120,100,20,17,20,20,1057,531,43,15268.185059,-1120.573042,2896.459717,1624.499725,0.000000,0.000000,0.000000,0.000000,0.000000,0.000000,0.000000,0.000000,0,0,0,0,0,0.000000,0.000000,0.000000
20260518_094954,2026-05-18 10:00:19,506,0.8627,1,500,120,100,20,15,20,20,1000,467,64,16691.804688,-3060.376805,3292.626465,1844.386588,0.000000,0.000000,0.000000,0.000000,0.000000,0.000000,0.000000,0.000000,0,0,0,0,0,0.000000,0.000000,0.000000
20260518_094954,2026-05-18 10:00:20,507,0.8583,1,500,120,100,20,16,20,20,784,523,63,14982.750977,-3168.514347,5514.148438,1877.400821,0.000000,0.000000,0.000000,0.000000,0.000000,0.000000,0.000000,0.000000,0,0,0,0,0,0.000000,0.000000,0.000000
20260518_094954,2026-05-18 10:00:22,508,0.8640,1,500,120,100,20,18,20,20,925,519,67,13790.278809,-3389.421712,4466.736328,1848.642511,0.000000,0.000000,0.000000,0.000000,0.000000,0.000000,0.000000,0.000000,0,0,0,0,0,0.000000,0.000000,0.000000
20260518_094954,2026-05-18 10:00:23,509,0.8682,1,500,120,100,20,10,20,20,743,453,50,11668.714355,-2056.337184,3890.006348,1679.016116,0.000000,0.000000,0.000000,0.000000,0.000000,0.000000,0.000000,0.000000,0,0,0,0,0,0.000000,0.000000,0.000000
20260518_094954,2026-05-18 10:00:25,510,0.9297,1,500,120,100,20,8,20,20,811,425,59,12536.686035,-2765.325678,3292.713623,1832.336810,0.000000,0.000000,0.000000,0.000000,0.000000,0.000000,0.000000,0.000000,0,0,0,0,0,0.000000,0.000000,0.000000
20260518_094954,2026-05-18 10:00:27,511,0.8724,1,500,120,100,20,15,20,20,815,512,70,13531.121094,-3762.727823,5497.158691,1949.255981,0.000000,0.000000,0.000000,0.000000,0.000000,0.000000,0.000000,0.000000,0,0,0,0,0,0.000000,0.000000,0.000000
20260518_094954,2026-05-18 10:00:28,512,0.8673,1,500,120,100,20,16,20,20,820,398,49,13676.588379,-1926.311688,2682.573975,1634.891751,0.000000,0.000000,0.000000,0.000000,0.000000,0.000000,0.000000,0.000000,0,0,0,0,0,0.000000,0.000000,0.000000
20260518_094954,2026-05-18 10:00:30,513,0.8624,1,500,120,100,20,10,20,20,717,439,64,13717.132812,-3313.681506,3670.886963,1835.997488,0.000000,0.000000,0.000000,0.000000,0.000000,0.000000,0.000000,0.000000,0,0,0,0,0,0.000000,0.000000,0.000000
20260518_094954,2026-05-18 10:00:32,514,0.9208,1,500,120,100,20,25,20,20,1148,517,59,16257.452637,-2466.159591,2875.500732,1841.065170,0.000000,0.000000,0.000000,0.000000,0.000000,0.000000,0.000000,0.000000,0,0,0,0,0,0.000000,0.000000,0.000000
20260518_094954,2026-05-18 10:00:33,515,0.8870,1,500,120,100,20,27,20,20,1176,554,43,17483.913574,-956.888749,2260.994141,1654.184326,0.000000,0.000000,0.000000,0.000000,0.000000,0.000000,0.000000,0.000000,0,0,0,0,0,0.000000,0.000000,0.000000
20260518_094954,2026-05-18 10:00:35,516,0.8798,1,500,120,100,20,25,20,20,997,498,34,15248.913574,-301.715365,2516.810547,1514.296558,0.000000,0.000000,0.000000,0.000000,0.000000,0.000000,0.000000,0.000000,0,0,0,0,0,0.000000,0.000000,0.000000
20260518_094954,2026-05-18 10:00:37,517,0.8582,1,500,120,100,20,7,20,20,647,349,45,14726.833496,-1662.521098,3282.671631,1549.449292,0.000000,0.000000,0.000000,0.000000,0.000000,0.000000,0.000000,0.000000,0,0,0,0,0,0.000000,0.000000,0.000000
20260518_094954,2026-05-18 10:00:38,518,0.8685,1,500,120,100,20,19,20,20,955,538,51,13796.265625,-1921.287504,2685.376465,1735.427255,0.000000,0.000000,0.000000,0.000000,0.000000,0.000000,0.000000,0.000000,0,0,0,0,0,0.000000,0.000000,0.000000
20260518_094954,2026-05-18 10:00:40,519,0.8733,1,500,120,100,20,8,20,20,624,344,41,14475.445312,-1363.304410,3267.760254,1604.221600,0.000000,0.000000,0.000000,0.000000,0.000000,0.000000,0.000000,0.000000,0,0,0,0,0,0.000000,0.000000,0.000000
20260518_094954,2026-05-18 10:00:41,520,0.8696,1,500,120,100,20,23,20,20,905,444,54,16900.784668,-2231.935065,2484.645264,1762.204520,0.000000,0.000000,0.000000,0.000000,0.000000,0.000000,0.000000,0.000000,0,0,0,0,0,0.000000,0.000000,0.000000
20260518_094954,2026-05-18 10:00:43,521,0.8667,1,500,120,100,20,14,20,20,707,366,51,12832.353027,-2221.683233,3080.695068,1734.296243,0.000000,0.000000,0.000000,0.000000,0.000000,0.000000,0.000000,0.000000,0,0,0,0,0,0.000000,0.000000,0.000000
20260518_094954,2026-05-18 10:00:45,522,0.8751,1,500,120,100,20,25,20,20,1043,492,47,16528.634766,-1430.411875,2467.966553,1697.125415,0.000000,0.000000,0.000000,0.000000,0.000000,0.000000,0.000000,0.000000,0,0,0,0,0,0.000000,0.000000,0.000000
20260518_094954,2026-05-18 10:00:46,523,0.9446,1,500,120,100,20,20,20,20,821,474,29,13114.857422,-66.494767,2675.714355,1539.813416,0.000000,0.000000,0.000000,0.000000,0.000000,0.000000,0.000000,0.000000,0,0,0,0,0,0.000000,0.000000,0.000000
20260518_094954,2026-05-18 10:00:48,524,0.8865,1,500,120,100,20,21,20,20,849,520,41,13365.210449,-1121.258842,4068.022461,1684.080292,0.000000,0.000000,0.000000,0.000000,0.000000,0.000000,0.000000,0.000000,0,0,0,0,0,0.000000,0.000000,0.000000
20260518_094954,2026-05-18 10:00:50,525,0.8655,1,500,120,100,20,5,20,20,503,358,47,13250.894531,-2037.060197,4282.382812,1718.617499,0.000000,0.000000,0.000000,0.000000,0.000000,0.000000,0.000000,0.000000,0,0,0,0,0,0.000000,0.000000,0.000000
20260518_094954,2026-05-18 10:00:51,526,0.8904,1,500,120,100,20,16,20,20,1165,632,49,16081.520996,-1462.468987,3070.313477,1712.591928,0.000000,0.000000,0.000000,0.000000,0.000000,0.000000,0.000000,0.000000,0,0,0,0,0,0.000000,0.000000,0.000000
20260518_094954,2026-05-18 10:00:53,527,0.8902,1,500,120,100,20,30,20,20,1319,744,58,16418.755859,-2173.206293,3480.903076,1838.514838,0.000000,0.000000,0.000000,0.000000,0.000000,0.000000,0.000000,0.000000,0,0,0,0,0,0.000000,0.000000,0.000000
20260518_094954,2026-05-18 10:00:55,528,0.8912,1,500,120,100,20,20,20,20,1086,554,41,16969.968750,-870.611802,2312.290527,1667.448285,0.000000,0.000000,0.000000,0.000000,0.000000,0.000000,0.000000,0.000000,0,0,0,0,0,0.000000,0.000000,0.000000
20260518_094954,2026-05-18 10:00:57,529,0.8767,1,500,120,100,20,15,20,20,791,417,56,13803.917969,-2559.144181,3308.683350,1815.321423,0.000000,0.000000,0.000000,0.000000,0.000000,0.000000,0.000000,0.000000,0,0,0,0,0,0.000000,0.000000,0.000000
20260518_094954,2026-05-18 10:00:58,530,0.9014,1,500,120,100,20,32,20,20,1202,709,52,15128.596680,-1679.788024,2696.737549,1804.750000,0.000000,0.000000,0.000000,0.000000,0.000000,0.000000,0.000000,0.000000,0,0,0,0,0,0.000000,0.000000,0.000000
20260518_094954,2026-05-18 10:01:00,531,0.8805,1,500,120,100,20,19,20,20,880,549,54,12915.729980,-2224.749552,3301.265137,1802.903339,0.000000,0.000000,0.000000,0.000000,0.000000,0.000000,0.000000,0.000000,0,0,0,0,0,0.000000,0.000000,0.000000
20260518_094954,2026-05-18 10:01:02,532,0.8796,1,500,120,100,20,14,20,20,908,660,49,11873.207031,-1698.696495,2494.007812,1777.683344,0.000000,0.000000,0.000000,0.000000,0.000000,0.000000,0.000000,0.000000,0,0,0,0,0,0.000000,0.000000,0.000000
20260518_094954,2026-05-18 10:01:03,533,0.8676,1,500,120,100,20,7,20,20,439,314,47,11187.278564,-2085.857998,3094.973389,1679.840851,0.000000,0.000000,0.000000,0.000000,0.000000,0.000000,0.000000,0.000000,0,0,0,0,0,0.000000,0.000000,0.000000
20260518_094954,2026-05-18 10:01:05,534,0.8845,1,500,120,100,20,11,20,20,737,385,51,13306.393555,-2139.040328,3104.753418,1795.914288,0.000000,0.000000,0.000000,0.000000,0.000000,0.000000,0.000000,0.000000,0,0,0,0,0,0.000000,0.000000,0.000000
20260518_094954,2026-05-18 10:01:07,535,0.8733,1,500,120,100,20,8,20,20,625,365,42,12939.869629,-1457.872218,3102.139160,1670.362842,0.000000,0.000000,0.000000,0.000000,0.000000,0.000000,0.000000,0.000000,0,0,0,0,0,0.000000,0.000000,0.000000
20260518_094954,2026-05-18 10:01:08,536,0.8906,1,500,120,100,20,23,20,20,1017,610,47,14399.682617,-1419.637949,3663.858154,1747.928351,0.000000,0.000000,0.000000,0.000000,0.000000,0.000000,0.000000,0.000000,0,0,0,0,0,0.000000,0.000000,0.000000
20260518_094954,2026-05-18 10:01:10,537,0.9248,1,500,120,100,20,10,20,20,860,475,56,14955.130371,-2514.200991,2888.224854,1837.693530,0.000000,0.000000,0.000000,0.000000,0.000000,0.000000,0.000000,0.000000,0,0,0,0,0,0.000000,0.000000,0.000000
20260518_094954,2026-05-18 10:01:12,538,0.8852,1,500,120,100,20,18,20,20,1118,558,43,16420.855469,-1009.123518,2674.171143,1706.307373,0.000000,0.000000,0.000000,0.000000,0.000000,0.000000,0.000000,0.000000,0,0,0,0,0,0.000000,0.000000,0.000000
20260518_094954,2026-05-18 10:01:13,539,0.8882,1,500,120,100,20,23,20,20,922,524,46,14290.963379,-1411.641942,3466.924072,1711.392340,0.000000,0.000000,0.000000,0.000000,0.000000,0.000000,0.000000,0.000000,0,0,0,0,0,0.000000,0.000000,0.000000
20260518_094954,2026-05-18 10:01:15,540,0.8494,1,500,120,100,20,7,20,20,557,344,59,15177.495117,-3079.999167,3484.274414,1836.659839,0.000000,0.000000,0.000000,0.000000,0.000000,0.000000,0.000000,0.000000,0,0,0,0,0,0.000000,0.000000,0.000000
20260518_094954,2026-05-18 10:01:17,541,0.8950,1,500,120,100,20,16,20,20,934,489,46,16745.207520,-1458.050540,2496.529541,1740.671466,0.000000,0.000000,0.000000,0.000000,0.000000,0.000000,0.000000,0.000000,0,0,0,0,0,0.000000,0.000000,0.000000
20260518_094954,2026-05-18 10:01:19,542,0.8793,1,500,120,100,20,5,20,20,468,289,33,10057.187012,-799.864474,2680.261230,1604.216864,0.000000,0.000000,0.000000,0.000000,0.000000,0.000000,0.000000,0.000000,0,0,0,0,0,0.000000,0.000000,0.000000
20260518_094954,2026-05-18 10:01:20,543,0.8790,1,500,120,100,20,22,20,20,1024,582,65,15073.262207,-3046.265261,3314.197266,1904.473492,0.000000,0.000000,0.000000,0.000000,0.000000,0.000000,0.000000,0.000000,0,0,0,0,0,0.000000,0.000000,0.000000
20260518_094954,2026-05-18 10:01:22,544,0.8783,1,500,120,100,20,13,20,20,832,480,52,14224.614746,-2157.356309,3660.459961,1795.875299,0.000000,0.000000,0.000000,0.000000,0.000000,0.000000,0.000000,0.000000,0,0,0,0,0,0.000000,0.000000,0.000000
20260518_094954,2026-05-18 10:01:24,545,0.8900,1,500,120,100,20,28,20,20,1159,674,47,14463.042480,-1299.588869,2720.315918,1734.608942,0.000000,0.000000,0.000000,0.000000,0.000000,0.000000,0.000000,0.000000,0,0,0,0,0,0.000000,0.000000,0.000000
20260518_094954,2026-05-18 10:01:25,546,0.8827,1,500,120,100,20,19,20,20,837,475,55,12429.028320,-2373.523178,2926.199951,1843.162000,0.000000,0.000000,0.000000,0.000000,0.000000,0.000000,0.000000,0.000000,0,0,0,0,0,0.000000,0.000000,0.000000
20260518_094954,2026-05-18 10:01:27,547,0.8797,1,500,120,100,20,14,20,20,732,369,56,14553.622070,-2616.279420,3079.146973,1835.544867,0.000000,0.000000,0.000000,0.000000,0.000000,0.000000,0.000000,0.000000,0,0,0,0,0,0.000000,0.000000,0.000000
20260518_094954,2026-05-18 10:01:29,548,0.9237,1,500,120,100,20,13,20,20,730,394,82,15443.406738,-4934.248497,3877.276367,2072.406720,0.000000,0.000000,0.000000,0.000000,0.000000,0.000000,0.000000,0.000000,0,0,0,0,0,0.000000,0.000000,0.000000
20260518_094954,2026-05-18 10:01:31,549,0.8846,1,500,120,100,20,8,20,20,763,420,60,13647.621582,-2946.175388,3273.723145,1852.449704,0.000000,0.000000,0.000000,0.000000,0.000000,0.000000,0.000000,0.000000,0,0,0,0,0,0.000000,0.000000,0.000000
20260518_094954,2026-05-18 10:01:32,550,0.8574,1,500,120,100,20,8,20,20,650,386,47,14101.713867,-1845.637907,2473.354004,1720.828204,0.000000,0.000000,0.000000,0.000000,0.000000,0.000000,0.000000,0.000000,0,0,0,0,0,0.000000,0.000000,0.000000
20260518_094954,2026-05-18 10:01:34,551,0.8521,1,500,120,100,20,3,20,20,479,281,48,12406.833496,-2164.568338,2876.481689,1702.165466,0.000000,0.000000,0.000000,0.000000,0.000000,0.000000,0.000000,0.000000,0,0,0,0,0,0.000000,0.000000,0.000000
20260518_094954,2026-05-18 10:01:36,552,0.8427,1,500,120,100,20,10,20,20,711,422,72,14387.500977,-4122.369545,3882.661133,1975.980524,0.000000,0.000000,0.000000,0.000000,0.000000,0.000000,0.000000,0.000000,0,0,0,0,0,0.000000,0.000000,0.000000
20260518_094954,2026-05-18 10:01:38,553,0.8596,1,500,120,100,20,7,20,20,700,437,53,15010.627930,-2340.264542,2866.996582,1805.816895,0.000000,0.000000,0.000000,0.000000,0.000000,0.000000,0.000000,0.000000,0,0,0,0,0,0.000000,0.000000,0.000000
20260518_094954,2026-05-18 10:01:39,554,0.8739,1,500,120,100,20,13,20,20,852,446,56,15238.555176,-2387.746654,3871.388672,1812.371124,0.000000,0.000000,0.000000,0.000000,0.000000,0.000000,0.000000,0.000000,0,0,0,0,0,0.000000,0.000000,0.000000
20260518_094954,2026-05-18 10:01:41,555,0.8690,1,500,120,100,20,13,20,20,831,496,70,12497.460449,-3674.944211,4893.883789,1985.588702,0.000000,0.000000,0.000000,0.000000,0.000000,0.000000,0.000000,0.000000,0,0,0,0,0,0.000000,0.000000,0.000000
20260518_094954,2026-05-18 10:01:43,556,0.8865,1,500,120,100,20,15,20,20,972,586,57,14973.126465,-2421.624978,4090.494141,1839.891992,0.000000,0.000000,0.000000,0.000000,0.000000,0.000000,0.000000,0.000000,0,0,0,0,0,0.000000,0.000000,0.000000
20260518_094954,2026-05-18 10:01:45,557,0.8734,1,500,120,100,20,23,20,20,903,574,54,14777.304688,-2188.518392,2912.963623,1756.217517,0.000000,0.000000,0.000000,0.000000,0.000000,0.000000,0.000000,0.000000,0,0,0,0,0,0.000000,0.000000,0.000000
20260518_094954,2026-05-18 10:01:47,558,0.8634,1,500,120,100,20,5,20,20,532,336,43,10673.052734,-1663.053214,2675.649902,1637.821136,0.000000,0.000000,0.000000,0.000000,0.000000,0.000000,0.000000,0.000000,0,0,0,0,0,0.000000,0.000000,0.000000
20260518_094954,2026-05-18 10:01:48,559,0.8598,1,500,120,100,20,6,20,20,576,348,47,12862.320801,-1988.797502,3688.833496,1663.590958,0.000000,0.000000,0.000000,0.000000,0.000000,0.000000,0.000000,0.000000,0,0,0,0,0,0.000000,0.000000,0.000000
20260518_094954,2026-05-18 10:01:50,560,0.8886,1,500,120,100,20,11,20,20,857,460,53,14858.845215,-2138.000453,3067.040771,1766.084427,0.000000,0.000000,0.000000,0.000000,0.000000,0.000000,0.000000,0.000000,0,0,0,0,0,0.000000,0.000000,0.000000
20260518_094954,2026-05-18 10:01:52,561,0.8859,1,500,120,100,20,8,20,20,709,426,57,13603.925293,-2666.126897,2903.535156,1850.060663,0.000000,0.000000,0.000000,0.000000,0.000000,0.000000,0.000000,0.000000,0,0,0,0,0,0.000000,0.000000,0.000000
20260518_094954,2026-05-18 10:01:54,562,0.8863,1,500,120,100,20,21,20,20,981,507,52,15912.648438,-1964.932789,3271.324951,1798.281750,0.000000,0.000000,0.000000,0.000000,0.000000,0.000000,0.000000,0.000000,0,0,0,0,0,0.000000,0.000000,0.000000
20260518_094954,2026-05-18 10:01:56,563,0.8812,1,500,120,100,20,15,20,20,722,412,52,14401.695801,-2156.881481,2722.223633,1748.455600,0.000000,0.000000,0.000000,0.000000,0.000000,0.000000,0.000000,0.000000,0,0,0,0,0,0.000000,0.000000,0.000000
20260518_094954,2026-05-18 10:01:57,564,0.8773,1,500,120,100,20,11,20,20,798,475,60,12973.449219,-2849.057246,2903.671387,1880.713580,0.000000,0.000000,0.000000,0.000000,0.000000,0.000000,0.000000,0.000000,0,0,0,0,0,0.000000,0.000000,0.000000
20260518_094954,2026-05-18 10:01:59,565,0.8630,1,500,120,100,20,6,20,20,560,321,72,11880.845703,-4256.937076,3501.457031,1992.426245,0.000000,0.000000,0.000000,0.000000,0.000000,0.000000,0.000000,0.000000,0,0,0,0,0,0.000000,0.000000,0.000000
20260518_094954,2026-05-18 10:02:01,566,0.9354,1,500,120,100,20,6,20,20,764,480,74,11415.383301,-4135.460925,4472.510742,1983.333203,0.000000,0.000000,0.000000,0.000000,0.000000,0.000000,0.000000,0.000000,0,0,0,0,0,0.000000,0.000000,0.000000
20260518_094954,2026-05-18 10:02:03,567,0.9057,1,500,120,100,20,8,20,20,752,480,60,12910.879883,-3000.759696,3504.659180,1891.611359,0.000000,0.000000,0.000000,0.000000,0.000000,0.000000,0.000000,0.000000,0,0,0,0,0,0.000000,0.000000,0.000000
20260518_094954,2026-05-18 10:02:05,568,0.9139,1,500,120,100,20,7,20,20,746,492,78,14647.123047,-4520.070480,4328.353516,2045.288290,0.000000,0.000000,0.000000,0.000000,0.000000,0.000000,0.000000,0.000000,0,0,0,0,0,0.000000,0.000000,0.000000
20260518_094954,2026-05-18 10:02:07,569,0.9063,1,500,120,100,20,3,20,20,733,397,68,14525.967773,-3736.434837,3507.019287,1935.882303,0.000000,0.000000,0.000000,0.000000,0.000000,0.000000,0.000000,0.000000,0,0,0,0,0,0.000000,0.000000,0.000000
20260518_094954,2026-05-18 10:02:09,570,0.9106,1,500,120,100,20,7,20,20,769,381,79,16289.043457,-4617.767517,3670.771729,2066.721130,0.000000,0.000000,0.000000,0.000000,0.000000,0.000000,0.000000,0.000000,0,0,0,0,0,0.000000,0.000000,0.000000
20260518_094954,2026-05-18 10:02:10,571,0.9525,1,500,120,100,20,17,20,20,892,472,68,14561.520020,-3497.996074,3468.947754,1912.529196,0.000000,0.000000,0.000000,0.000000,0.000000,0.000000,0.000000,0.000000,0,0,0,0,0,0.000000,0.000000,0.000000
20260518_094954,2026-05-18 10:02:12,572,0.8498,1,500,120,100,20,1,20,20,601,409,72,12292.180176,-4174.335980,5071.807617,1993.487903,0.000000,0.000000,0.000000,0.000000,0.000000,0.000000,0.000000,0.000000,0,0,0,0,0,0.000000,0.000000,0.000000
20260518_094954,2026-05-18 10:02:14,573,0.8319,1,500,120,100,20,5,20,20,715,412,96,11348.461914,-6230.891462,3704.843750,2239.459125,0.000000,0.000000,0.000000,0.000000,0.000000,0.000000,0.000000,0.000000,0,0,0,0,0,0.000000,0.000000,0.000000
20260518_094954,2026-05-18 10:02:16,574,0.8529,1,500,120,100,20,4,20,20,606,354,71,11870.226074,-4144.507219,3071.718750,1960.147992,0.000000,0.000000,0.000000,0.000000,0.000000,0.000000,0.000000,0.000000,0,0,0,0,0,0.000000,0.000000,0.000000
20260518_094954,2026-05-18 10:02:18,575,0.9394,1,500,120,100,20,4,20,20,613,371,69,13380.009766,-3873.350400,3488.964111,1921.655084,0.000000,0.000000,0.000000,0.000000,0.000000,0.000000,0.000000,0.000000,0,0,0,0,0,0.000000,0.000000,0.000000
20260518_094954,2026-05-18 10:02:20,576,0.9138,1,500,120,100,20,2,20,20,517,281,44,14380.442871,-1843.907298,2302.243896,1592.471457,0.000000,0.000000,0.000000,0.000000,0.000000,0.000000,0.000000,0.000000,0,0,0,0,0,0.000000,0.000000,0.000000
20260518_094954,2026-05-18 10:02:22,577,0.8797,1,500,120,100,20,1,20,20,412,231,64,11324.883057,-3674.764614,2881.752441,1865.665149,0.000000,0.000000,0.000000,0.000000,0.000000,0.000000,0.000000,0.000000,0,0,0,0,0,0.000000,0.000000,0.000000
20260518_094954,2026-05-18 10:02:23,578,0.9086,1,500,120,100,20,7,20,20,625,392,55,15504.182617,-2673.768134,3082.236816,1802.688742,0.000000,0.000000,0.000000,0.000000,0.000000,0.000000,0.000000,0.000000,0,0,0,0,0,0.000000,0.000000,0.000000
20260518_094954,2026-05-18 10:02:25,579,0.9341,1,500,120,100,20,4,20,20,598,379,62,12558.143066,-3263.220097,3693.407227,1875.068463,0.000000,0.000000,0.000000,0.000000,0.000000,0.000000,0.000000,0.000000,0,0,0,0,0,0.000000,0.000000,0.000000
20260518_094954,2026-05-18 10:02:27,580,0.8903,1,500,120,100,20,3,20,20,440,282,76,9935.450195,-4683.941426,4272.558105,2014.390582,0.000000,0.000000,0.000000,0.000000,0.000000,0.000000,0.000000,0.000000,0,0,0,0,0,0.000000,0.000000,0.000000
20260518_094954,2026-05-18 10:02:29,581,0.9102,1,500,120,100,20,3,20,20,511,218,56,14763.414551,-2878.119877,3071.058594,1717.648193,0.000000,0.000000,0.000000,0.000000,0.000000,0.000000,0.000000,0.000000,0,0,0,0,0,0.000000,0.000000,0.000000
20260518_094954,2026-05-18 10:02:31,582,0.9723,1,500,120,100,20,4,20,20,529,262,78,12006.563232,-4819.390474,3505.443115,1944.248267,0.000000,0.000000,0.000000,0.000000,0.000000,0.000000,0.000000,0.000000,0,0,0,0,0,0.000000,0.000000,0.000000
20260518_094954,2026-05-18 10:02:33,583,0.9132,1,500,120,100,20,1,20,20,549,294,66,12223.524902,-3754.976673,3078.455566,1865.004013,0.000000,0.000000,0.000000,0.000000,0.000000,0.000000,0.000000,0.000000,0,0,0,0,0,0.000000,0.000000,0.000000
20260518_094954,2026-05-18 10:02:35,584,0.8568,1,500,120,100,20,7,20,20,511,213,78,13805.791016,-4921.134741,4069.366699,1999.065997,0.000000,0.000000,0.000000,0.000000,0.000000,0.000000,0.000000,0.000000,0,0,0,0,0,0.000000,0.000000,0.000000
20260518_094954,2026-05-18 10:02:37,585,0.8560,1,500,120,100,20,5,20,20,669,346,79,11928.087402,-4734.894233,4683.716797,1901.714578,0.000000,0.000000,0.000000,0.000000,0.000000,0.000000,0.000000,0.000000,0,0,0,0,0,0.000000,0.000000,0.000000
20260518_094954,2026-05-18 10:02:39,586,0.8554,1,500,120,100,20,8,20,20,527,362,62,12202.420898,-3336.674479,2923.139160,1791.894547,0.000000,0.000000,0.000000,0.000000,0.000000,0.000000,0.000000,0.000000,0,0,0,0,0,0.000000,0.000000,0.000000
20260518_094954,2026-05-18 10:02:41,587,0.8791,1,500,120,100,20,11,20,20,728,420,62,15361.285645,-3093.709002,3273.614746,1797.605176,0.000000,0.000000,0.000000,0.000000,0.000000,0.000000,0.000000,0.000000,0,0,0,0,0,0.000000,0.000000,0.000000
20260518_094954,2026-05-18 10:02:42,588,0.8999,1,500,120,100,20,11,20,20,668,372,66,14035.799316,-3583.756612,3064.613037,1819.420496,0.000000,0.000000,0.000000,0.000000,0.000000,0.000000,0.000000,0.000000,0,0,0,0,0,0.000000,0.000000,0.000000
20260518_094954,2026-05-18 10:02:44,589,0.8437,1,500,120,100,20,5,20,20,651,271,61,14380.733398,-3175.777119,3083.724854,1747.228656,0.000000,0.000000,0.000000,0.000000,0.000000,0.000000,0.000000,0.000000,0,0,0,0,0,0.000000,0.000000,0.000000
20260518_094954,2026-05-18 10:02:46,590,0.8589,1,500,120,100,20,17,20,20,757,499,66,12145.693848,-3452.504702,3514.044434,1876.042703,0.000000,0.000000,0.000000,0.000000,0.000000,0.000000,0.000000,0.000000,0,0,0,0,0,0.000000,0.000000,0.000000
20260518_094954,2026-05-18 10:02:48,591,0.9597,1,500,120,100,20,2,20,20,494,340,41,9165.448914,-1509.765517,2693.390869,1463.395230,0.000000,0.000000,0.000000,0.000000,0.000000,0.000000,0.000000,0.000000,0,0,0,0,0,0.000000,0.000000,0.000000
20260518_094954,2026-05-18 10:02:50,592,0.9156,1,500,120,100,20,8,20,20,626,359,53,13980.076660,-2432.922634,2662.417480,1720.154788,0.000000,0.000000,0.000000,0.000000,0.000000,0.000000,0.000000,0.000000,0,0,0,0,0,0.000000,0.000000,0.000000
20260518_094954,2026-05-18 10:02:52,593,0.9472,1,500,120,100,20,21,20,20,1012,566,51,14809.528320,-1780.782620,2872.233643,1704.389755,0.000000,0.000000,0.000000,0.000000,0.000000,0.000000,0.000000,0.000000,0,0,0,0,0,0.000000,0.000000,0.000000
20260518_094954,2026-05-18 10:02:54,594,0.9649,1,500,120,100,20,9,20,20,762,417,62,12693.660400,-3069.633793,3468.382568,1753.919434,0.000000,0.000000,0.000000,0.000000,0.000000,0.000000,0.000000,0.000000,0,0,0,0,0,0.000000,0.000000,0.000000
